seed	tail_id	a	b	c	alpha	beta
1	0	2	3	4	6	5
1	1	2	3	5	7	9
1	2	2	3	6	9	4
1	3	2	3	7	8	9
1	4	2	3	8	5	4
1	5	2	3	9	6	4
1	6	2	3	10	5	11
1	7	2	3	11	5	6
1	8	2	3	12	11	7
1	9	2	4	3	9	5
1	10	2	4	5	8	6
1	11	2	4	6	7	8
1	12	2	4	7	3	5
1	13	2	4	8	9	11
1	14	2	4	9	7	3
1	15	2	4	10	9	6
1	16	2	4	11	7	10
1	17	2	4	12	10	8
1	18	2	5	3	4	10
1	19	2	5	4	8	3
1	20	2	5	6	12	7
1	21	2	5	7	4	11
1	22	2	5	8	7	10
1	23	2	5	9	6	8
1	24	2	5	10	8	7
1	25	2	5	11	6	7
1	26	2	5	12	11	9
1	27	2	6	3	9	10
1	28	2	6	4	9	7
1	29	2	6	5	7	11
1	30	2	6	7	10	5
1	31	2	6	8	10	7
1	32	2	6	9	11	7
1	33	2	6	10	5	7
1	34	2	6	11	7	12
1	35	2	6	12	8	11
1	36	2	7	3	10	4
1	37	2	7	4	9	6
1	38	2	7	5	8	9
1	39	2	7	6	11	5
1	40	2	7	8	10	4
1	41	2	7	9	6	8
1	42	2	7	10	6	5
1	43	2	7	11	12	3
1	44	2	7	12	10	6
1	45	2	8	3	11	7
1	46	2	8	4	7	6
1	47	2	8	5	7	10
1	48	2	8	6	12	7
1	49	2	8	7	12	11
1	50	2	8	9	12	5
1	51	2	8	10	6	7
1	52	2	8	11	9	6
1	53	2	8	12	5	3
1	54	2	9	3	11	6
1	55	2	9	4	8	12
1	56	2	9	5	6	4
1	57	2	9	6	5	3
1	58	2	9	7	11	4
1	59	2	9	8	7	12
1	60	2	9	10	11	5
1	61	2	9	11	10	8
1	62	2	9	12	5	10
1	63	2	10	3	4	11
1	64	2	10	4	11	8
1	65	2	10	5	3	6
1	66	2	10	6	9	5
1	67	2	10	7	12	8
1	68	2	10	8	3	7
1	69	2	10	9	3	6
1	70	2	10	11	7	6
1	71	2	10	12	7	6
1	72	2	11	3	8	4
1	73	2	11	4	10	6
1	74	2	11	5	10	6
1	75	2	11	6	5	3
1	76	2	11	7	10	8
1	77	2	11	8	5	12
1	78	2	11	9	4	3
1	79	2	11	10	6	12
1	80	2	11	12	5	9
1	81	2	12	3	9	5
1	82	2	12	4	9	7
1	83	2	12	5	7	3
1	84	2	12	6	3	11
1	85	2	12	7	10	5
1	86	2	12	8	5	7
1	87	2	12	9	5	4
1	88	2	12	10	9	8
1	89	2	12	11	4	9
1	90	3	2	4	11	9
1	91	3	2	5	9	10
1	92	3	2	6	12	11
1	93	3	2	7	12	10
1	94	3	2	8	4	5
1	95	3	2	9	12	10
1	96	3	2	10	4	12
1	97	3	2	11	6	7
1	98	3	2	12	11	9
1	99	3	4	2	5	8
1	100	3	4	5	2	11
1	101	3	4	6	8	10
1	102	3	4	7	6	12
1	103	3	4	8	7	12
1	104	3	4	9	2	7
1	105	3	4	10	11	12
1	106	3	4	11	10	6
1	107	3	4	12	11	2
1	108	3	5	2	6	8
1	109	3	5	4	10	7
1	110	3	5	6	7	9
1	111	3	5	7	10	2
1	112	3	5	8	6	2
1	113	3	5	9	2	11
1	114	3	5	10	7	4
1	115	3	5	11	4	7
1	116	3	5	12	10	8
1	117	3	6	2	5	12
1	118	3	6	4	5	11
1	119	3	6	5	12	2
1	120	3	6	7	5	2
1	121	3	6	8	9	11
1	122	3	6	9	11	5
1	123	3	6	10	11	2
1	124	3	6	11	12	5
1	125	3	6	12	4	2
1	126	3	7	2	11	4
1	127	3	7	4	10	11
1	128	3	7	5	10	8
1	129	3	7	6	8	2
1	130	3	7	8	11	10
1	131	3	7	9	2	6
1	132	3	7	10	6	11
1	133	3	7	11	2	9
1	134	3	7	12	10	11
1	135	3	8	2	11	9
1	136	3	8	4	10	12
1	137	3	8	5	2	7
1	138	3	8	6	12	2
1	139	3	8	7	11	12
1	140	3	8	9	2	4
1	141	3	8	10	12	7
1	142	3	8	11	5	9
1	143	3	8	12	9	10
1	144	3	9	2	11	7
1	145	3	9	4	11	12
1	146	3	9	5	7	10
1	147	3	9	6	8	5
1	148	3	9	7	8	11
1	149	3	9	8	7	11
1	150	3	9	10	11	4
1	151	3	9	11	2	10
1	152	3	9	12	4	5
1	153	3	10	2	9	8
1	154	3	10	4	11	8
1	155	3	10	5	2	6
1	156	3	10	6	12	2
1	157	3	10	7	4	6
1	158	3	10	8	9	7
1	159	3	10	9	11	8
1	160	3	10	11	8	12
1	161	3	10	12	7	11
1	162	3	11	2	4	10
1	163	3	11	4	9	2
1	164	3	11	5	6	9
1	165	3	11	6	12	10
1	166	3	11	7	6	2
1	167	3	11	8	9	12
1	168	3	11	9	10	5
1	169	3	11	10	12	5
1	170	3	11	12	2	9
1	171	3	12	2	4	9
1	172	3	12	4	11	9
1	173	3	12	5	9	7
1	174	3	12	6	11	9
1	175	3	12	7	2	11
1	176	3	12	8	5	10
1	177	3	12	9	6	7
1	178	3	12	10	2	8
1	179	3	12	11	10	4
1	180	4	2	3	9	5
1	181	4	2	5	3	7
1	182	4	2	6	3	11
1	183	4	2	7	3	5
1	184	4	2	8	9	12
1	185	4	2	9	10	3
1	186	4	2	10	5	6
1	187	4	2	11	12	8
1	188	4	2	12	3	7
1	189	4	3	2	9	8
1	190	4	3	5	6	11
1	191	4	3	6	10	11
1	192	4	3	7	6	10
1	193	4	3	8	2	11
1	194	4	3	9	5	2
1	195	4	3	10	12	2
1	196	4	3	11	9	10
1	197	4	3	12	6	11
1	198	4	5	2	6	7
1	199	4	5	3	2	11
1	200	4	5	6	10	11
1	201	4	5	7	11	6
1	202	4	5	8	11	6
1	203	4	5	9	3	8
1	204	4	5	10	9	7
1	205	4	5	11	10	9
1	206	4	5	12	7	11
1	207	4	6	2	8	9
1	208	4	6	3	10	5
1	209	4	6	5	12	7
1	210	4	6	7	9	12
1	211	4	6	8	12	2
1	212	4	6	9	8	5
1	213	4	6	10	3	2
1	214	4	6	11	7	5
1	215	4	6	12	11	9
1	216	4	7	2	11	3
1	217	4	7	3	10	5
1	218	4	7	5	9	10
1	219	4	7	6	12	3
1	220	4	7	8	10	3
1	221	4	7	9	10	11
1	222	4	7	10	2	12
1	223	4	7	11	12	5
1	224	4	7	12	8	2
1	225	4	8	2	10	3
1	226	4	8	3	12	6
1	227	4	8	5	7	11
1	228	4	8	6	12	3
1	229	4	8	7	9	5
1	230	4	8	9	12	2
1	231	4	8	10	3	9
1	232	4	8	11	2	10
1	233	4	8	12	2	9
1	234	4	9	2	3	8
1	235	4	9	3	6	8
1	236	4	9	5	7	11
1	237	4	9	6	10	12
1	238	4	9	7	2	6
1	239	4	9	8	5	12
1	240	4	9	10	3	12
1	241	4	9	11	2	10
1	242	4	9	12	8	2
1	243	4	10	2	9	6
1	244	4	10	3	6	8
1	245	4	10	5	2	3
1	246	4	10	6	5	9
1	247	4	10	7	6	12
1	248	4	10	8	2	9
1	249	4	10	9	11	7
1	250	4	10	11	8	7
1	251	4	10	12	7	6
1	252	4	11	2	9	7
1	253	4	11	3	12	5
1	254	4	11	5	6	12
1	255	4	11	6	2	8
1	256	4	11	7	10	8
1	257	4	11	8	5	6
1	258	4	11	9	12	3
1	259	4	11	10	9	3
1	260	4	11	12	10	9
1	261	4	12	2	6	5
1	262	4	12	3	9	6
1	263	4	12	5	10	9
1	264	4	12	6	3	11
1	265	4	12	7	8	5
1	266	4	12	8	6	10
1	267	4	12	9	8	6
1	268	4	12	10	6	3
1	269	4	12	11	3	7
1	270	5	2	3	12	4
1	271	5	2	4	6	10
1	272	5	2	6	11	3
1	273	5	2	7	6	9
1	274	5	2	8	10	12
1	275	5	2	9	11	6
1	276	5	2	10	12	9
1	277	5	2	11	10	12
1	278	5	2	12	11	4
1	279	5	3	2	9	7
1	280	5	3	4	6	2
1	281	5	3	6	10	8
1	282	5	3	7	8	4
1	283	5	3	8	11	6
1	284	5	3	9	11	7
1	285	5	3	10	7	9
1	286	5	3	11	2	12
1	287	5	3	12	2	10
1	288	5	4	2	6	8
1	289	5	4	3	2	11
1	290	5	4	6	9	11
1	291	5	4	7	6	9
1	292	5	4	8	10	3
1	293	5	4	9	11	8
1	294	5	4	10	3	12
1	295	5	4	11	10	2
1	296	5	4	12	9	10
1	297	5	6	2	9	11
1	298	5	6	3	4	12
1	299	5	6	4	9	2
1	300	5	6	7	2	4
1	301	5	6	8	10	9
1	302	5	6	9	3	4
1	303	5	6	10	11	4
1	304	5	6	11	3	9
1	305	5	6	12	10	4
1	306	5	7	2	11	4
1	307	5	7	3	8	6
1	308	5	7	4	10	9
1	309	5	7	6	12	4
1	310	5	7	8	4	2
1	311	5	7	9	6	12
1	312	5	7	10	9	12
1	313	5	7	11	2	6
1	314	5	7	12	4	3
1	315	5	8	2	7	3
1	316	5	8	3	10	4
1	317	5	8	4	9	10
1	318	5	8	6	9	3
1	319	5	8	7	6	11
1	320	5	8	9	6	12
1	321	5	8	10	6	12
1	322	5	8	11	7	10
1	323	5	8	12	7	2
1	324	5	9	2	3	12
1	325	5	9	3	8	2
1	326	5	9	4	8	6
1	327	5	9	6	8	7
1	328	5	9	7	8	10
1	329	5	9	8	7	3
1	330	5	9	10	2	4
1	331	5	9	11	4	12
1	332	5	9	12	3	4
1	333	5	10	2	8	11
1	334	5	10	3	9	4
1	335	5	10	4	7	6
1	336	5	10	6	3	11
1	337	5	10	7	6	3
1	338	5	10	8	11	4
1	339	5	10	9	4	11
1	340	5	10	11	2	6
1	341	5	10	12	6	3
1	342	5	11	2	4	12
1	343	5	11	3	9	12
1	344	5	11	4	10	2
1	345	5	11	6	7	2
1	346	5	11	7	6	9
1	347	5	11	8	9	7
1	348	5	11	9	3	10
1	349	5	11	10	4	9
1	350	5	11	12	4	7
1	351	5	12	2	10	8
1	352	5	12	3	10	9
1	353	5	12	4	9	11
1	354	5	12	6	7	10
1	355	5	12	7	4	2
1	356	5	12	8	9	4
1	357	5	12	9	2	11
1	358	5	12	10	9	8
1	359	5	12	11	9	3
1	360	6	2	3	12	11
1	361	6	2	4	3	5
1	362	6	2	5	3	4
1	363	6	2	7	9	8
1	364	6	2	8	3	7
1	365	6	2	9	11	7
1	366	6	2	10	7	9
1	367	6	2	11	3	5
1	368	6	2	12	9	4
1	369	6	3	2	10	5
1	370	6	3	4	11	7
1	371	6	3	5	12	8
1	372	6	3	7	11	2
1	373	6	3	8	12	10
1	374	6	3	9	10	2
1	375	6	3	10	8	5
1	376	6	3	11	7	4
1	377	6	3	12	5	9
1	378	6	4	2	11	7
1	379	6	4	3	8	7
1	380	6	4	5	3	2
1	381	6	4	7	9	2
1	382	6	4	8	10	7
1	383	6	4	9	12	7
1	384	6	4	10	7	11
1	385	6	4	11	10	3
1	386	6	4	12	11	10
1	387	6	5	2	12	11
1	388	6	5	3	9	2
1	389	6	5	4	3	10
1	390	6	5	7	11	4
1	391	6	5	8	4	7
1	392	6	5	9	2	11
1	393	6	5	10	9	12
1	394	6	5	11	12	4
1	395	6	5	12	7	8
1	396	6	7	2	11	3
1	397	6	7	3	10	12
1	398	6	7	4	12	8
1	399	6	7	5	8	10
1	400	6	7	8	9	5
1	401	6	7	9	4	3
1	402	6	7	10	3	4
1	403	6	7	11	9	5
1	404	6	7	12	10	8
1	405	6	8	2	12	3
1	406	6	8	3	5	9
1	407	6	8	4	9	7
1	408	6	8	5	9	7
1	409	6	8	7	4	3
1	410	6	8	9	11	12
1	411	6	8	10	9	7
1	412	6	8	11	3	12
1	413	6	8	12	7	10
1	414	6	9	2	5	7
1	415	6	9	3	2	12
1	416	6	9	4	8	5
1	417	6	9	5	4	7
1	418	6	9	7	3	10
1	419	6	9	8	5	4
1	420	6	9	10	3	7
1	421	6	9	11	3	8
1	422	6	9	12	8	3
1	423	6	10	2	8	4
1	424	6	10	3	2	11
1	425	6	10	4	2	3
1	426	6	10	5	11	3
1	427	6	10	7	5	2
1	428	6	10	8	12	9
1	429	6	10	9	3	8
1	430	6	10	11	2	4
1	431	6	10	12	9	4
1	432	6	11	2	5	4
1	433	6	11	3	7	12
1	434	6	11	4	10	7
1	435	6	11	5	8	7
1	436	6	11	7	10	5
1	437	6	11	8	7	9
1	438	6	11	9	7	8
1	439	6	11	10	9	3
1	440	6	11	12	10	5
1	441	6	12	2	10	8
1	442	6	12	3	2	7
1	443	6	12	4	10	7
1	444	6	12	5	10	8
1	445	6	12	7	5	9
1	446	6	12	8	4	11
1	447	6	12	9	5	11
1	448	6	12	10	2	4
1	449	6	12	11	5	9
1	450	7	2	3	5	8
1	451	7	2	4	12	3
1	452	7	2	5	8	9
1	453	7	2	6	9	10
1	454	7	2	8	10	5
1	455	7	2	9	8	11
1	456	7	2	10	11	4
1	457	7	2	11	3	9
1	458	7	2	12	6	10
1	459	7	3	2	5	11
1	460	7	3	4	8	12
1	461	7	3	5	11	8
1	462	7	3	6	8	10
1	463	7	3	8	12	4
1	464	7	3	9	12	8
1	465	7	3	10	12	2
1	466	7	3	11	4	8
1	467	7	3	12	2	6
1	468	7	4	2	12	11
1	469	7	4	3	8	2
1	470	7	4	5	9	2
1	471	7	4	6	5	2
1	472	7	4	8	5	2
1	473	7	4	9	10	8
1	474	7	4	10	6	11
1	475	7	4	11	3	12
1	476	7	4	12	8	5
1	477	7	5	2	9	6
1	478	7	5	3	12	8
1	479	7	5	4	12	6
1	480	7	5	6	4	10
1	481	7	5	8	2	3
1	482	7	5	9	8	12
1	483	7	5	10	12	8
1	484	7	5	11	6	4
1	485	7	5	12	2	10
1	486	7	6	2	11	8
1	487	7	6	3	5	9
1	488	7	6	4	8	12
1	489	7	6	5	3	8
1	490	7	6	8	11	2
1	491	7	6	9	4	11
1	492	7	6	10	11	4
1	493	7	6	11	8	5
1	494	7	6	12	11	3
1	495	7	8	2	6	9
1	496	7	8	3	6	9
1	497	7	8	4	5	3
1	498	7	8	5	3	6
1	499	7	8	6	11	12
1	500	7	8	9	11	5
1	501	7	8	10	12	11
1	502	7	8	11	9	6
1	503	7	8	12	3	6
1	504	7	9	2	4	12
1	505	7	9	3	10	4
1	506	7	9	4	5	6
1	507	7	9	5	11	6
1	508	7	9	6	3	8
1	509	7	9	8	10	12
1	510	7	9	10	8	12
1	511	7	9	11	12	8
1	512	7	9	12	11	2
1	513	7	10	2	5	9
1	514	7	10	3	11	4
1	515	7	10	4	3	9
1	516	7	10	5	9	12
1	517	7	10	6	8	3
1	518	7	10	8	6	4
1	519	7	10	9	2	12
1	520	7	10	11	5	4
1	521	7	10	12	5	4
1	522	7	11	2	9	4
1	523	7	11	3	10	12
1	524	7	11	4	6	9
1	525	7	11	5	3	6
1	526	7	11	6	8	9
1	527	7	11	8	5	3
1	528	7	11	9	12	5
1	529	7	11	10	8	9
1	530	7	11	12	6	8
1	531	7	12	2	11	9
1	532	7	12	3	6	4
1	533	7	12	4	3	8
1	534	7	12	5	9	3
1	535	7	12	6	10	4
1	536	7	12	8	9	2
1	537	7	12	9	10	4
1	538	7	12	10	9	4
1	539	7	12	11	2	9
1	540	8	2	3	7	4
1	541	8	2	4	9	5
1	542	8	2	5	12	6
1	543	8	2	6	9	3
1	544	8	2	7	4	10
1	545	8	2	9	3	11
1	546	8	2	10	4	5
1	547	8	2	11	9	5
1	548	8	2	12	5	3
1	549	8	3	2	4	11
1	550	8	3	4	5	6
1	551	8	3	5	12	9
1	552	8	3	6	5	4
1	553	8	3	7	11	4
1	554	8	3	9	6	4
1	555	8	3	10	11	2
1	556	8	3	11	6	9
1	557	8	3	12	4	2
1	558	8	4	2	10	9
1	559	8	4	3	10	6
1	560	8	4	5	10	2
1	561	8	4	6	11	7
1	562	8	4	7	3	11
1	563	8	4	9	12	10
1	564	8	4	10	2	9
1	565	8	4	11	3	12
1	566	8	4	12	5	6
1	567	8	5	2	9	7
1	568	8	5	3	2	12
1	569	8	5	4	6	12
1	570	8	5	6	3	7
1	571	8	5	7	12	4
1	572	8	5	9	11	4
1	573	8	5	10	2	4
1	574	8	5	11	7	3
1	575	8	5	12	11	6
1	576	8	6	2	3	10
1	577	8	6	3	12	9
1	578	8	6	4	10	5
1	579	8	6	5	4	3
1	580	8	6	7	9	2
1	581	8	6	9	3	7
1	582	8	6	10	9	12
1	583	8	6	11	5	3
1	584	8	6	12	7	11
1	585	8	7	2	5	10
1	586	8	7	3	10	5
1	587	8	7	4	2	3
1	588	8	7	5	3	11
1	589	8	7	6	5	10
1	590	8	7	9	2	5
1	591	8	7	10	5	4
1	592	8	7	11	5	6
1	593	8	7	12	2	3
1	594	8	9	2	4	6
1	595	8	9	3	7	6
1	596	8	9	4	7	3
1	597	8	9	5	11	6
1	598	8	9	6	11	5
1	599	8	9	7	11	10
1	600	8	9	10	7	3
1	601	8	9	11	2	3
1	602	8	9	12	11	10
1	603	8	10	2	4	3
1	604	8	10	3	4	5
1	605	8	10	4	11	6
1	606	8	10	5	6	12
1	607	8	10	6	3	9
1	608	8	10	7	4	2
1	609	8	10	9	6	11
1	610	8	10	11	9	7
1	611	8	10	12	9	5
1	612	8	11	2	9	5
1	613	8	11	3	5	6
1	614	8	11	4	9	12
1	615	8	11	5	6	4
1	616	8	11	6	4	2
1	617	8	11	7	6	2
1	618	8	11	9	10	3
1	619	8	11	10	9	5
1	620	8	11	12	6	4
1	621	8	12	2	10	3
1	622	8	12	3	2	10
1	623	8	12	4	9	6
1	624	8	12	5	3	10
1	625	8	12	6	4	2
1	626	8	12	7	11	5
1	627	8	12	9	5	2
1	628	8	12	10	5	9
1	629	8	12	11	9	5
1	630	9	2	3	6	10
1	631	9	2	4	7	11
1	632	9	2	5	10	6
1	633	9	2	6	3	8
1	634	9	2	7	5	3
1	635	9	2	8	4	6
1	636	9	2	10	4	3
1	637	9	2	11	10	7
1	638	9	2	12	4	8
1	639	9	3	2	7	8
1	640	9	3	4	12	7
1	641	9	3	5	10	12
1	642	9	3	6	11	4
1	643	9	3	7	11	5
1	644	9	3	8	12	10
1	645	9	3	10	12	4
1	646	9	3	11	6	5
1	647	9	3	12	8	5
1	648	9	4	2	7	12
1	649	9	4	3	11	5
1	650	9	4	5	6	11
1	651	9	4	6	2	11
1	652	9	4	7	5	8
1	653	9	4	8	11	10
1	654	9	4	10	3	11
1	655	9	4	11	7	12
1	656	9	4	12	10	7
1	657	9	5	2	4	6
1	658	9	5	3	6	4
1	659	9	5	4	2	6
1	660	9	5	6	7	4
1	661	9	5	7	8	3
1	662	9	5	8	12	2
1	663	9	5	10	6	8
1	664	9	5	11	7	6
1	665	9	5	12	3	2
1	666	9	6	2	4	12
1	667	9	6	3	11	12
1	668	9	6	4	5	3
1	669	9	6	5	7	2
1	670	9	6	7	12	11
1	671	9	6	8	5	7
1	672	9	6	10	2	4
1	673	9	6	11	12	3
1	674	9	6	12	3	10
1	675	9	7	2	11	12
1	676	9	7	3	10	4
1	677	9	7	4	11	2
1	678	9	7	5	8	10
1	679	9	7	6	10	5
1	680	9	7	8	11	5
1	681	9	7	10	3	6
1	682	9	7	11	4	3
1	683	9	7	12	8	5
1	684	9	8	2	3	12
1	685	9	8	3	7	11
1	686	9	8	4	12	2
1	687	9	8	5	4	11
1	688	9	8	6	4	10
1	689	9	8	7	12	3
1	690	9	8	10	4	6
1	691	9	8	11	5	12
1	692	9	8	12	11	5
1	693	9	10	2	6	7
1	694	9	10	3	6	2
1	695	9	10	4	2	12
1	696	9	10	5	11	12
1	697	9	10	6	4	5
1	698	9	10	7	5	3
1	699	9	10	8	5	12
1	700	9	10	11	2	6
1	701	9	10	12	2	8
1	702	9	11	2	6	4
1	703	9	11	3	6	12
1	704	9	11	4	7	10
1	705	9	11	5	8	6
1	706	9	11	6	4	12
1	707	9	11	7	5	8
1	708	9	11	8	2	5
1	709	9	11	10	12	7
1	710	9	11	12	3	6
1	711	9	12	2	11	10
1	712	9	12	3	4	2
1	713	9	12	4	11	7
1	714	9	12	5	2	8
1	715	9	12	6	11	5
1	716	9	12	7	11	8
1	717	9	12	8	2	6
1	718	9	12	10	6	4
1	719	9	12	11	4	5
1	720	10	2	3	5	7
1	721	10	2	4	3	6
1	722	10	2	5	4	7
1	723	10	2	6	9	8
1	724	10	2	7	8	3
1	725	10	2	8	7	6
1	726	10	2	9	7	12
1	727	10	2	11	3	6
1	728	10	2	12	3	8
1	729	10	3	2	8	11
1	730	10	3	4	11	9
1	731	10	3	5	9	12
1	732	10	3	6	9	12
1	733	10	3	7	9	2
1	734	10	3	8	7	11
1	735	10	3	9	6	8
1	736	10	3	11	5	7
1	737	10	3	12	2	9
1	738	10	4	2	3	7
1	739	10	4	3	7	8
1	740	10	4	5	8	12
1	741	10	4	6	9	3
1	742	10	4	7	8	3
1	743	10	4	8	6	5
1	744	10	4	9	6	7
1	745	10	4	11	12	3
1	746	10	4	12	7	5
1	747	10	5	2	6	4
1	748	10	5	3	7	9
1	749	10	5	4	7	12
1	750	10	5	6	11	2
1	751	10	5	7	2	9
1	752	10	5	8	11	2
1	753	10	5	9	12	6
1	754	10	5	11	3	7
1	755	10	5	12	11	2
1	756	10	6	2	8	12
1	757	10	6	3	9	8
1	758	10	6	4	8	2
1	759	10	6	5	2	4
1	760	10	6	7	3	4
1	761	10	6	8	5	9
1	762	10	6	9	8	2
1	763	10	6	11	9	2
1	764	10	6	12	8	9
1	765	10	7	2	6	11
1	766	10	7	3	11	2
1	767	10	7	4	6	9
1	768	10	7	5	8	2
1	769	10	7	6	5	4
1	770	10	7	8	3	12
1	771	10	7	9	8	5
1	772	10	7	11	12	3
1	773	10	7	12	2	6
1	774	10	8	2	11	5
1	775	10	8	3	6	5
1	776	10	8	4	9	3
1	777	10	8	5	6	9
1	778	10	8	6	2	11
1	779	10	8	7	2	11
1	780	10	8	9	7	3
1	781	10	8	11	7	12
1	782	10	8	12	6	4
1	783	10	9	2	6	5
1	784	10	9	3	11	6
1	785	10	9	4	11	12
1	786	10	9	5	8	6
1	787	10	9	6	5	12
1	788	10	9	7	2	12
1	789	10	9	8	6	5
1	790	10	9	11	7	4
1	791	10	9	12	3	6
1	792	10	11	2	9	5
1	793	10	11	3	2	9
1	794	10	11	4	12	9
1	795	10	11	5	6	2
1	796	10	11	6	3	9
1	797	10	11	7	5	3
1	798	10	11	8	2	7
1	799	10	11	9	2	4
1	800	10	11	12	3	9
1	801	10	12	2	5	11
1	802	10	12	3	11	8
1	803	10	12	4	3	2
1	804	10	12	5	7	6
1	805	10	12	6	8	3
1	806	10	12	7	6	2
1	807	10	12	8	6	7
1	808	10	12	9	3	11
1	809	10	12	11	9	7
1	810	11	2	3	7	5
1	811	11	2	4	12	6
1	812	11	2	5	7	6
1	813	11	2	6	7	5
1	814	11	2	7	6	12
1	815	11	2	8	3	9
1	816	11	2	9	4	6
1	817	11	2	10	5	4
1	818	11	2	12	6	3
1	819	11	3	2	10	4
1	820	11	3	4	8	6
1	821	11	3	5	4	9
1	822	11	3	6	10	4
1	823	11	3	7	4	5
1	824	11	3	8	10	5
1	825	11	3	9	8	2
1	826	11	3	10	4	8
1	827	11	3	12	7	8
1	828	11	4	2	3	8
1	829	11	4	3	10	9
1	830	11	4	5	6	8
1	831	11	4	6	3	5
1	832	11	4	7	12	5
1	833	11	4	8	5	2
1	834	11	4	9	6	12
1	835	11	4	10	8	5
1	836	11	4	12	8	6
1	837	11	5	2	6	10
1	838	11	5	3	4	2
1	839	11	5	4	6	3
1	840	11	5	6	8	4
1	841	11	5	7	8	2
1	842	11	5	8	3	12
1	843	11	5	9	3	8
1	844	11	5	10	4	6
1	845	11	5	12	6	4
1	846	11	6	2	5	3
1	847	11	6	3	4	2
1	848	11	6	4	10	9
1	849	11	6	5	7	12
1	850	11	6	7	3	5
1	851	11	6	8	2	4
1	852	11	6	9	3	4
1	853	11	6	10	2	4
1	854	11	6	12	3	7
1	855	11	7	2	9	12
1	856	11	7	3	2	10
1	857	11	7	4	3	2
1	858	11	7	5	2	4
1	859	11	7	6	2	10
1	860	11	7	8	9	12
1	861	11	7	9	12	5
1	862	11	7	10	8	12
1	863	11	7	12	6	3
1	864	11	8	2	3	10
1	865	11	8	3	4	6
1	866	11	8	4	2	3
1	867	11	8	5	12	7
1	868	11	8	6	2	9
1	869	11	8	7	6	10
1	870	11	8	9	5	12
1	871	11	8	10	2	7
1	872	11	8	12	6	7
1	873	11	9	2	3	4
1	874	11	9	3	6	5
1	875	11	9	4	8	10
1	876	11	9	5	12	6
1	877	11	9	6	8	2
1	878	11	9	7	6	8
1	879	11	9	8	10	4
1	880	11	9	10	5	4
1	881	11	9	12	4	7
1	882	11	10	2	5	12
1	883	11	10	3	8	7
1	884	11	10	4	3	12
1	885	11	10	5	6	8
1	886	11	10	6	12	9
1	887	11	10	7	9	8
1	888	11	10	8	2	6
1	889	11	10	9	3	2
1	890	11	10	12	2	7
1	891	11	12	2	5	3
1	892	11	12	3	10	6
1	893	11	12	4	10	3
1	894	11	12	5	6	9
1	895	11	12	6	9	3
1	896	11	12	7	9	10
1	897	11	12	8	6	4
1	898	11	12	9	8	5
1	899	11	12	10	7	3
1	900	12	2	3	4	9
1	901	12	2	4	5	11
1	902	12	2	5	3	6
1	903	12	2	6	7	8
1	904	12	2	7	11	8
1	905	12	2	8	3	6
1	906	12	2	9	4	10
1	907	12	2	10	3	9
1	908	12	2	11	9	6
1	909	12	3	2	6	4
1	910	12	3	4	5	9
1	911	12	3	5	11	4
1	912	12	3	6	8	4
1	913	12	3	7	9	5
1	914	12	3	8	5	2
1	915	12	3	9	10	7
1	916	12	3	10	7	6
1	917	12	3	11	7	6
1	918	12	4	2	6	9
1	919	12	4	3	7	10
1	920	12	4	5	6	11
1	921	12	4	6	11	7
1	922	12	4	7	6	9
1	923	12	4	8	10	2
1	924	12	4	9	7	3
1	925	12	4	10	6	9
1	926	12	4	11	6	8
1	927	12	5	2	10	6
1	928	12	5	3	11	10
1	929	12	5	4	8	9
1	930	12	5	6	9	11
1	931	12	5	7	11	2
1	932	12	5	8	6	4
1	933	12	5	9	10	7
1	934	12	5	10	6	9
1	935	12	5	11	2	8
1	936	12	6	2	4	3
1	937	12	6	3	5	7
1	938	12	6	4	8	3
1	939	12	6	5	9	3
1	940	12	6	7	9	8
1	941	12	6	8	3	5
1	942	12	6	9	2	5
1	943	12	6	10	3	4
1	944	12	6	11	8	7
1	945	12	7	2	6	10
1	946	12	7	3	9	8
1	947	12	7	4	3	5
1	948	12	7	5	11	4
1	949	12	7	6	3	4
1	950	12	7	8	3	9
1	951	12	7	9	2	3
1	952	12	7	10	5	9
1	953	12	7	11	2	8
1	954	12	8	2	11	5
1	955	12	8	3	7	9
1	956	12	8	4	2	9
1	957	12	8	5	7	10
1	958	12	8	6	9	11
1	959	12	8	7	11	4
1	960	12	8	9	2	3
1	961	12	8	10	4	11
1	962	12	8	11	10	9
1	963	12	9	2	7	4
1	964	12	9	3	8	10
1	965	12	9	4	2	7
1	966	12	9	5	8	2
1	967	12	9	6	5	8
1	968	12	9	7	11	6
1	969	12	9	8	4	3
1	970	12	9	10	6	8
1	971	12	9	11	3	6
1	972	12	10	2	5	11
1	973	12	10	3	11	5
1	974	12	10	4	5	3
1	975	12	10	5	4	11
1	976	12	10	6	2	8
1	977	12	10	7	3	8
1	978	12	10	8	11	2
1	979	12	10	9	3	4
1	980	12	10	11	5	9
1	981	12	11	2	9	6
1	982	12	11	3	6	4
1	983	12	11	4	8	5
1	984	12	11	5	3	6
1	985	12	11	6	7	4
1	986	12	11	7	10	9
1	987	12	11	8	4	6
1	988	12	11	9	3	7
1	989	12	11	10	4	5
6	0	2	3	4	5	11
6	1	2	3	5	9	10
6	2	2	3	6	11	4
6	3	2	3	7	10	6
6	4	2	3	8	10	7
6	5	2	3	9	5	7
6	6	2	3	10	12	11
6	7	2	3	11	7	5
6	8	2	3	12	9	7
6	9	2	4	3	10	12
6	10	2	4	5	12	11
6	11	2	4	6	8	7
6	12	2	4	7	12	8
6	13	2	4	8	6	11
6	14	2	4	9	10	8
6	15	2	4	10	3	7
6	16	2	4	11	5	12
6	17	2	4	12	7	5
6	18	2	5	3	4	9
6	19	2	5	4	10	12
6	20	2	5	6	8	7
6	21	2	5	7	8	3
6	22	2	5	8	4	12
6	23	2	5	9	8	4
6	24	2	5	10	7	3
6	25	2	5	11	3	8
6	26	2	5	12	6	7
6	27	2	6	3	5	11
6	28	2	6	4	8	9
6	29	2	6	5	10	7
6	30	2	6	7	3	8
6	31	2	6	8	9	4
6	32	2	6	9	7	11
6	33	2	6	10	4	3
6	34	2	6	11	3	5
6	35	2	6	12	4	7
6	36	2	7	3	9	11
6	37	2	7	4	12	5
6	38	2	7	5	4	6
6	39	2	7	6	11	10
6	40	2	7	8	9	10
6	41	2	7	9	8	10
6	42	2	7	10	11	8
6	43	2	7	11	5	9
6	44	2	7	12	5	11
6	45	2	8	3	6	12
6	46	2	8	4	11	3
6	47	2	8	5	4	12
6	48	2	8	6	3	7
6	49	2	8	7	11	12
6	50	2	8	9	6	7
6	51	2	8	10	5	6
6	52	2	8	11	4	10
6	53	2	8	12	11	6
6	54	2	9	3	8	12
6	55	2	9	4	7	5
6	56	2	9	5	3	6
6	57	2	9	6	3	4
6	58	2	9	7	10	12
6	59	2	9	8	4	11
6	60	2	9	10	7	4
6	61	2	9	11	5	3
6	62	2	9	12	10	7
6	63	2	10	3	7	9
6	64	2	10	4	11	3
6	65	2	10	5	4	11
6	66	2	10	6	11	12
6	67	2	10	7	9	6
6	68	2	10	8	11	3
6	69	2	10	9	4	11
6	70	2	10	11	8	3
6	71	2	10	12	11	7
6	72	2	11	3	5	6
6	73	2	11	4	3	5
6	74	2	11	5	3	10
6	75	2	11	6	9	3
6	76	2	11	7	8	3
6	77	2	11	8	9	7
6	78	2	11	9	3	4
6	79	2	11	10	4	9
6	80	2	11	12	7	6
6	81	2	12	3	7	9
6	82	2	12	4	8	10
6	83	2	12	5	4	6
6	84	2	12	6	10	9
6	85	2	12	7	11	9
6	86	2	12	8	7	4
6	87	2	12	9	5	3
6	88	2	12	10	4	8
6	89	2	12	11	10	9
6	90	3	2	4	8	11
6	91	3	2	5	10	8
6	92	3	2	6	7	9
6	93	3	2	7	9	12
6	94	3	2	8	12	11
6	95	3	2	9	7	4
6	96	3	2	10	8	11
6	97	3	2	11	10	7
6	98	3	2	12	6	9
6	99	3	4	2	5	12
6	100	3	4	5	2	8
6	101	3	4	6	2	10
6	102	3	4	7	6	12
6	103	3	4	8	5	10
6	104	3	4	9	8	5
6	105	3	4	10	6	9
6	106	3	4	11	10	9
6	107	3	4	12	10	2
6	108	3	5	2	6	10
6	109	3	5	4	11	6
6	110	3	5	6	4	10
6	111	3	5	7	6	9
6	112	3	5	8	4	10
6	113	3	5	9	4	6
6	114	3	5	10	7	4
6	115	3	5	11	9	2
6	116	3	5	12	2	11
6	117	3	6	2	4	10
6	118	3	6	4	5	11
6	119	3	6	5	8	9
6	120	3	6	7	12	4
6	121	3	6	8	11	7
6	122	3	6	9	8	5
6	123	3	6	10	5	4
6	124	3	6	11	12	10
6	125	3	6	12	11	5
6	126	3	7	2	5	4
6	127	3	7	4	2	11
6	128	3	7	5	6	9
6	129	3	7	6	5	9
6	130	3	7	8	2	5
6	131	3	7	9	6	8
6	132	3	7	10	2	6
6	133	3	7	11	8	12
6	134	3	7	12	10	2
6	135	3	8	2	7	12
6	136	3	8	4	7	12
6	137	3	8	5	7	9
6	138	3	8	6	5	4
6	139	3	8	7	4	2
6	140	3	8	9	7	10
6	141	3	8	10	4	7
6	142	3	8	11	5	9
6	143	3	8	12	11	7
6	144	3	9	2	7	5
6	145	3	9	4	12	11
6	146	3	9	5	8	2
6	147	3	9	6	5	10
6	148	3	9	7	11	4
6	149	3	9	8	10	4
6	150	3	9	10	11	8
6	151	3	9	11	4	10
6	152	3	9	12	2	8
6	153	3	10	2	11	7
6	154	3	10	4	5	8
6	155	3	10	5	12	9
6	156	3	10	6	9	12
6	157	3	10	7	5	11
6	158	3	10	8	6	12
6	159	3	10	9	6	12
6	160	3	10	11	12	6
6	161	3	10	12	2	11
6	162	3	11	2	7	6
6	163	3	11	4	2	5
6	164	3	11	5	4	7
6	165	3	11	6	9	2
6	166	3	11	7	12	8
6	167	3	11	8	2	5
6	168	3	11	9	8	10
6	169	3	11	10	2	6
6	170	3	11	12	10	2
6	171	3	12	2	7	5
6	172	3	12	4	10	5
6	173	3	12	5	2	10
6	174	3	12	6	9	10
6	175	3	12	7	5	4
6	176	3	12	8	7	4
6	177	3	12	9	5	4
6	178	3	12	10	7	4
6	179	3	12	11	9	7
6	180	4	2	3	6	7
6	181	4	2	5	10	9
6	182	4	2	6	11	9
6	183	4	2	7	12	6
6	184	4	2	8	11	6
6	185	4	2	9	12	7
6	186	4	2	10	8	5
6	187	4	2	11	10	6
6	188	4	2	12	11	8
6	189	4	3	2	11	12
6	190	4	3	5	10	9
6	191	4	3	6	9	10
6	192	4	3	7	9	6
6	193	4	3	8	6	9
6	194	4	3	9	11	2
6	195	4	3	10	7	12
6	196	4	3	11	6	5
6	197	4	3	12	6	8
6	198	4	5	2	7	3
6	199	4	5	3	8	2
6	200	4	5	6	12	11
6	201	4	5	7	9	2
6	202	4	5	8	9	12
6	203	4	5	9	7	10
6	204	4	5	10	7	3
6	205	4	5	11	2	12
6	206	4	5	12	6	3
6	207	4	6	2	11	7
6	208	4	6	3	11	10
6	209	4	6	5	12	3
6	210	4	6	7	5	9
6	211	4	6	8	9	2
6	212	4	6	9	12	10
6	213	4	6	10	7	12
6	214	4	6	11	8	5
6	215	4	6	12	7	10
6	216	4	7	2	11	12
6	217	4	7	3	6	5
6	218	4	7	5	2	6
6	219	4	7	6	12	3
6	220	4	7	8	11	12
6	221	4	7	9	12	2
6	222	4	7	10	5	6
6	223	4	7	11	8	12
6	224	4	7	12	5	3
6	225	4	8	2	6	10
6	226	4	8	3	12	5
6	227	4	8	5	7	11
6	228	4	8	6	5	7
6	229	4	8	7	3	6
6	230	4	8	9	11	10
6	231	4	8	10	6	12
6	232	4	8	11	3	9
6	233	4	8	12	2	3
6	234	4	9	2	7	11
6	235	4	9	3	2	12
6	236	4	9	5	7	12
6	237	4	9	6	11	7
6	238	4	9	7	2	10
6	239	4	9	8	7	3
6	240	4	9	10	2	7
6	241	4	9	11	10	2
6	242	4	9	12	8	3
6	243	4	10	2	7	6
6	244	4	10	3	8	6
6	245	4	10	5	3	8
6	246	4	10	6	3	12
6	247	4	10	7	9	8
6	248	4	10	8	12	11
6	249	4	10	9	5	12
6	250	4	10	11	9	3
6	251	4	10	12	8	5
6	252	4	11	2	10	8
6	253	4	11	3	6	10
6	254	4	11	5	12	6
6	255	4	11	6	10	9
6	256	4	11	7	3	6
6	257	4	11	8	3	2
6	258	4	11	9	7	3
6	259	4	11	10	3	5
6	260	4	11	12	9	2
6	261	4	12	2	10	7
6	262	4	12	3	6	5
6	263	4	12	5	3	11
6	264	4	12	6	5	2
6	265	4	12	7	6	3
6	266	4	12	8	2	7
6	267	4	12	9	6	2
6	268	4	12	10	8	11
6	269	4	12	11	2	6
6	270	5	2	3	8	10
6	271	5	2	4	9	8
6	272	5	2	6	4	10
6	273	5	2	7	8	11
6	274	5	2	8	3	9
6	275	5	2	9	4	11
6	276	5	2	10	7	12
6	277	5	2	11	12	9
6	278	5	2	12	6	9
6	279	5	3	2	9	8
6	280	5	3	4	11	8
6	281	5	3	6	9	4
6	282	5	3	7	6	12
6	283	5	3	8	11	2
6	284	5	3	9	2	8
6	285	5	3	10	11	7
6	286	5	3	11	9	2
6	287	5	3	12	10	4
6	288	5	4	2	11	8
6	289	5	4	3	7	2
6	290	5	4	6	7	12
6	291	5	4	7	2	8
6	292	5	4	8	9	12
6	293	5	4	9	6	3
6	294	5	4	10	8	7
6	295	5	4	11	12	8
6	296	5	4	12	2	7
6	297	5	6	2	10	9
6	298	5	6	3	8	11
6	299	5	6	4	8	7
6	300	5	6	7	8	9
6	301	5	6	8	9	7
6	302	5	6	9	8	3
6	303	5	6	10	4	9
6	304	5	6	11	9	12
6	305	5	6	12	9	11
6	306	5	7	2	11	6
6	307	5	7	3	12	8
6	308	5	7	4	6	12
6	309	5	7	6	12	3
6	310	5	7	8	6	12
6	311	5	7	9	3	8
6	312	5	7	10	11	3
6	313	5	7	11	10	4
6	314	5	7	12	8	2
6	315	5	8	2	6	7
6	316	5	8	3	9	6
6	317	5	8	4	12	10
6	318	5	8	6	11	2
6	319	5	8	7	3	4
6	320	5	8	9	4	7
6	321	5	8	10	3	2
6	322	5	8	11	3	9
6	323	5	8	12	9	10
6	324	5	9	2	4	10
6	325	5	9	3	6	11
6	326	5	9	4	7	8
6	327	5	9	6	10	11
6	328	5	9	7	8	12
6	329	5	9	8	4	11
6	330	5	9	10	2	8
6	331	5	9	11	12	6
6	332	5	9	12	3	7
6	333	5	10	2	3	4
6	334	5	10	3	6	11
6	335	5	10	4	12	7
6	336	5	10	6	8	12
6	337	5	10	7	12	3
6	338	5	10	8	6	2
6	339	5	10	9	6	7
6	340	5	10	11	4	9
6	341	5	10	12	8	2
6	342	5	11	2	3	7
6	343	5	11	3	4	10
6	344	5	11	4	2	7
6	345	5	11	6	2	12
6	346	5	11	7	3	2
6	347	5	11	8	10	2
6	348	5	11	9	12	6
6	349	5	11	10	2	3
6	350	5	11	12	6	7
6	351	5	12	2	11	4
6	352	5	12	3	4	8
6	353	5	12	4	2	11
6	354	5	12	6	10	8
6	355	5	12	7	2	8
6	356	5	12	8	2	11
6	357	5	12	9	4	7
6	358	5	12	10	7	9
6	359	5	12	11	10	8
6	360	6	2	3	12	8
6	361	6	2	4	3	11
6	362	6	2	5	12	4
6	363	6	2	7	11	3
6	364	6	2	8	10	5
6	365	6	2	9	11	3
6	366	6	2	10	7	8
6	367	6	2	11	8	4
6	368	6	2	12	9	3
6	369	6	3	2	4	5
6	370	6	3	4	9	10
6	371	6	3	5	11	12
6	372	6	3	7	9	8
6	373	6	3	8	12	4
6	374	6	3	9	5	11
6	375	6	3	10	2	7
6	376	6	3	11	5	9
6	377	6	3	12	5	4
6	378	6	4	2	5	10
6	379	6	4	3	2	7
6	380	6	4	5	8	12
6	381	6	4	7	12	9
6	382	6	4	8	11	3
6	383	6	4	9	2	3
6	384	6	4	10	3	8
6	385	6	4	11	2	7
6	386	6	4	12	3	9
6	387	6	5	2	10	12
6	388	6	5	3	12	8
6	389	6	5	4	11	2
6	390	6	5	7	8	11
6	391	6	5	8	11	7
6	392	6	5	9	4	3
6	393	6	5	10	11	7
6	394	6	5	11	10	8
6	395	6	5	12	11	2
6	396	6	7	2	12	4
6	397	6	7	3	2	9
6	398	6	7	4	3	2
6	399	6	7	5	9	11
6	400	6	7	8	5	10
6	401	6	7	9	5	2
6	402	6	7	10	8	2
6	403	6	7	11	2	8
6	404	6	7	12	10	8
6	405	6	8	2	5	12
6	406	6	8	3	9	12
6	407	6	8	4	2	7
6	408	6	8	5	11	2
6	409	6	8	7	10	5
6	410	6	8	9	2	3
6	411	6	8	10	12	2
6	412	6	8	11	7	9
6	413	6	8	12	10	9
6	414	6	9	2	5	4
6	415	6	9	3	11	10
6	416	6	9	4	12	10
6	417	6	9	5	3	7
6	418	6	9	7	2	8
6	419	6	9	8	12	10
6	420	6	9	10	4	7
6	421	6	9	11	12	2
6	422	6	9	12	7	4
6	423	6	10	2	7	5
6	424	6	10	3	7	5
6	425	6	10	4	11	7
6	426	6	10	5	9	7
6	427	6	10	7	2	3
6	428	6	10	8	11	2
6	429	6	10	9	11	5
6	430	6	10	11	12	9
6	431	6	10	12	7	2
6	432	6	11	2	12	10
6	433	6	11	3	12	8
6	434	6	11	4	7	3
6	435	6	11	5	2	3
6	436	6	11	7	8	4
6	437	6	11	8	12	10
6	438	6	11	9	4	7
6	439	6	11	10	2	4
6	440	6	11	12	5	7
6	441	6	12	2	10	8
6	442	6	12	3	11	2
6	443	6	12	4	9	10
6	444	6	12	5	10	11
6	445	6	12	7	8	11
6	446	6	12	8	5	2
6	447	6	12	9	8	7
6	448	6	12	10	7	3
6	449	6	12	11	3	9
6	450	7	2	3	8	12
6	451	7	2	4	11	10
6	452	7	2	5	3	4
6	453	7	2	6	5	12
6	454	7	2	8	10	6
6	455	7	2	9	5	3
6	456	7	2	10	11	8
6	457	7	2	11	4	10
6	458	7	2	12	8	11
6	459	7	3	2	11	5
6	460	7	3	4	5	12
6	461	7	3	5	2	12
6	462	7	3	6	5	10
6	463	7	3	8	9	11
6	464	7	3	9	2	6
6	465	7	3	10	6	2
6	466	7	3	11	10	8
6	467	7	3	12	2	6
6	468	7	4	2	3	11
6	469	7	4	3	5	6
6	470	7	4	5	3	11
6	471	7	4	6	2	10
6	472	7	4	8	10	5
6	473	7	4	9	6	10
6	474	7	4	10	6	9
6	475	7	4	11	2	9
6	476	7	4	12	10	5
6	477	7	5	2	11	6
6	478	7	5	3	4	12
6	479	7	5	4	12	9
6	480	7	5	6	2	10
6	481	7	5	8	11	6
6	482	7	5	9	6	12
6	483	7	5	10	8	2
6	484	7	5	11	3	12
6	485	7	5	12	9	2
6	486	7	6	2	5	8
6	487	7	6	3	10	5
6	488	7	6	4	2	5
6	489	7	6	5	3	12
6	490	7	6	8	3	10
6	491	7	6	9	11	4
6	492	7	6	10	9	3
6	493	7	6	11	2	5
6	494	7	6	12	10	5
6	495	7	8	2	3	10
6	496	7	8	3	9	4
6	497	7	8	4	9	12
6	498	7	8	5	4	9
6	499	7	8	6	9	11
6	500	7	8	9	5	6
6	501	7	8	10	11	12
6	502	7	8	11	3	12
6	503	7	8	12	11	2
6	504	7	9	2	6	10
6	505	7	9	3	4	5
6	506	7	9	4	2	8
6	507	7	9	5	2	11
6	508	7	9	6	4	2
6	509	7	9	8	4	12
6	510	7	9	10	12	11
6	511	7	9	11	4	3
6	512	7	9	12	8	6
6	513	7	10	2	3	8
6	514	7	10	3	8	9
6	515	7	10	4	5	9
6	516	7	10	5	8	12
6	517	7	10	6	12	5
6	518	7	10	8	3	11
6	519	7	10	9	11	3
6	520	7	10	11	2	6
6	521	7	10	12	8	6
6	522	7	11	2	9	4
6	523	7	11	3	6	9
6	524	7	11	4	3	12
6	525	7	11	5	4	2
6	526	7	11	6	12	9
6	527	7	11	8	3	12
6	528	7	11	9	2	3
6	529	7	11	10	8	6
6	530	7	11	12	2	4
6	531	7	12	2	8	4
6	532	7	12	3	4	8
6	533	7	12	4	6	8
6	534	7	12	5	2	8
6	535	7	12	6	8	10
6	536	7	12	8	10	6
6	537	7	12	9	3	4
6	538	7	12	10	8	2
6	539	7	12	11	10	3
6	540	8	2	3	6	10
6	541	8	2	4	7	3
6	542	8	2	5	3	6
6	543	8	2	6	12	3
6	544	8	2	7	5	11
6	545	8	2	9	10	11
6	546	8	2	10	7	6
6	547	8	2	11	4	6
6	548	8	2	12	4	10
6	549	8	3	2	10	6
6	550	8	3	4	12	11
6	551	8	3	5	4	2
6	552	8	3	6	12	5
6	553	8	3	7	6	5
6	554	8	3	9	10	4
6	555	8	3	10	5	12
6	556	8	3	11	5	2
6	557	8	3	12	2	11
6	558	8	4	2	3	5
6	559	8	4	3	5	9
6	560	8	4	5	3	2
6	561	8	4	6	9	11
6	562	8	4	7	11	12
6	563	8	4	9	5	7
6	564	8	4	10	3	9
6	565	8	4	11	2	7
6	566	8	4	12	9	3
6	567	8	5	2	12	10
6	568	8	5	3	10	7
6	569	8	5	4	12	10
6	570	8	5	6	4	7
6	571	8	5	7	12	9
6	572	8	5	9	10	2
6	573	8	5	10	3	12
6	574	8	5	11	3	7
6	575	8	5	12	3	2
6	576	8	6	2	11	7
6	577	8	6	3	10	5
6	578	8	6	4	7	9
6	579	8	6	5	4	7
6	580	8	6	7	10	12
6	581	8	6	9	7	4
6	582	8	6	10	12	5
6	583	8	6	11	12	9
6	584	8	6	12	2	7
6	585	8	7	2	5	4
6	586	8	7	3	11	4
6	587	8	7	4	10	5
6	588	8	7	5	12	6
6	589	8	7	6	10	3
6	590	8	7	9	5	2
6	591	8	7	10	5	6
6	592	8	7	11	12	5
6	593	8	7	12	9	10
6	594	8	9	2	10	7
6	595	8	9	3	4	7
6	596	8	9	4	11	10
6	597	8	9	5	12	11
6	598	8	9	6	11	4
6	599	8	9	7	2	12
6	600	8	9	10	3	4
6	601	8	9	11	12	10
6	602	8	9	12	7	5
6	603	8	10	2	9	7
6	604	8	10	3	6	7
6	605	8	10	4	7	12
6	606	8	10	5	7	9
6	607	8	10	6	7	4
6	608	8	10	7	11	12
6	609	8	10	9	12	11
6	610	8	10	11	7	2
6	611	8	10	12	3	5
6	612	8	11	2	4	10
6	613	8	11	3	10	4
6	614	8	11	4	6	7
6	615	8	11	5	3	7
6	616	8	11	6	4	7
6	617	8	11	7	6	3
6	618	8	11	9	10	6
6	619	8	11	10	12	4
6	620	8	11	12	10	6
6	621	8	12	2	6	4
6	622	8	12	3	2	11
6	623	8	12	4	9	10
6	624	8	12	5	3	10
6	625	8	12	6	9	7
6	626	8	12	7	11	6
6	627	8	12	9	6	4
6	628	8	12	10	2	9
6	629	8	12	11	5	3
6	630	9	2	3	11	7
6	631	9	2	4	7	3
6	632	9	2	5	3	6
6	633	9	2	6	8	11
6	634	9	2	7	8	12
6	635	9	2	8	5	3
6	636	9	2	10	4	8
6	637	9	2	11	3	12
6	638	9	2	12	8	4
6	639	9	3	2	5	8
6	640	9	3	4	7	8
6	641	9	3	5	8	6
6	642	9	3	6	12	5
6	643	9	3	7	11	2
6	644	9	3	8	2	11
6	645	9	3	10	7	6
6	646	9	3	11	4	6
6	647	9	3	12	8	4
6	648	9	4	2	11	3
6	649	9	4	3	2	11
6	650	9	4	5	11	3
6	651	9	4	6	11	2
6	652	9	4	7	2	3
6	653	9	4	8	3	11
6	654	9	4	10	2	12
6	655	9	4	11	6	2
6	656	9	4	12	11	5
6	657	9	5	2	11	6
6	658	9	5	3	8	4
6	659	9	5	4	10	12
6	660	9	5	6	12	10
6	661	9	5	7	6	8
6	662	9	5	8	12	7
6	663	9	5	10	6	7
6	664	9	5	11	2	6
6	665	9	5	12	11	7
6	666	9	6	2	10	3
6	667	9	6	3	7	12
6	668	9	6	4	12	3
6	669	9	6	5	3	4
6	670	9	6	7	11	3
6	671	9	6	8	10	12
6	672	9	6	10	8	3
6	673	9	6	11	7	10
6	674	9	6	12	4	2
6	675	9	7	2	3	12
6	676	9	7	3	4	6
6	677	9	7	4	6	10
6	678	9	7	5	10	2
6	679	9	7	6	5	11
6	680	9	7	8	6	10
6	681	9	7	10	3	6
6	682	9	7	11	3	10
6	683	9	7	12	4	10
6	684	9	8	2	4	5
6	685	9	8	3	7	4
6	686	9	8	4	6	2
6	687	9	8	5	4	10
6	688	9	8	6	7	2
6	689	9	8	7	4	2
6	690	9	8	10	3	5
6	691	9	8	11	5	2
6	692	9	8	12	11	4
6	693	9	10	2	12	8
6	694	9	10	3	5	7
6	695	9	10	4	3	12
6	696	9	10	5	12	8
6	697	9	10	6	12	4
6	698	9	10	7	6	8
6	699	9	10	8	2	5
6	700	9	10	11	2	8
6	701	9	10	12	8	3
6	702	9	11	2	4	12
6	703	9	11	3	7	10
6	704	9	11	4	7	6
6	705	9	11	5	3	6
6	706	9	11	6	7	10
6	707	9	11	7	5	4
6	708	9	11	8	2	5
6	709	9	11	10	3	8
6	710	9	11	12	7	10
6	711	9	12	2	11	10
6	712	9	12	3	10	5
6	713	9	12	4	10	2
6	714	9	12	5	8	11
6	715	9	12	6	10	11
6	716	9	12	7	3	4
6	717	9	12	8	6	7
6	718	9	12	10	2	5
6	719	9	12	11	8	3
6	720	10	2	3	4	5
6	721	10	2	4	9	12
6	722	10	2	5	12	3
6	723	10	2	6	11	4
6	724	10	2	7	12	8
6	725	10	2	8	3	6
6	726	10	2	9	8	11
6	727	10	2	11	8	4
6	728	10	2	12	11	7
6	729	10	3	2	11	4
6	730	10	3	4	11	2
6	731	10	3	5	2	7
6	732	10	3	6	12	8
6	733	10	3	7	9	4
6	734	10	3	8	9	6
6	735	10	3	9	2	8
6	736	10	3	11	12	5
6	737	10	3	12	6	2
6	738	10	4	2	11	9
6	739	10	4	3	11	9
6	740	10	4	5	2	11
6	741	10	4	6	3	8
6	742	10	4	7	8	6
6	743	10	4	8	7	2
6	744	10	4	9	5	2
6	745	10	4	11	3	7
6	746	10	4	12	5	3
6	747	10	5	2	9	6
6	748	10	5	3	2	7
6	749	10	5	4	2	3
6	750	10	5	6	11	4
6	751	10	5	7	8	12
6	752	10	5	8	9	6
6	753	10	5	9	7	2
6	754	10	5	11	6	4
6	755	10	5	12	9	2
6	756	10	6	2	7	5
6	757	10	6	3	7	11
6	758	10	6	4	5	11
6	759	10	6	5	3	11
6	760	10	6	7	11	5
6	761	10	6	8	12	11
6	762	10	6	9	3	7
6	763	10	6	11	9	5
6	764	10	6	12	11	2
6	765	10	7	2	12	3
6	766	10	7	3	6	12
6	767	10	7	4	6	9
6	768	10	7	5	6	11
6	769	10	7	6	11	5
6	770	10	7	8	2	4
6	771	10	7	9	11	5
6	772	10	7	11	3	8
6	773	10	7	12	5	9
6	774	10	8	2	5	12
6	775	10	8	3	6	2
6	776	10	8	4	2	12
6	777	10	8	5	11	3
6	778	10	8	6	5	12
6	779	10	8	7	12	2
6	780	10	8	9	5	7
6	781	10	8	11	5	3
6	782	10	8	12	2	7
6	783	10	9	2	12	3
6	784	10	9	3	8	4
6	785	10	9	4	5	11
6	786	10	9	5	2	12
6	787	10	9	6	11	12
6	788	10	9	7	12	6
6	789	10	9	8	12	4
6	790	10	9	11	4	6
6	791	10	9	12	3	7
6	792	10	11	2	7	5
6	793	10	11	3	12	7
6	794	10	11	4	3	9
6	795	10	11	5	3	7
6	796	10	11	6	4	7
6	797	10	11	7	5	4
6	798	10	11	8	5	9
6	799	10	11	9	4	12
6	800	10	11	12	8	9
6	801	10	12	2	4	11
6	802	10	12	3	9	8
6	803	10	12	4	7	11
6	804	10	12	5	3	7
6	805	10	12	6	7	9
6	806	10	12	7	6	8
6	807	10	12	8	6	5
6	808	10	12	9	2	4
6	809	10	12	11	2	4
6	810	11	2	3	6	8
6	811	11	2	4	10	8
6	812	11	2	5	3	7
6	813	11	2	6	8	10
6	814	11	2	7	8	10
6	815	11	2	8	3	9
6	816	11	2	9	3	7
6	817	11	2	10	6	12
6	818	11	2	12	6	3
6	819	11	3	2	5	7
6	820	11	3	4	6	8
6	821	11	3	5	8	12
6	822	11	3	6	9	4
6	823	11	3	7	4	6
6	824	11	3	8	12	9
6	825	11	3	9	4	12
6	826	11	3	10	5	4
6	827	11	3	12	4	2
6	828	11	4	2	6	3
6	829	11	4	3	9	5
6	830	11	4	5	10	7
6	831	11	4	6	2	8
6	832	11	4	7	10	6
6	833	11	4	8	3	9
6	834	11	4	9	7	2
6	835	11	4	10	5	3
6	836	11	4	12	10	3
6	837	11	5	2	8	7
6	838	11	5	3	4	7
6	839	11	5	4	12	8
6	840	11	5	6	9	3
6	841	11	5	7	2	4
6	842	11	5	8	2	9
6	843	11	5	9	2	8
6	844	11	5	10	7	12
6	845	11	5	12	8	6
6	846	11	6	2	5	4
6	847	11	6	3	4	9
6	848	11	6	4	3	8
6	849	11	6	5	7	9
6	850	11	6	7	2	3
6	851	11	6	8	2	9
6	852	11	6	9	4	7
6	853	11	6	10	12	7
6	854	11	6	12	7	10
6	855	11	7	2	8	5
6	856	11	7	3	9	10
6	857	11	7	4	9	6
6	858	11	7	5	2	9
6	859	11	7	6	12	8
6	860	11	7	8	2	4
6	861	11	7	9	2	5
6	862	11	7	10	4	8
6	863	11	7	12	10	6
6	864	11	8	2	9	7
6	865	11	8	3	6	10
6	866	11	8	4	7	2
6	867	11	8	5	9	2
6	868	11	8	6	12	3
6	869	11	8	7	2	4
6	870	11	8	9	5	4
6	871	11	8	10	7	2
6	872	11	8	12	10	6
6	873	11	9	2	3	8
6	874	11	9	3	4	8
6	875	11	9	4	2	12
6	876	11	9	5	2	3
6	877	11	9	6	12	2
6	878	11	9	7	5	2
6	879	11	9	8	2	10
6	880	11	9	10	8	7
6	881	11	9	12	5	3
6	882	11	10	2	3	4
6	883	11	10	3	12	5
6	884	11	10	4	6	8
6	885	11	10	5	9	2
6	886	11	10	6	8	12
6	887	11	10	7	6	8
6	888	11	10	8	3	4
6	889	11	10	9	2	5
6	890	11	10	12	3	6
6	891	11	12	2	3	8
6	892	11	12	3	9	8
6	893	11	12	4	5	7
6	894	11	12	5	3	8
6	895	11	12	6	10	4
6	896	11	12	7	6	5
6	897	11	12	8	4	10
6	898	11	12	9	8	4
6	899	11	12	10	5	7
6	900	12	2	3	6	9
6	901	12	2	4	5	8
6	902	12	2	5	10	7
6	903	12	2	6	5	7
6	904	12	2	7	3	6
6	905	12	2	8	7	10
6	906	12	2	9	11	8
6	907	12	2	10	7	5
6	908	12	2	11	3	9
6	909	12	3	2	4	8
6	910	12	3	4	7	10
6	911	12	3	5	10	4
6	912	12	3	6	5	8
6	913	12	3	7	5	8
6	914	12	3	8	7	9
6	915	12	3	9	4	6
6	916	12	3	10	2	6
6	917	12	3	11	4	6
6	918	12	4	2	8	5
6	919	12	4	3	7	11
6	920	12	4	5	8	10
6	921	12	4	6	11	3
6	922	12	4	7	3	2
6	923	12	4	8	3	11
6	924	12	4	9	7	10
6	925	12	4	10	3	11
6	926	12	4	11	8	2
6	927	12	5	2	6	8
6	928	12	5	3	7	6
6	929	12	5	4	8	10
6	930	12	5	6	11	7
6	931	12	5	7	9	2
6	932	12	5	8	10	9
6	933	12	5	9	4	7
6	934	12	5	10	2	4
6	935	12	5	11	8	10
6	936	12	6	2	10	8
6	937	12	6	3	5	7
6	938	12	6	4	3	11
6	939	12	6	5	2	11
6	940	12	6	7	8	9
6	941	12	6	8	10	5
6	942	12	6	9	3	5
6	943	12	6	10	7	4
6	944	12	6	11	5	9
6	945	12	7	2	5	8
6	946	12	7	3	2	6
6	947	12	7	4	2	5
6	948	12	7	5	9	8
6	949	12	7	6	5	2
6	950	12	7	8	3	4
6	951	12	7	9	2	4
6	952	12	7	10	4	8
6	953	12	7	11	3	4
6	954	12	8	2	4	10
6	955	12	8	3	10	5
6	956	12	8	4	5	10
6	957	12	8	5	3	6
6	958	12	8	6	7	11
6	959	12	8	7	2	5
6	960	12	8	9	7	10
6	961	12	8	10	4	3
6	962	12	8	11	4	3
6	963	12	9	2	3	11
6	964	12	9	3	7	4
6	965	12	9	4	5	6
6	966	12	9	5	4	10
6	967	12	9	6	8	3
6	968	12	9	7	10	4
6	969	12	9	8	7	2
6	970	12	9	10	7	6
6	971	12	9	11	10	6
6	972	12	10	2	7	5
6	973	12	10	3	6	2
6	974	12	10	4	5	9
6	975	12	10	5	9	2
6	976	12	10	6	3	9
6	977	12	10	7	2	6
6	978	12	10	8	9	2
6	979	12	10	9	5	3
6	980	12	10	11	5	7
6	981	12	11	2	5	4
6	982	12	11	3	7	8
6	983	12	11	4	10	8
6	984	12	11	5	8	7
6	985	12	11	6	7	8
6	986	12	11	7	4	5
6	987	12	11	8	4	6
6	988	12	11	9	8	6
6	989	12	11	10	7	2
17	0	2	3	4	7	5
17	1	2	3	5	9	4
17	2	2	3	6	11	10
17	3	2	3	7	6	5
17	4	2	3	8	11	9
17	5	2	3	9	8	10
17	6	2	3	10	7	11
17	7	2	3	11	5	10
17	8	2	3	12	11	7
17	9	2	4	3	12	9
17	10	2	4	5	6	8
17	11	2	4	6	8	3
17	12	2	4	7	12	6
17	13	2	4	8	9	10
17	14	2	4	9	3	12
17	15	2	4	10	9	6
17	16	2	4	11	10	6
17	17	2	4	12	8	6
17	18	2	5	3	9	11
17	19	2	5	4	6	3
17	20	2	5	6	9	12
17	21	2	5	7	11	10
17	22	2	5	8	12	7
17	23	2	5	9	8	12
17	24	2	5	10	3	9
17	25	2	5	11	9	4
17	26	2	5	12	6	9
17	27	2	6	3	8	7
17	28	2	6	4	12	3
17	29	2	6	5	8	7
17	30	2	6	7	11	5
17	31	2	6	8	9	3
17	32	2	6	9	10	7
17	33	2	6	10	3	12
17	34	2	6	11	7	4
17	35	2	6	12	11	9
17	36	2	7	3	5	11
17	37	2	7	4	8	6
17	38	2	7	5	3	8
17	39	2	7	6	5	9
17	40	2	7	8	5	10
17	41	2	7	9	8	10
17	42	2	7	10	12	11
17	43	2	7	11	12	10
17	44	2	7	12	3	5
17	45	2	8	3	12	5
17	46	2	8	4	10	6
17	47	2	8	5	9	12
17	48	2	8	6	3	5
17	49	2	8	7	10	6
17	50	2	8	9	10	6
17	51	2	8	10	11	9
17	52	2	8	11	3	12
17	53	2	8	12	4	5
17	54	2	9	3	6	7
17	55	2	9	4	12	6
17	56	2	9	5	12	6
17	57	2	9	6	8	4
17	58	2	9	7	12	4
17	59	2	9	8	11	3
17	60	2	9	10	6	5
17	61	2	9	11	6	5
17	62	2	9	12	11	3
17	63	2	10	3	5	4
17	64	2	10	4	11	7
17	65	2	10	5	11	8
17	66	2	10	6	7	4
17	67	2	10	7	4	6
17	68	2	10	8	6	4
17	69	2	10	9	8	5
17	70	2	10	11	9	12
17	71	2	10	12	7	6
17	72	2	11	3	9	8
17	73	2	11	4	6	5
17	74	2	11	5	4	3
17	75	2	11	6	9	8
17	76	2	11	7	6	4
17	77	2	11	8	5	7
17	78	2	11	9	6	12
17	79	2	11	10	3	4
17	80	2	11	12	3	6
17	81	2	12	3	9	4
17	82	2	12	4	6	7
17	83	2	12	5	11	7
17	84	2	12	6	8	4
17	85	2	12	7	10	5
17	86	2	12	8	11	7
17	87	2	12	9	3	11
17	88	2	12	10	9	5
17	89	2	12	11	9	5
17	90	3	2	4	8	7
17	91	3	2	5	10	4
17	92	3	2	6	10	12
17	93	3	2	7	11	5
17	94	3	2	8	9	12
17	95	3	2	9	4	5
17	96	3	2	10	11	6
17	97	3	2	11	6	4
17	98	3	2	12	4	10
17	99	3	4	2	5	6
17	100	3	4	5	11	8
17	101	3	4	6	10	7
17	102	3	4	7	11	8
17	103	3	4	8	11	6
17	104	3	4	9	12	5
17	105	3	4	10	8	11
17	106	3	4	11	7	5
17	107	3	4	12	8	9
17	108	3	5	2	10	9
17	109	3	5	4	7	6
17	110	3	5	6	10	7
17	111	3	5	7	9	10
17	112	3	5	8	2	7
17	113	3	5	9	4	11
17	114	3	5	10	4	9
17	115	3	5	11	4	8
17	116	3	5	12	4	8
17	117	3	6	2	11	7
17	118	3	6	4	8	7
17	119	3	6	5	11	7
17	120	3	6	7	2	11
17	121	3	6	8	5	10
17	122	3	6	9	5	11
17	123	3	6	10	2	7
17	124	3	6	11	4	7
17	125	3	6	12	10	4
17	126	3	7	2	6	10
17	127	3	7	4	9	8
17	128	3	7	5	6	10
17	129	3	7	6	10	12
17	130	3	7	8	2	4
17	131	3	7	9	4	8
17	132	3	7	10	2	5
17	133	3	7	11	9	12
17	134	3	7	12	2	6
17	135	3	8	2	11	10
17	136	3	8	4	7	10
17	137	3	8	5	6	2
17	138	3	8	6	5	2
17	139	3	8	7	11	5
17	140	3	8	9	4	5
17	141	3	8	10	2	6
17	142	3	8	11	7	12
17	143	3	8	12	11	5
17	144	3	9	2	5	12
17	145	3	9	4	12	8
17	146	3	9	5	8	7
17	147	3	9	6	2	4
17	148	3	9	7	5	6
17	149	3	9	8	4	10
17	150	3	9	10	6	5
17	151	3	9	11	6	8
17	152	3	9	12	5	7
17	153	3	10	2	9	6
17	154	3	10	4	12	7
17	155	3	10	5	9	8
17	156	3	10	6	8	7
17	157	3	10	7	4	11
17	158	3	10	8	12	11
17	159	3	10	9	5	2
17	160	3	10	11	12	2
17	161	3	10	12	6	8
17	162	3	11	2	7	5
17	163	3	11	4	12	8
17	164	3	11	5	7	2
17	165	3	11	6	5	2
17	166	3	11	7	6	8
17	167	3	11	8	6	12
17	168	3	11	9	6	4
17	169	3	11	10	9	8
17	170	3	11	12	4	10
17	171	3	12	2	9	11
17	172	3	12	4	5	6
17	173	3	12	5	6	11
17	174	3	12	6	9	5
17	175	3	12	7	2	5
17	176	3	12	8	5	6
17	177	3	12	9	8	2
17	178	3	12	10	7	4
17	179	3	12	11	8	6
17	180	4	2	3	7	9
17	181	4	2	5	11	9
17	182	4	2	6	8	11
17	183	4	2	7	6	11
17	184	4	2	8	11	9
17	185	4	2	9	12	5
17	186	4	2	10	8	7
17	187	4	2	11	3	5
17	188	4	2	12	11	9
17	189	4	3	2	10	12
17	190	4	3	5	12	7
17	191	4	3	6	11	8
17	192	4	3	7	12	6
17	193	4	3	8	6	9
17	194	4	3	9	12	11
17	195	4	3	10	2	12
17	196	4	3	11	7	6
17	197	4	3	12	10	6
17	198	4	5	2	6	12
17	199	4	5	3	9	8
17	200	4	5	6	12	2
17	201	4	5	7	11	8
17	202	4	5	8	10	9
17	203	4	5	9	10	2
17	204	4	5	10	11	3
17	205	4	5	11	10	3
17	206	4	5	12	7	6
17	207	4	6	2	8	11
17	208	4	6	3	10	7
17	209	4	6	5	8	7
17	210	4	6	7	5	2
17	211	4	6	8	7	2
17	212	4	6	9	8	10
17	213	4	6	10	8	9
17	214	4	6	11	10	9
17	215	4	6	12	11	10
17	216	4	7	2	11	9
17	217	4	7	3	5	2
17	218	4	7	5	11	12
17	219	4	7	6	10	2
17	220	4	7	8	2	10
17	221	4	7	9	2	11
17	222	4	7	10	8	5
17	223	4	7	11	3	8
17	224	4	7	12	2	8
17	225	4	8	2	10	9
17	226	4	8	3	5	10
17	227	4	8	5	7	6
17	228	4	8	6	2	7
17	229	4	8	7	3	12
17	230	4	8	9	2	3
17	231	4	8	10	12	9
17	232	4	8	11	7	5
17	233	4	8	12	7	11
17	234	4	9	2	11	12
17	235	4	9	3	5	12
17	236	4	9	5	11	10
17	237	4	9	6	3	12
17	238	4	9	7	3	5
17	239	4	9	8	5	11
17	240	4	9	10	2	8
17	241	4	9	11	7	6
17	242	4	9	12	2	6
17	243	4	10	2	9	11
17	244	4	10	3	2	7
17	245	4	10	5	12	7
17	246	4	10	6	3	7
17	247	4	10	7	2	5
17	248	4	10	8	7	12
17	249	4	10	9	8	3
17	250	4	10	11	8	9
17	251	4	10	12	6	2
17	252	4	11	2	6	5
17	253	4	11	3	10	8
17	254	4	11	5	7	6
17	255	4	11	6	8	2
17	256	4	11	7	8	5
17	257	4	11	8	9	6
17	258	4	11	9	12	3
17	259	4	11	10	2	3
17	260	4	11	12	8	7
17	261	4	12	2	5	10
17	262	4	12	3	9	6
17	263	4	12	5	11	9
17	264	4	12	6	9	8
17	265	4	12	7	8	6
17	266	4	12	8	6	5
17	267	4	12	9	3	10
17	268	4	12	10	8	7
17	269	4	12	11	3	2
17	270	5	2	3	9	4
17	271	5	2	4	7	9
17	272	5	2	6	4	3
17	273	5	2	7	11	4
17	274	5	2	8	7	3
17	275	5	2	9	12	7
17	276	5	2	10	11	3
17	277	5	2	11	3	6
17	278	5	2	12	9	4
17	279	5	3	2	11	10
17	280	5	3	4	10	11
17	281	5	3	6	12	2
17	282	5	3	7	6	9
17	283	5	3	8	12	2
17	284	5	3	9	10	2
17	285	5	3	10	8	4
17	286	5	3	11	7	10
17	287	5	3	12	10	6
17	288	5	4	2	10	9
17	289	5	4	3	11	6
17	290	5	4	6	10	7
17	291	5	4	7	3	10
17	292	5	4	8	7	11
17	293	5	4	9	3	6
17	294	5	4	10	9	2
17	295	5	4	11	10	9
17	296	5	4	12	3	10
17	297	5	6	2	9	4
17	298	5	6	3	7	4
17	299	5	6	4	2	11
17	300	5	6	7	9	10
17	301	5	6	8	2	4
17	302	5	6	9	7	3
17	303	5	6	10	9	7
17	304	5	6	11	12	9
17	305	5	6	12	8	4
17	306	5	7	2	12	6
17	307	5	7	3	11	8
17	308	5	7	4	11	6
17	309	5	7	6	4	8
17	310	5	7	8	12	6
17	311	5	7	9	2	11
17	312	5	7	10	12	8
17	313	5	7	11	2	10
17	314	5	7	12	4	2
17	315	5	8	2	11	12
17	316	5	8	3	11	6
17	317	5	8	4	3	11
17	318	5	8	6	4	2
17	319	5	8	7	12	6
17	320	5	8	9	3	12
17	321	5	8	10	6	4
17	322	5	8	11	9	6
17	323	5	8	12	6	4
17	324	5	9	2	7	11
17	325	5	9	3	12	6
17	326	5	9	4	6	12
17	327	5	9	6	12	4
17	328	5	9	7	2	6
17	329	5	9	8	4	6
17	330	5	9	10	8	4
17	331	5	9	11	12	2
17	332	5	9	12	6	4
17	333	5	10	2	11	9
17	334	5	10	3	7	2
17	335	5	10	4	6	9
17	336	5	10	6	11	3
17	337	5	10	7	2	11
17	338	5	10	8	9	12
17	339	5	10	9	11	3
17	340	5	10	11	2	3
17	341	5	10	12	11	6
17	342	5	11	2	9	6
17	343	5	11	3	12	8
17	344	5	11	4	9	10
17	345	5	11	6	7	8
17	346	5	11	7	9	8
17	347	5	11	8	2	6
17	348	5	11	9	6	7
17	349	5	11	10	9	6
17	350	5	11	12	8	3
17	351	5	12	2	9	6
17	352	5	12	3	7	10
17	353	5	12	4	7	11
17	354	5	12	6	11	9
17	355	5	12	7	3	6
17	356	5	12	8	2	6
17	357	5	12	9	11	4
17	358	5	12	10	8	4
17	359	5	12	11	4	6
17	360	6	2	3	4	11
17	361	6	2	4	11	7
17	362	6	2	5	8	3
17	363	6	2	7	12	11
17	364	6	2	8	12	7
17	365	6	2	9	12	4
17	366	6	2	10	11	8
17	367	6	2	11	8	4
17	368	6	2	12	5	3
17	369	6	3	2	9	8
17	370	6	3	4	12	7
17	371	6	3	5	8	4
17	372	6	3	7	12	4
17	373	6	3	8	5	2
17	374	6	3	9	2	5
17	375	6	3	10	4	12
17	376	6	3	11	10	4
17	377	6	3	12	9	7
17	378	6	4	2	11	3
17	379	6	4	3	5	11
17	380	6	4	5	11	3
17	381	6	4	7	8	9
17	382	6	4	8	10	3
17	383	6	4	9	2	3
17	384	6	4	10	8	5
17	385	6	4	11	12	10
17	386	6	4	12	8	10
17	387	6	5	2	7	8
17	388	6	5	3	8	11
17	389	6	5	4	2	7
17	390	6	5	7	11	3
17	391	6	5	8	12	10
17	392	6	5	9	3	7
17	393	6	5	10	8	9
17	394	6	5	11	8	10
17	395	6	5	12	4	10
17	396	6	7	2	12	9
17	397	6	7	3	10	4
17	398	6	7	4	11	8
17	399	6	7	5	2	10
17	400	6	7	8	5	2
17	401	6	7	9	3	8
17	402	6	7	10	9	3
17	403	6	7	11	2	10
17	404	6	7	12	4	2
17	405	6	8	2	11	4
17	406	6	8	3	4	10
17	407	6	8	4	3	11
17	408	6	8	5	2	9
17	409	6	8	7	11	2
17	410	6	8	9	10	4
17	411	6	8	10	4	12
17	412	6	8	11	7	10
17	413	6	8	12	4	11
17	414	6	9	2	12	10
17	415	6	9	3	12	7
17	416	6	9	4	10	7
17	417	6	9	5	2	12
17	418	6	9	7	11	4
17	419	6	9	8	11	10
17	420	6	9	10	2	4
17	421	6	9	11	12	10
17	422	6	9	12	10	5
17	423	6	10	2	8	4
17	424	6	10	3	8	7
17	425	6	10	4	12	3
17	426	6	10	5	9	8
17	427	6	10	7	3	5
17	428	6	10	8	9	5
17	429	6	10	9	5	8
17	430	6	10	11	4	9
17	431	6	10	12	2	9
17	432	6	11	2	12	5
17	433	6	11	3	12	9
17	434	6	11	4	3	10
17	435	6	11	5	4	3
17	436	6	11	7	3	12
17	437	6	11	8	12	3
17	438	6	11	9	5	2
17	439	6	11	10	8	5
17	440	6	11	12	5	8
17	441	6	12	2	5	7
17	442	6	12	3	5	9
17	443	6	12	4	2	9
17	444	6	12	5	7	8
17	445	6	12	7	9	5
17	446	6	12	8	11	10
17	447	6	12	9	5	4
17	448	6	12	10	3	7
17	449	6	12	11	10	2
17	450	7	2	3	8	9
17	451	7	2	4	8	10
17	452	7	2	5	8	11
17	453	7	2	6	12	4
17	454	7	2	8	6	12
17	455	7	2	9	3	12
17	456	7	2	10	9	6
17	457	7	2	11	4	9
17	458	7	2	12	5	9
17	459	7	3	2	8	11
17	460	7	3	4	6	10
17	461	7	3	5	8	12
17	462	7	3	6	5	11
17	463	7	3	8	6	12
17	464	7	3	9	4	2
17	465	7	3	10	8	2
17	466	7	3	11	4	5
17	467	7	3	12	8	2
17	468	7	4	2	11	8
17	469	7	4	3	12	2
17	470	7	4	5	10	2
17	471	7	4	6	8	12
17	472	7	4	8	5	11
17	473	7	4	9	12	5
17	474	7	4	10	12	5
17	475	7	4	11	8	5
17	476	7	4	12	11	2
17	477	7	5	2	8	4
17	478	7	5	3	4	6
17	479	7	5	4	11	8
17	480	7	5	6	11	2
17	481	7	5	8	3	11
17	482	7	5	9	11	6
17	483	7	5	10	11	8
17	484	7	5	11	12	3
17	485	7	5	12	3	9
17	486	7	6	2	3	10
17	487	7	6	3	5	10
17	488	7	6	4	11	12
17	489	7	6	5	3	4
17	490	7	6	8	9	3
17	491	7	6	9	8	2
17	492	7	6	10	11	2
17	493	7	6	11	9	12
17	494	7	6	12	4	5
17	495	7	8	2	3	5
17	496	7	8	3	12	4
17	497	7	8	4	11	3
17	498	7	8	5	9	2
17	499	7	8	6	3	9
17	500	7	8	9	2	6
17	501	7	8	10	9	5
17	502	7	8	11	10	9
17	503	7	8	12	6	11
17	504	7	9	2	12	5
17	505	7	9	3	10	12
17	506	7	9	4	10	5
17	507	7	9	5	4	12
17	508	7	9	6	5	12
17	509	7	9	8	2	6
17	510	7	9	10	3	12
17	511	7	9	11	6	3
17	512	7	9	12	6	10
17	513	7	10	2	3	8
17	514	7	10	3	12	4
17	515	7	10	4	5	6
17	516	7	10	5	8	4
17	517	7	10	6	5	2
17	518	7	10	8	9	12
17	519	7	10	9	4	2
17	520	7	10	11	12	9
17	521	7	10	12	6	4
17	522	7	11	2	5	3
17	523	7	11	3	9	6
17	524	7	11	4	6	12
17	525	7	11	5	6	10
17	526	7	11	6	2	5
17	527	7	11	8	6	2
17	528	7	11	9	6	5
17	529	7	11	10	3	9
17	530	7	11	12	8	4
17	531	7	12	2	9	8
17	532	7	12	3	11	5
17	533	7	12	4	10	3
17	534	7	12	5	11	6
17	535	7	12	6	8	9
17	536	7	12	8	3	10
17	537	7	12	9	8	2
17	538	7	12	10	8	9
17	539	7	12	11	5	3
17	540	8	2	3	7	6
17	541	8	2	4	12	6
17	542	8	2	5	4	3
17	543	8	2	6	11	9
17	544	8	2	7	10	3
17	545	8	2	9	10	7
17	546	8	2	10	6	12
17	547	8	2	11	6	9
17	548	8	2	12	5	9
17	549	8	3	2	5	10
17	550	8	3	4	2	12
17	551	8	3	5	12	2
17	552	8	3	6	4	5
17	553	8	3	7	4	11
17	554	8	3	9	11	10
17	555	8	3	10	9	11
17	556	8	3	11	9	5
17	557	8	3	12	4	10
17	558	8	4	2	9	3
17	559	8	4	3	6	12
17	560	8	4	5	2	11
17	561	8	4	6	11	12
17	562	8	4	7	2	9
17	563	8	4	9	10	12
17	564	8	4	10	7	9
17	565	8	4	11	6	9
17	566	8	4	12	9	5
17	567	8	5	2	4	7
17	568	8	5	3	9	10
17	569	8	5	4	3	6
17	570	8	5	6	7	3
17	571	8	5	7	2	11
17	572	8	5	9	12	3
17	573	8	5	10	2	7
17	574	8	5	11	12	3
17	575	8	5	12	9	2
17	576	8	6	2	12	5
17	577	8	6	3	7	4
17	578	8	6	4	2	3
17	579	8	6	5	10	9
17	580	8	6	7	11	2
17	581	8	6	9	10	3
17	582	8	6	10	4	2
17	583	8	6	11	3	12
17	584	8	6	12	7	10
17	585	8	7	2	10	9
17	586	8	7	3	9	12
17	587	8	7	4	12	11
17	588	8	7	5	11	2
17	589	8	7	6	12	4
17	590	8	7	9	12	5
17	591	8	7	10	5	12
17	592	8	7	11	5	6
17	593	8	7	12	9	11
17	594	8	9	2	4	5
17	595	8	9	3	5	10
17	596	8	9	4	7	5
17	597	8	9	5	3	12
17	598	8	9	6	3	12
17	599	8	9	7	2	10
17	600	8	9	10	12	6
17	601	8	9	11	7	4
17	602	8	9	12	4	3
17	603	8	10	2	6	9
17	604	8	10	3	6	7
17	605	8	10	4	12	3
17	606	8	10	5	11	12
17	607	8	10	6	5	9
17	608	8	10	7	5	3
17	609	8	10	9	5	6
17	610	8	10	11	9	7
17	611	8	10	12	11	3
17	612	8	11	2	12	5
17	613	8	11	3	7	4
17	614	8	11	4	6	2
17	615	8	11	5	12	7
17	616	8	11	6	4	12
17	617	8	11	7	10	12
17	618	8	11	9	5	4
17	619	8	11	10	7	12
17	620	8	11	12	4	10
17	621	8	12	2	3	7
17	622	8	12	3	7	4
17	623	8	12	4	10	9
17	624	8	12	5	7	10
17	625	8	12	6	9	11
17	626	8	12	7	4	6
17	627	8	12	9	6	2
17	628	8	12	10	7	3
17	629	8	12	11	7	5
17	630	9	2	3	10	4
17	631	9	2	4	5	10
17	632	9	2	5	11	8
17	633	9	2	6	3	10
17	634	9	2	7	5	6
17	635	9	2	8	5	12
17	636	9	2	10	3	5
17	637	9	2	11	6	5
17	638	9	2	12	5	10
17	639	9	3	2	6	10
17	640	9	3	4	10	8
17	641	9	3	5	11	2
17	642	9	3	6	8	11
17	643	9	3	7	10	12
17	644	9	3	8	11	6
17	645	9	3	10	11	6
17	646	9	3	11	5	2
17	647	9	3	12	10	8
17	648	9	4	2	7	12
17	649	9	4	3	5	12
17	650	9	4	5	7	6
17	651	9	4	6	2	5
17	652	9	4	7	8	3
17	653	9	4	8	12	10
17	654	9	4	10	6	11
17	655	9	4	11	7	6
17	656	9	4	12	10	6
17	657	9	5	2	3	11
17	658	9	5	3	4	12
17	659	9	5	4	10	8
17	660	9	5	6	11	2
17	661	9	5	7	11	8
17	662	9	5	8	7	6
17	663	9	5	10	4	2
17	664	9	5	11	10	4
17	665	9	5	12	3	11
17	666	9	6	2	11	4
17	667	9	6	3	5	11
17	668	9	6	4	3	8
17	669	9	6	5	2	3
17	670	9	6	7	12	3
17	671	9	6	8	11	2
17	672	9	6	10	4	7
17	673	9	6	11	5	2
17	674	9	6	12	4	11
17	675	9	7	2	4	5
17	676	9	7	3	10	4
17	677	9	7	4	2	10
17	678	9	7	5	12	11
17	679	9	7	6	2	5
17	680	9	7	8	5	11
17	681	9	7	10	4	8
17	682	9	7	11	6	10
17	683	9	7	12	10	5
17	684	9	8	2	12	5
17	685	9	8	3	10	5
17	686	9	8	4	7	2
17	687	9	8	5	12	7
17	688	9	8	6	11	4
17	689	9	8	7	11	10
17	690	9	8	10	2	3
17	691	9	8	11	10	5
17	692	9	8	12	11	3
17	693	9	10	2	12	8
17	694	9	10	3	7	12
17	695	9	10	4	5	3
17	696	9	10	5	12	3
17	697	9	10	6	5	12
17	698	9	10	7	12	8
17	699	9	10	8	2	4
17	700	9	10	11	7	6
17	701	9	10	12	2	4
17	702	9	11	2	7	5
17	703	9	11	3	2	6
17	704	9	11	4	12	2
17	705	9	11	5	8	7
17	706	9	11	6	7	3
17	707	9	11	7	6	5
17	708	9	11	8	10	5
17	709	9	11	10	3	8
17	710	9	11	12	6	7
17	711	9	12	2	10	3
17	712	9	12	3	6	11
17	713	9	12	4	8	5
17	714	9	12	5	6	7
17	715	9	12	6	3	10
17	716	9	12	7	10	6
17	717	9	12	8	7	5
17	718	9	12	10	11	3
17	719	9	12	11	8	5
17	720	10	2	3	12	4
17	721	10	2	4	3	7
17	722	10	2	5	12	3
17	723	10	2	6	3	4
17	724	10	2	7	8	11
17	725	10	2	8	3	9
17	726	10	2	9	12	5
17	727	10	2	11	12	7
17	728	10	2	12	7	3
17	729	10	3	2	12	7
17	730	10	3	4	11	8
17	731	10	3	5	8	2
17	732	10	3	6	7	11
17	733	10	3	7	2	9
17	734	10	3	8	5	11
17	735	10	3	9	12	2
17	736	10	3	11	9	12
17	737	10	3	12	4	11
17	738	10	4	2	11	3
17	739	10	4	3	11	8
17	740	10	4	5	12	6
17	741	10	4	6	5	2
17	742	10	4	7	3	2
17	743	10	4	8	3	12
17	744	10	4	9	6	12
17	745	10	4	11	5	12
17	746	10	4	12	8	5
17	747	10	5	2	4	3
17	748	10	5	3	11	8
17	749	10	5	4	6	7
17	750	10	5	6	7	3
17	751	10	5	7	12	6
17	752	10	5	8	11	12
17	753	10	5	9	11	8
17	754	10	5	11	8	6
17	755	10	5	12	6	3
17	756	10	6	2	7	11
17	757	10	6	3	8	9
17	758	10	6	4	8	5
17	759	10	6	5	11	12
17	760	10	6	7	3	4
17	761	10	6	8	9	7
17	762	10	6	9	12	5
17	763	10	6	11	12	7
17	764	10	6	12	5	11
17	765	10	7	2	9	6
17	766	10	7	3	8	12
17	767	10	7	4	5	3
17	768	10	7	5	8	9
17	769	10	7	6	8	12
17	770	10	7	8	2	9
17	771	10	7	9	8	5
17	772	10	7	11	2	3
17	773	10	7	12	11	5
17	774	10	8	2	11	9
17	775	10	8	3	9	11
17	776	10	8	4	12	5
17	777	10	8	5	4	11
17	778	10	8	6	2	3
17	779	10	8	7	9	12
17	780	10	8	9	3	11
17	781	10	8	11	3	7
17	782	10	8	12	5	2
17	783	10	9	2	8	4
17	784	10	9	3	4	7
17	785	10	9	4	11	3
17	786	10	9	5	4	12
17	787	10	9	6	4	3
17	788	10	9	7	4	6
17	789	10	9	8	6	7
17	790	10	9	11	3	6
17	791	10	9	12	7	2
17	792	10	11	2	5	4
17	793	10	11	3	7	6
17	794	10	11	4	7	9
17	795	10	11	5	12	6
17	796	10	11	6	8	9
17	797	10	11	7	3	4
17	798	10	11	8	5	12
17	799	10	11	9	7	12
17	800	10	11	12	8	2
17	801	10	12	2	8	3
17	802	10	12	3	5	8
17	803	10	12	4	2	5
17	804	10	12	5	4	11
17	805	10	12	6	5	11
17	806	10	12	7	6	8
17	807	10	12	8	11	6
17	808	10	12	9	5	3
17	809	10	12	11	8	7
17	810	11	2	3	9	4
17	811	11	2	4	5	12
17	812	11	2	5	8	10
17	813	11	2	6	5	4
17	814	11	2	7	4	3
17	815	11	2	8	7	10
17	816	11	2	9	10	4
17	817	11	2	10	7	5
17	818	11	2	12	8	5
17	819	11	3	2	12	10
17	820	11	3	4	10	2
17	821	11	3	5	6	8
17	822	11	3	6	5	12
17	823	11	3	7	4	5
17	824	11	3	8	7	4
17	825	11	3	9	7	12
17	826	11	3	10	6	9
17	827	11	3	12	5	2
17	828	11	4	2	10	5
17	829	11	4	3	12	8
17	830	11	4	5	8	3
17	831	11	4	6	10	3
17	832	11	4	7	5	6
17	833	11	4	8	12	7
17	834	11	4	9	10	5
17	835	11	4	10	6	8
17	836	11	4	12	10	8
17	837	11	5	2	12	9
17	838	11	5	3	8	6
17	839	11	5	4	9	3
17	840	11	5	6	2	10
17	841	11	5	7	12	8
17	842	11	5	8	12	3
17	843	11	5	9	12	4
17	844	11	5	10	12	9
17	845	11	5	12	10	7
17	846	11	6	2	12	3
17	847	11	6	3	12	10
17	848	11	6	4	9	10
17	849	11	6	5	3	9
17	850	11	6	7	4	10
17	851	11	6	8	12	4
17	852	11	6	9	12	7
17	853	11	6	10	8	4
17	854	11	6	12	7	5
17	855	11	7	2	9	4
17	856	11	7	3	9	8
17	857	11	7	4	2	12
17	858	11	7	5	9	2
17	859	11	7	6	10	12
17	860	11	7	8	6	12
17	861	11	7	9	10	2
17	862	11	7	10	12	2
17	863	11	7	12	6	8
17	864	11	8	2	6	10
17	865	11	8	3	12	7
17	866	11	8	4	10	7
17	867	11	8	5	12	10
17	868	11	8	6	9	10
17	869	11	8	7	12	9
17	870	11	8	9	12	10
17	871	11	8	10	3	4
17	872	11	8	12	7	10
17	873	11	9	2	6	5
17	874	11	9	3	6	10
17	875	11	9	4	6	3
17	876	11	9	5	10	4
17	877	11	9	6	8	12
17	878	11	9	7	12	3
17	879	11	9	8	12	10
17	880	11	9	10	5	8
17	881	11	9	12	4	8
17	882	11	10	2	9	6
17	883	11	10	3	7	6
17	884	11	10	4	5	7
17	885	11	10	5	3	12
17	886	11	10	6	2	9
17	887	11	10	7	9	5
17	888	11	10	8	2	12
17	889	11	10	9	3	7
17	890	11	10	12	8	2
17	891	11	12	2	10	4
17	892	11	12	3	5	10
17	893	11	12	4	3	6
17	894	11	12	5	3	2
17	895	11	12	6	4	9
17	896	11	12	7	2	8
17	897	11	12	8	2	3
17	898	11	12	9	4	2
17	899	11	12	10	2	3
17	900	12	2	3	5	10
17	901	12	2	4	7	11
17	902	12	2	5	7	3
17	903	12	2	6	5	9
17	904	12	2	7	5	3
17	905	12	2	8	9	11
17	906	12	2	9	5	10
17	907	12	2	10	9	7
17	908	12	2	11	3	5
17	909	12	3	2	5	6
17	910	12	3	4	2	10
17	911	12	3	5	9	7
17	912	12	3	6	10	4
17	913	12	3	7	5	4
17	914	12	3	8	11	2
17	915	12	3	9	6	10
17	916	12	3	10	7	6
17	917	12	3	11	7	4
17	918	12	4	2	9	11
17	919	12	4	3	2	11
17	920	12	4	5	9	3
17	921	12	4	6	9	7
17	922	12	4	7	10	6
17	923	12	4	8	11	3
17	924	12	4	9	3	8
17	925	12	4	10	3	7
17	926	12	4	11	3	9
17	927	12	5	2	3	6
17	928	12	5	3	8	4
17	929	12	5	4	8	11
17	930	12	5	6	2	7
17	931	12	5	7	6	3
17	932	12	5	8	7	2
17	933	12	5	9	2	7
17	934	12	5	10	11	9
17	935	12	5	11	3	7
17	936	12	6	2	10	8
17	937	12	6	3	4	2
17	938	12	6	4	5	10
17	939	12	6	5	7	9
17	940	12	6	7	3	10
17	941	12	6	8	3	7
17	942	12	6	9	8	7
17	943	12	6	10	3	8
17	944	12	6	11	10	4
17	945	12	7	2	10	4
17	946	12	7	3	5	2
17	947	12	7	4	6	5
17	948	12	7	5	10	11
17	949	12	7	6	11	8
17	950	12	7	8	11	5
17	951	12	7	9	4	6
17	952	12	7	10	5	9
17	953	12	7	11	5	8
17	954	12	8	2	6	9
17	955	12	8	3	5	4
17	956	12	8	4	2	5
17	957	12	8	5	3	2
17	958	12	8	6	4	10
17	959	12	8	7	10	5
17	960	12	8	9	5	7
17	961	12	8	10	11	5
17	962	12	8	11	5	2
17	963	12	9	2	10	5
17	964	12	9	3	6	11
17	965	12	9	4	7	5
17	966	12	9	5	4	11
17	967	12	9	6	3	8
17	968	12	9	7	4	8
17	969	12	9	8	3	2
17	970	12	9	10	4	11
17	971	12	9	11	7	5
17	972	12	10	2	5	7
17	973	12	10	3	2	4
17	974	12	10	4	9	2
17	975	12	10	5	7	9
17	976	12	10	6	4	2
17	977	12	10	7	8	4
17	978	12	10	8	6	9
17	979	12	10	9	7	5
17	980	12	10	11	5	4
17	981	12	11	2	5	7
17	982	12	11	3	5	2
17	983	12	11	4	3	5
17	984	12	11	5	7	10
17	985	12	11	6	3	8
17	986	12	11	7	8	3
17	987	12	11	8	4	10
17	988	12	11	9	4	5
17	989	12	11	10	7	8
18	0	2	3	4	12	6
18	1	2	3	5	9	6
18	2	2	3	6	12	5
18	3	2	3	7	4	8
18	4	2	3	8	10	4
18	5	2	3	9	6	10
18	6	2	3	10	12	6
18	7	2	3	11	5	10
18	8	2	3	12	6	9
18	9	2	4	3	8	10
18	10	2	4	5	3	9
18	11	2	4	6	10	12
18	12	2	4	7	6	3
18	13	2	4	8	5	11
18	14	2	4	9	10	6
18	15	2	4	10	5	8
18	16	2	4	11	9	3
18	17	2	4	12	8	6
18	18	2	5	3	4	10
18	19	2	5	4	3	12
18	20	2	5	6	12	8
18	21	2	5	7	9	8
18	22	2	5	8	4	9
18	23	2	5	9	11	8
18	24	2	5	10	9	7
18	25	2	5	11	9	10
18	26	2	5	12	7	3
18	27	2	6	3	10	5
18	28	2	6	4	7	5
18	29	2	6	5	3	9
18	30	2	6	7	3	5
18	31	2	6	8	11	3
18	32	2	6	9	4	7
18	33	2	6	10	5	9
18	34	2	6	11	12	7
18	35	2	6	12	8	9
18	36	2	7	3	10	5
18	37	2	7	4	9	6
18	38	2	7	5	4	11
18	39	2	7	6	5	3
18	40	2	7	8	3	5
18	41	2	7	9	10	12
18	42	2	7	10	4	5
18	43	2	7	11	5	3
18	44	2	7	12	8	5
18	45	2	8	3	6	9
18	46	2	8	4	5	12
18	47	2	8	5	4	9
18	48	2	8	6	12	7
18	49	2	8	7	9	5
18	50	2	8	9	12	4
18	51	2	8	10	4	11
18	52	2	8	11	5	3
18	53	2	8	12	5	9
18	54	2	9	3	10	11
18	55	2	9	4	7	6
18	56	2	9	5	7	11
18	57	2	9	6	11	5
18	58	2	9	7	4	11
18	59	2	9	8	4	5
18	60	2	9	10	6	5
18	61	2	9	11	4	10
18	62	2	9	12	7	4
18	63	2	10	3	5	7
18	64	2	10	4	6	7
18	65	2	10	5	7	4
18	66	2	10	6	11	9
18	67	2	10	7	9	6
18	68	2	10	8	5	11
18	69	2	10	9	6	11
18	70	2	10	11	3	8
18	71	2	10	12	7	5
18	72	2	11	3	4	6
18	73	2	11	4	3	7
18	74	2	11	5	7	12
18	75	2	11	6	12	5
18	76	2	11	7	3	10
18	77	2	11	8	9	3
18	78	2	11	9	8	6
18	79	2	11	10	12	6
18	80	2	11	12	3	7
18	81	2	12	3	5	9
18	82	2	12	4	10	6
18	83	2	12	5	7	11
18	84	2	12	6	11	7
18	85	2	12	7	3	9
18	86	2	12	8	10	5
18	87	2	12	9	4	11
18	88	2	12	10	5	11
18	89	2	12	11	10	9
18	90	3	2	4	8	7
18	91	3	2	5	9	10
18	92	3	2	6	11	8
18	93	3	2	7	12	8
18	94	3	2	8	4	9
18	95	3	2	9	8	12
18	96	3	2	10	12	7
18	97	3	2	11	5	10
18	98	3	2	12	5	8
18	99	3	4	2	6	8
18	100	3	4	5	10	9
18	101	3	4	6	2	5
18	102	3	4	7	11	2
18	103	3	4	8	7	5
18	104	3	4	9	6	5
18	105	3	4	10	9	11
18	106	3	4	11	9	12
18	107	3	4	12	8	5
18	108	3	5	2	11	4
18	109	3	5	4	11	2
18	110	3	5	6	10	8
18	111	3	5	7	6	9
18	112	3	5	8	12	11
18	113	3	5	9	8	2
18	114	3	5	10	4	11
18	115	3	5	11	12	6
18	116	3	5	12	11	8
18	117	3	6	2	12	8
18	118	3	6	4	11	2
18	119	3	6	5	12	4
18	120	3	6	7	10	11
18	121	3	6	8	11	7
18	122	3	6	9	12	5
18	123	3	6	10	2	7
18	124	3	6	11	4	7
18	125	3	6	12	10	5
18	126	3	7	2	6	5
18	127	3	7	4	9	8
18	128	3	7	5	6	4
18	129	3	7	6	2	8
18	130	3	7	8	5	11
18	131	3	7	9	10	4
18	132	3	7	10	11	8
18	133	3	7	11	6	8
18	134	3	7	12	10	6
18	135	3	8	2	12	5
18	136	3	8	4	2	11
18	137	3	8	5	11	10
18	138	3	8	6	5	2
18	139	3	8	7	5	4
18	140	3	8	9	10	12
18	141	3	8	10	5	6
18	142	3	8	11	6	2
18	143	3	8	12	6	4
18	144	3	9	2	12	6
18	145	3	9	4	11	8
18	146	3	9	5	6	2
18	147	3	9	6	11	5
18	148	3	9	7	2	10
18	149	3	9	8	4	6
18	150	3	9	10	6	8
18	151	3	9	11	12	5
18	152	3	9	12	8	10
18	153	3	10	2	8	11
18	154	3	10	4	5	2
18	155	3	10	5	6	8
18	156	3	10	6	12	7
18	157	3	10	7	4	6
18	158	3	10	8	7	6
18	159	3	10	9	11	5
18	160	3	10	11	2	9
18	161	3	10	12	8	4
18	162	3	11	2	4	8
18	163	3	11	4	12	6
18	164	3	11	5	4	6
18	165	3	11	6	9	10
18	166	3	11	7	9	2
18	167	3	11	8	4	9
18	168	3	11	9	10	12
18	169	3	11	10	8	4
18	170	3	11	12	4	9
18	171	3	12	2	4	11
18	172	3	12	4	5	11
18	173	3	12	5	8	11
18	174	3	12	6	4	9
18	175	3	12	7	11	10
18	176	3	12	8	6	4
18	177	3	12	9	4	8
18	178	3	12	10	8	5
18	179	3	12	11	9	10
18	180	4	2	3	5	12
18	181	4	2	5	6	7
18	182	4	2	6	8	9
18	183	4	2	7	6	12
18	184	4	2	8	9	5
18	185	4	2	9	5	8
18	186	4	2	10	8	5
18	187	4	2	11	9	12
18	188	4	2	12	11	10
18	189	4	3	2	5	6
18	190	4	3	5	10	8
18	191	4	3	6	12	2
18	192	4	3	7	2	11
18	193	4	3	8	2	10
18	194	4	3	9	5	11
18	195	4	3	10	12	8
18	196	4	3	11	12	9
18	197	4	3	12	6	7
18	198	4	5	2	12	7
18	199	4	5	3	12	10
18	200	4	5	6	11	10
18	201	4	5	7	10	12
18	202	4	5	8	11	10
18	203	4	5	9	6	10
18	204	4	5	10	12	9
18	205	4	5	11	8	2
18	206	4	5	12	8	7
18	207	4	6	2	9	12
18	208	4	6	3	9	11
18	209	4	6	5	8	7
18	210	4	6	7	9	10
18	211	4	6	8	5	10
18	212	4	6	9	8	11
18	213	4	6	10	9	12
18	214	4	6	11	3	8
18	215	4	6	12	9	5
18	216	4	7	2	12	9
18	217	4	7	3	8	11
18	218	4	7	5	3	10
18	219	4	7	6	5	2
18	220	4	7	8	12	2
18	221	4	7	9	12	3
18	222	4	7	10	5	6
18	223	4	7	11	8	3
18	224	4	7	12	9	3
18	225	4	8	2	3	10
18	226	4	8	3	5	9
18	227	4	8	5	10	3
18	228	4	8	6	5	3
18	229	4	8	7	10	12
18	230	4	8	9	12	6
18	231	4	8	10	11	6
18	232	4	8	11	9	7
18	233	4	8	12	10	7
18	234	4	9	2	6	11
18	235	4	9	3	2	8
18	236	4	9	5	6	11
18	237	4	9	6	12	10
18	238	4	9	7	10	5
18	239	4	9	8	11	6
18	240	4	9	10	11	6
18	241	4	9	11	7	12
18	242	4	9	12	11	5
18	243	4	10	2	12	6
18	244	4	10	3	12	11
18	245	4	10	5	2	11
18	246	4	10	6	11	9
18	247	4	10	7	8	5
18	248	4	10	8	9	3
18	249	4	10	9	11	2
18	250	4	10	11	9	7
18	251	4	10	12	3	5
18	252	4	11	2	9	7
18	253	4	11	3	6	10
18	254	4	11	5	2	3
18	255	4	11	6	7	9
18	256	4	11	7	12	3
18	257	4	11	8	7	9
18	258	4	11	9	10	8
18	259	4	11	10	8	2
18	260	4	11	12	7	9
18	261	4	12	2	5	10
18	262	4	12	3	7	2
18	263	4	12	5	6	7
18	264	4	12	6	8	3
18	265	4	12	7	3	8
18	266	4	12	8	10	5
18	267	4	12	9	11	10
18	268	4	12	10	8	11
18	269	4	12	11	7	6
18	270	5	2	3	7	4
18	271	5	2	4	6	3
18	272	5	2	6	3	11
18	273	5	2	7	12	10
18	274	5	2	8	6	7
18	275	5	2	9	7	6
18	276	5	2	10	8	7
18	277	5	2	11	6	3
18	278	5	2	12	10	4
18	279	5	3	2	4	12
18	280	5	3	4	2	7
18	281	5	3	6	10	9
18	282	5	3	7	9	6
18	283	5	3	8	7	9
18	284	5	3	9	2	11
18	285	5	3	10	8	2
18	286	5	3	11	2	6
18	287	5	3	12	7	11
18	288	5	4	2	7	6
18	289	5	4	3	12	11
18	290	5	4	6	12	11
18	291	5	4	7	11	10
18	292	5	4	8	11	2
18	293	5	4	9	7	8
18	294	5	4	10	9	6
18	295	5	4	11	8	3
18	296	5	4	12	8	6
18	297	5	6	2	7	8
18	298	5	6	3	11	7
18	299	5	6	4	3	2
18	300	5	6	7	4	10
18	301	5	6	8	7	2
18	302	5	6	9	8	11
18	303	5	6	10	4	12
18	304	5	6	11	2	12
18	305	5	6	12	9	10
18	306	5	7	2	10	4
18	307	5	7	3	9	4
18	308	5	7	4	12	11
18	309	5	7	6	10	11
18	310	5	7	8	4	2
18	311	5	7	9	2	3
18	312	5	7	10	6	4
18	313	5	7	11	4	9
18	314	5	7	12	3	9
18	315	5	8	2	10	3
18	316	5	8	3	12	11
18	317	5	8	4	3	11
18	318	5	8	6	10	3
18	319	5	8	7	12	3
18	320	5	8	9	3	4
18	321	5	8	10	11	9
18	322	5	8	11	10	12
18	323	5	8	12	10	3
18	324	5	9	2	6	7
18	325	5	9	3	7	12
18	326	5	9	4	10	11
18	327	5	9	6	7	3
18	328	5	9	7	4	3
18	329	5	9	8	10	3
18	330	5	9	10	8	6
18	331	5	9	11	2	10
18	332	5	9	12	10	2
18	333	5	10	2	11	4
18	334	5	10	3	9	11
18	335	5	10	4	6	8
18	336	5	10	6	2	9
18	337	5	10	7	6	9
18	338	5	10	8	7	4
18	339	5	10	9	11	8
18	340	5	10	11	6	3
18	341	5	10	12	6	3
18	342	5	11	2	9	12
18	343	5	11	3	7	2
18	344	5	11	4	10	8
18	345	5	11	6	9	2
18	346	5	11	7	6	2
18	347	5	11	8	10	12
18	348	5	11	9	3	8
18	349	5	11	10	8	2
18	350	5	11	12	9	6
18	351	5	12	2	4	3
18	352	5	12	3	9	11
18	353	5	12	4	10	6
18	354	5	12	6	7	10
18	355	5	12	7	3	6
18	356	5	12	8	2	6
18	357	5	12	9	11	4
18	358	5	12	10	2	9
18	359	5	12	11	4	2
18	360	6	2	3	10	9
18	361	6	2	4	9	8
18	362	6	2	5	3	4
18	363	6	2	7	3	12
18	364	6	2	8	5	11
18	365	6	2	9	4	3
18	366	6	2	10	8	7
18	367	6	2	11	9	3
18	368	6	2	12	7	11
18	369	6	3	2	8	11
18	370	6	3	4	12	10
18	371	6	3	5	4	11
18	372	6	3	7	2	9
18	373	6	3	8	10	12
18	374	6	3	9	8	12
18	375	6	3	10	8	2
18	376	6	3	11	2	12
18	377	6	3	12	4	8
18	378	6	4	2	7	3
18	379	6	4	3	10	9
18	380	6	4	5	7	11
18	381	6	4	7	12	9
18	382	6	4	8	7	5
18	383	6	4	9	3	2
18	384	6	4	10	7	12
18	385	6	4	11	9	3
18	386	6	4	12	7	10
18	387	6	5	2	8	9
18	388	6	5	3	2	9
18	389	6	5	4	11	10
18	390	6	5	7	8	9
18	391	6	5	8	12	4
18	392	6	5	9	2	12
18	393	6	5	10	9	2
18	394	6	5	11	8	7
18	395	6	5	12	3	2
18	396	6	7	2	5	12
18	397	6	7	3	9	10
18	398	6	7	4	12	2
18	399	6	7	5	3	2
18	400	6	7	8	3	10
18	401	6	7	9	10	4
18	402	6	7	10	9	3
18	403	6	7	11	9	3
18	404	6	7	12	3	11
18	405	6	8	2	10	3
18	406	6	8	3	7	4
18	407	6	8	4	11	7
18	408	6	8	5	4	11
18	409	6	8	7	3	12
18	410	6	8	9	12	11
18	411	6	8	10	12	7
18	412	6	8	11	5	12
18	413	6	8	12	3	7
18	414	6	9	2	3	5
18	415	6	9	3	12	4
18	416	6	9	4	12	3
18	417	6	9	5	12	7
18	418	6	9	7	10	4
18	419	6	9	8	4	11
18	420	6	9	10	3	8
18	421	6	9	11	5	8
18	422	6	9	12	2	5
18	423	6	10	2	4	7
18	424	6	10	3	9	11
18	425	6	10	4	9	2
18	426	6	10	5	8	11
18	427	6	10	7	3	2
18	428	6	10	8	9	12
18	429	6	10	9	3	4
18	430	6	10	11	9	8
18	431	6	10	12	3	5
18	432	6	11	2	5	9
18	433	6	11	3	12	9
18	434	6	11	4	2	7
18	435	6	11	5	7	10
18	436	6	11	7	12	4
18	437	6	11	8	3	10
18	438	6	11	9	2	12
18	439	6	11	10	3	8
18	440	6	11	12	10	7
18	441	6	12	2	11	3
18	442	6	12	3	8	2
18	443	6	12	4	10	2
18	444	6	12	5	2	10
18	445	6	12	7	5	11
18	446	6	12	8	4	5
18	447	6	12	9	2	3
18	448	6	12	10	4	3
18	449	6	12	11	5	3
18	450	7	2	3	11	6
18	451	7	2	4	6	9
18	452	7	2	5	6	8
18	453	7	2	6	11	10
18	454	7	2	8	5	11
18	455	7	2	9	8	11
18	456	7	2	10	8	11
18	457	7	2	11	5	4
18	458	7	2	12	10	4
18	459	7	3	2	10	8
18	460	7	3	4	5	6
18	461	7	3	5	4	10
18	462	7	3	6	10	12
18	463	7	3	8	2	9
18	464	7	3	9	11	4
18	465	7	3	10	12	4
18	466	7	3	11	9	2
18	467	7	3	12	10	5
18	468	7	4	2	6	9
18	469	7	4	3	6	12
18	470	7	4	5	11	8
18	471	7	4	6	9	10
18	472	7	4	8	12	11
18	473	7	4	9	12	3
18	474	7	4	10	12	9
18	475	7	4	11	6	2
18	476	7	4	12	9	11
18	477	7	5	2	6	9
18	478	7	5	3	6	9
18	479	7	5	4	9	10
18	480	7	5	6	2	10
18	481	7	5	8	6	9
18	482	7	5	9	8	11
18	483	7	5	10	6	2
18	484	7	5	11	12	9
18	485	7	5	12	8	9
18	486	7	6	2	12	3
18	487	7	6	3	9	4
18	488	7	6	4	11	5
18	489	7	6	5	2	11
18	490	7	6	8	9	5
18	491	7	6	9	5	4
18	492	7	6	10	8	11
18	493	7	6	11	9	12
18	494	7	6	12	2	5
18	495	7	8	2	9	4
18	496	7	8	3	9	11
18	497	7	8	4	3	6
18	498	7	8	5	4	2
18	499	7	8	6	4	9
18	500	7	8	9	2	5
18	501	7	8	10	2	4
18	502	7	8	11	4	9
18	503	7	8	12	11	9
18	504	7	9	2	6	12
18	505	7	9	3	12	10
18	506	7	9	4	6	12
18	507	7	9	5	11	10
18	508	7	9	6	10	3
18	509	7	9	8	10	5
18	510	7	9	10	4	6
18	511	7	9	11	10	6
18	512	7	9	12	4	10
18	513	7	10	2	4	9
18	514	7	10	3	9	6
18	515	7	10	4	11	6
18	516	7	10	5	11	4
18	517	7	10	6	5	4
18	518	7	10	8	3	9
18	519	7	10	9	6	4
18	520	7	10	11	4	5
18	521	7	10	12	5	11
18	522	7	11	2	12	5
18	523	7	11	3	8	5
18	524	7	11	4	6	8
18	525	7	11	5	6	9
18	526	7	11	6	4	2
18	527	7	11	8	2	6
18	528	7	11	9	10	6
18	529	7	11	10	2	4
18	530	7	11	12	6	10
18	531	7	12	2	10	9
18	532	7	12	3	10	4
18	533	7	12	4	8	5
18	534	7	12	5	10	6
18	535	7	12	6	4	9
18	536	7	12	8	3	4
18	537	7	12	9	8	11
18	538	7	12	10	8	2
18	539	7	12	11	6	8
18	540	8	2	3	11	12
18	541	8	2	4	6	11
18	542	8	2	5	6	4
18	543	8	2	6	4	11
18	544	8	2	7	11	4
18	545	8	2	9	7	6
18	546	8	2	10	6	12
18	547	8	2	11	9	5
18	548	8	2	12	11	3
18	549	8	3	2	11	5
18	550	8	3	4	11	2
18	551	8	3	5	2	11
18	552	8	3	6	2	7
18	553	8	3	7	12	10
18	554	8	3	9	5	4
18	555	8	3	10	4	11
18	556	8	3	11	2	12
18	557	8	3	12	10	4
18	558	8	4	2	6	12
18	559	8	4	3	10	7
18	560	8	4	5	6	10
18	561	8	4	6	2	5
18	562	8	4	7	5	2
18	563	8	4	9	7	2
18	564	8	4	10	3	9
18	565	8	4	11	6	9
18	566	8	4	12	2	3
18	567	8	5	2	11	7
18	568	8	5	3	4	7
18	569	8	5	4	6	11
18	570	8	5	6	11	4
18	571	8	5	7	4	3
18	572	8	5	9	3	4
18	573	8	5	10	4	6
18	574	8	5	11	10	6
18	575	8	5	12	3	2
18	576	8	6	2	10	11
18	577	8	6	3	5	7
18	578	8	6	4	2	3
18	579	8	6	5	9	2
18	580	8	6	7	9	4
18	581	8	6	9	2	7
18	582	8	6	10	9	3
18	583	8	6	11	5	12
18	584	8	6	12	4	9
18	585	8	7	2	5	12
18	586	8	7	3	10	9
18	587	8	7	4	12	10
18	588	8	7	5	11	12
18	589	8	7	6	5	12
18	590	8	7	9	4	5
18	591	8	7	10	4	9
18	592	8	7	11	12	6
18	593	8	7	12	2	6
18	594	8	9	2	5	4
18	595	8	9	3	6	5
18	596	8	9	4	11	5
18	597	8	9	5	11	6
18	598	8	9	6	10	2
18	599	8	9	7	5	3
18	600	8	9	10	2	6
18	601	8	9	11	6	5
18	602	8	9	12	3	2
18	603	8	10	2	5	4
18	604	8	10	3	2	7
18	605	8	10	4	9	7
18	606	8	10	5	9	6
18	607	8	10	6	3	7
18	608	8	10	7	4	12
18	609	8	10	9	2	6
18	610	8	10	11	9	2
18	611	8	10	12	6	2
18	612	8	11	2	4	5
18	613	8	11	3	2	9
18	614	8	11	4	6	12
18	615	8	11	5	10	4
18	616	8	11	6	3	5
18	617	8	11	7	12	4
18	618	8	11	9	2	6
18	619	8	11	10	3	12
18	620	8	11	12	6	9
18	621	8	12	2	3	5
18	622	8	12	3	9	5
18	623	8	12	4	3	6
18	624	8	12	5	10	3
18	625	8	12	6	3	2
18	626	8	12	7	5	4
18	627	8	12	9	6	3
18	628	8	12	10	9	7
18	629	8	12	11	9	6
18	630	9	2	3	4	11
18	631	9	2	4	5	8
18	632	9	2	5	10	7
18	633	9	2	6	11	10
18	634	9	2	7	8	12
18	635	9	2	8	10	5
18	636	9	2	10	12	7
18	637	9	2	11	3	10
18	638	9	2	12	5	10
18	639	9	3	2	6	4
18	640	9	3	4	8	5
18	641	9	3	5	2	7
18	642	9	3	6	11	7
18	643	9	3	7	11	6
18	644	9	3	8	10	7
18	645	9	3	10	2	7
18	646	9	3	11	6	10
18	647	9	3	12	11	10
18	648	9	4	2	5	3
18	649	9	4	3	10	11
18	650	9	4	5	2	7
18	651	9	4	6	11	5
18	652	9	4	7	11	12
18	653	9	4	8	6	12
18	654	9	4	10	5	12
18	655	9	4	11	6	8
18	656	9	4	12	6	7
18	657	9	5	2	4	3
18	658	9	5	3	6	8
18	659	9	5	4	7	12
18	660	9	5	6	8	2
18	661	9	5	7	10	3
18	662	9	5	8	7	6
18	663	9	5	10	6	8
18	664	9	5	11	12	2
18	665	9	5	12	10	3
18	666	9	6	2	10	3
18	667	9	6	3	12	4
18	668	9	6	4	11	12
18	669	9	6	5	11	2
18	670	9	6	7	11	2
18	671	9	6	8	7	4
18	672	9	6	10	8	7
18	673	9	6	11	10	2
18	674	9	6	12	10	4
18	675	9	7	2	11	12
18	676	9	7	3	4	10
18	677	9	7	4	6	8
18	678	9	7	5	4	8
18	679	9	7	6	3	11
18	680	9	7	8	6	11
18	681	9	7	10	12	6
18	682	9	7	11	12	2
18	683	9	7	12	8	6
18	684	9	8	2	3	11
18	685	9	8	3	7	10
18	686	9	8	4	12	6
18	687	9	8	5	4	12
18	688	9	8	6	7	2
18	689	9	8	7	6	2
18	690	9	8	10	12	2
18	691	9	8	11	6	12
18	692	9	8	12	10	3
18	693	9	10	2	6	4
18	694	9	10	3	12	5
18	695	9	10	4	7	8
18	696	9	10	5	8	4
18	697	9	10	6	4	2
18	698	9	10	7	5	8
18	699	9	10	8	7	4
18	700	9	10	11	8	2
18	701	9	10	12	11	2
18	702	9	11	2	12	8
18	703	9	11	3	10	8
18	704	9	11	4	6	8
18	705	9	11	5	8	3
18	706	9	11	6	10	3
18	707	9	11	7	4	12
18	708	9	11	8	2	7
18	709	9	11	10	8	7
18	710	9	11	12	2	7
18	711	9	12	2	5	3
18	712	9	12	3	5	11
18	713	9	12	4	7	5
18	714	9	12	5	6	2
18	715	9	12	6	11	4
18	716	9	12	7	5	11
18	717	9	12	8	2	5
18	718	9	12	10	3	5
18	719	9	12	11	8	2
18	720	10	2	3	9	5
18	721	10	2	4	5	7
18	722	10	2	5	12	3
18	723	10	2	6	11	9
18	724	10	2	7	6	8
18	725	10	2	8	6	12
18	726	10	2	9	12	8
18	727	10	2	11	6	5
18	728	10	2	12	9	8
18	729	10	3	2	6	7
18	730	10	3	4	5	7
18	731	10	3	5	12	9
18	732	10	3	6	2	12
18	733	10	3	7	5	9
18	734	10	3	8	9	11
18	735	10	3	9	12	2
18	736	10	3	11	4	5
18	737	10	3	12	5	11
18	738	10	4	2	3	7
18	739	10	4	3	6	7
18	740	10	4	5	9	3
18	741	10	4	6	3	8
18	742	10	4	7	6	9
18	743	10	4	8	3	2
18	744	10	4	9	6	12
18	745	10	4	11	9	6
18	746	10	4	12	6	7
18	747	10	5	2	3	7
18	748	10	5	3	2	12
18	749	10	5	4	9	2
18	750	10	5	6	12	7
18	751	10	5	7	9	4
18	752	10	5	8	9	2
18	753	10	5	9	11	2
18	754	10	5	11	4	2
18	755	10	5	12	2	8
18	756	10	6	2	7	3
18	757	10	6	3	4	11
18	758	10	6	4	8	2
18	759	10	6	5	8	9
18	760	10	6	7	4	3
18	761	10	6	8	5	2
18	762	10	6	9	4	7
18	763	10	6	11	8	9
18	764	10	6	12	11	7
18	765	10	7	2	9	4
18	766	10	7	3	4	11
18	767	10	7	4	8	9
18	768	10	7	5	2	12
18	769	10	7	6	12	9
18	770	10	7	8	4	2
18	771	10	7	9	5	12
18	772	10	7	11	6	8
18	773	10	7	12	8	4
18	774	10	8	2	7	11
18	775	10	8	3	9	12
18	776	10	8	4	3	5
18	777	10	8	5	7	2
18	778	10	8	6	5	12
18	779	10	8	7	3	5
18	780	10	8	9	4	3
18	781	10	8	11	6	7
18	782	10	8	12	4	7
18	783	10	9	2	7	12
18	784	10	9	3	11	4
18	785	10	9	4	3	7
18	786	10	9	5	4	12
18	787	10	9	6	7	3
18	788	10	9	7	8	3
18	789	10	9	8	2	11
18	790	10	9	11	7	3
18	791	10	9	12	2	3
18	792	10	11	2	12	4
18	793	10	11	3	6	2
18	794	10	11	4	12	8
18	795	10	11	5	9	2
18	796	10	11	6	3	5
18	797	10	11	7	9	6
18	798	10	11	8	3	12
18	799	10	11	9	3	4
18	800	10	11	12	7	5
18	801	10	12	2	8	5
18	802	10	12	3	9	6
18	803	10	12	4	2	6
18	804	10	12	5	3	7
18	805	10	12	6	8	2
18	806	10	12	7	5	6
18	807	10	12	8	9	3
18	808	10	12	9	3	8
18	809	10	12	11	2	6
18	810	11	2	3	4	9
18	811	11	2	4	12	6
18	812	11	2	5	6	7
18	813	11	2	6	7	12
18	814	11	2	7	12	6
18	815	11	2	8	7	3
18	816	11	2	9	10	5
18	817	11	2	10	8	7
18	818	11	2	12	4	10
18	819	11	3	2	12	4
18	820	11	3	4	5	9
18	821	11	3	5	7	2
18	822	11	3	6	10	2
18	823	11	3	7	2	12
18	824	11	3	8	5	6
18	825	11	3	9	4	6
18	826	11	3	10	7	4
18	827	11	3	12	2	6
18	828	11	4	2	12	10
18	829	11	4	3	2	12
18	830	11	4	5	8	3
18	831	11	4	6	8	12
18	832	11	4	7	12	5
18	833	11	4	8	10	6
18	834	11	4	9	8	12
18	835	11	4	10	5	2
18	836	11	4	12	3	8
18	837	11	5	2	4	8
18	838	11	5	3	10	12
18	839	11	5	4	2	12
18	840	11	5	6	12	4
18	841	11	5	7	3	9
18	842	11	5	8	7	9
18	843	11	5	9	2	6
18	844	11	5	10	4	6
18	845	11	5	12	6	3
18	846	11	6	2	3	9
18	847	11	6	3	10	5
18	848	11	6	4	7	12
18	849	11	6	5	8	3
18	850	11	6	7	10	5
18	851	11	6	8	12	4
18	852	11	6	9	12	2
18	853	11	6	10	4	3
18	854	11	6	12	5	9
18	855	11	7	2	5	4
18	856	11	7	3	2	9
18	857	11	7	4	5	9
18	858	11	7	5	4	8
18	859	11	7	6	3	5
18	860	11	7	8	9	3
18	861	11	7	9	6	10
18	862	11	7	10	12	8
18	863	11	7	12	4	9
18	864	11	8	2	9	3
18	865	11	8	3	9	7
18	866	11	8	4	6	10
18	867	11	8	5	3	9
18	868	11	8	6	9	12
18	869	11	8	7	5	2
18	870	11	8	9	4	3
18	871	11	8	10	9	3
18	872	11	8	12	4	6
18	873	11	9	2	3	12
18	874	11	9	3	12	6
18	875	11	9	4	12	8
18	876	11	9	5	2	7
18	877	11	9	6	2	4
18	878	11	9	7	10	5
18	879	11	9	8	12	2
18	880	11	9	10	6	4
18	881	11	9	12	5	6
18	882	11	10	2	6	4
18	883	11	10	3	8	6
18	884	11	10	4	9	3
18	885	11	10	5	2	12
18	886	11	10	6	9	7
18	887	11	10	7	6	8
18	888	11	10	8	6	3
18	889	11	10	9	2	7
18	890	11	10	12	9	3
18	891	11	12	2	7	8
18	892	11	12	3	7	2
18	893	11	12	4	2	9
18	894	11	12	5	10	8
18	895	11	12	6	5	2
18	896	11	12	7	3	6
18	897	11	12	8	10	9
18	898	11	12	9	6	8
18	899	11	12	10	3	4
18	900	12	2	3	7	8
18	901	12	2	4	5	6
18	902	12	2	5	7	11
18	903	12	2	6	9	7
18	904	12	2	7	11	8
18	905	12	2	8	5	10
18	906	12	2	9	8	7
18	907	12	2	10	4	8
18	908	12	2	11	9	4
18	909	12	3	2	10	4
18	910	12	3	4	8	10
18	911	12	3	5	9	2
18	912	12	3	6	8	11
18	913	12	3	7	9	4
18	914	12	3	8	9	11
18	915	12	3	9	7	11
18	916	12	3	10	2	8
18	917	12	3	11	4	9
18	918	12	4	2	9	7
18	919	12	4	3	2	8
18	920	12	4	5	3	11
18	921	12	4	6	8	2
18	922	12	4	7	11	2
18	923	12	4	8	7	6
18	924	12	4	9	2	11
18	925	12	4	10	2	5
18	926	12	4	11	2	3
18	927	12	5	2	10	6
18	928	12	5	3	4	11
18	929	12	5	4	7	11
18	930	12	5	6	3	4
18	931	12	5	7	3	6
18	932	12	5	8	7	9
18	933	12	5	9	3	6
18	934	12	5	10	3	6
18	935	12	5	11	2	9
18	936	12	6	2	4	5
18	937	12	6	3	11	5
18	938	12	6	4	5	9
18	939	12	6	5	2	10
18	940	12	6	7	5	2
18	941	12	6	8	3	5
18	942	12	6	9	8	3
18	943	12	6	10	7	2
18	944	12	6	11	7	4
18	945	12	7	2	10	5
18	946	12	7	3	2	4
18	947	12	7	4	8	11
18	948	12	7	5	6	11
18	949	12	7	6	4	11
18	950	12	7	8	11	4
18	951	12	7	9	6	10
18	952	12	7	10	9	2
18	953	12	7	11	2	8
18	954	12	8	2	10	7
18	955	12	8	3	2	6
18	956	12	8	4	10	2
18	957	12	8	5	3	2
18	958	12	8	6	2	9
18	959	12	8	7	9	10
18	960	12	8	9	2	4
18	961	12	8	10	7	6
18	962	12	8	11	5	10
18	963	12	9	2	8	5
18	964	12	9	3	11	8
18	965	12	9	4	3	10
18	966	12	9	5	11	6
18	967	12	9	6	4	2
18	968	12	9	7	2	11
18	969	12	9	8	5	2
18	970	12	9	10	3	6
18	971	12	9	11	5	4
18	972	12	10	2	4	3
18	973	12	10	3	2	6
18	974	12	10	4	6	7
18	975	12	10	5	7	2
18	976	12	10	6	11	5
18	977	12	10	7	3	9
18	978	12	10	8	4	11
18	979	12	10	9	7	5
18	980	12	10	11	3	7
18	981	12	11	2	6	8
18	982	12	11	3	9	2
18	983	12	11	4	2	7
18	984	12	11	5	8	4
18	985	12	11	6	7	5
18	986	12	11	7	6	4
18	987	12	11	8	3	6
18	988	12	11	9	4	6
18	989	12	11	10	3	4
21	0	2	3	4	6	9
21	1	2	3	5	10	6
21	2	2	3	6	12	11
21	3	2	3	7	5	10
21	4	2	3	8	5	12
21	5	2	3	9	11	7
21	6	2	3	10	8	7
21	7	2	3	11	5	9
21	8	2	3	12	11	5
21	9	2	4	3	12	9
21	10	2	4	5	6	12
21	11	2	4	6	5	10
21	12	2	4	7	6	11
21	13	2	4	8	11	5
21	14	2	4	9	5	8
21	15	2	4	10	5	12
21	16	2	4	11	9	8
21	17	2	4	12	3	6
21	18	2	5	3	8	9
21	19	2	5	4	11	10
21	20	2	5	6	10	3
21	21	2	5	7	10	6
21	22	2	5	8	6	4
21	23	2	5	9	3	10
21	24	2	5	10	11	12
21	25	2	5	11	6	9
21	26	2	5	12	9	11
21	27	2	6	3	10	11
21	28	2	6	4	5	7
21	29	2	6	5	7	9
21	30	2	6	7	12	8
21	31	2	6	8	3	10
21	32	2	6	9	7	4
21	33	2	6	10	7	9
21	34	2	6	11	5	7
21	35	2	6	12	8	3
21	36	2	7	3	4	11
21	37	2	7	4	12	10
21	38	2	7	5	11	12
21	39	2	7	6	11	8
21	40	2	7	8	9	4
21	41	2	7	9	5	8
21	42	2	7	10	6	5
21	43	2	7	11	5	4
21	44	2	7	12	3	9
21	45	2	8	3	10	4
21	46	2	8	4	5	11
21	47	2	8	5	9	4
21	48	2	8	6	12	10
21	49	2	8	7	6	10
21	50	2	8	9	11	4
21	51	2	8	10	11	12
21	52	2	8	11	3	6
21	53	2	8	12	9	10
21	54	2	9	3	5	10
21	55	2	9	4	6	12
21	56	2	9	5	6	10
21	57	2	9	6	3	7
21	58	2	9	7	11	6
21	59	2	9	8	3	5
21	60	2	9	10	4	7
21	61	2	9	11	4	6
21	62	2	9	12	7	5
21	63	2	10	3	4	5
21	64	2	10	4	9	8
21	65	2	10	5	4	12
21	66	2	10	6	3	4
21	67	2	10	7	8	4
21	68	2	10	8	6	7
21	69	2	10	9	12	3
21	70	2	10	11	7	3
21	71	2	10	12	4	9
21	72	2	11	3	12	8
21	73	2	11	4	3	8
21	74	2	11	5	8	3
21	75	2	11	6	12	8
21	76	2	11	7	4	10
21	77	2	11	8	4	10
21	78	2	11	9	5	12
21	79	2	11	10	6	12
21	80	2	11	12	5	7
21	81	2	12	3	6	7
21	82	2	12	4	11	5
21	83	2	12	5	7	8
21	84	2	12	6	8	11
21	85	2	12	7	9	5
21	86	2	12	8	9	7
21	87	2	12	9	7	11
21	88	2	12	10	5	3
21	89	2	12	11	4	3
21	90	3	2	4	7	8
21	91	3	2	5	6	4
21	92	3	2	6	11	4
21	93	3	2	7	8	6
21	94	3	2	8	9	11
21	95	3	2	9	10	12
21	96	3	2	10	11	7
21	97	3	2	11	10	4
21	98	3	2	12	6	5
21	99	3	4	2	6	10
21	100	3	4	5	11	2
21	101	3	4	6	9	11
21	102	3	4	7	2	9
21	103	3	4	8	9	10
21	104	3	4	9	8	6
21	105	3	4	10	8	9
21	106	3	4	11	8	10
21	107	3	4	12	6	5
21	108	3	5	2	12	6
21	109	3	5	4	7	2
21	110	3	5	6	2	9
21	111	3	5	7	6	9
21	112	3	5	8	6	12
21	113	3	5	9	10	6
21	114	3	5	10	4	8
21	115	3	5	11	7	10
21	116	3	5	12	7	9
21	117	3	6	2	11	5
21	118	3	6	4	10	7
21	119	3	6	5	9	12
21	120	3	6	7	2	10
21	121	3	6	8	4	9
21	122	3	6	9	4	5
21	123	3	6	10	2	7
21	124	3	6	11	9	5
21	125	3	6	12	10	11
21	126	3	7	2	4	6
21	127	3	7	4	2	8
21	128	3	7	5	2	11
21	129	3	7	6	11	12
21	130	3	7	8	2	10
21	131	3	7	9	8	10
21	132	3	7	10	6	11
21	133	3	7	11	9	2
21	134	3	7	12	2	6
21	135	3	8	2	4	12
21	136	3	8	4	5	10
21	137	3	8	5	9	11
21	138	3	8	6	11	7
21	139	3	8	7	4	12
21	140	3	8	9	2	4
21	141	3	8	10	12	6
21	142	3	8	11	9	2
21	143	3	8	12	10	9
21	144	3	9	2	5	8
21	145	3	9	4	10	6
21	146	3	9	5	7	8
21	147	3	9	6	5	12
21	148	3	9	7	4	5
21	149	3	9	8	12	7
21	150	3	9	10	6	5
21	151	3	9	11	5	8
21	152	3	9	12	5	8
21	153	3	10	2	11	7
21	154	3	10	4	12	9
21	155	3	10	5	7	4
21	156	3	10	6	2	12
21	157	3	10	7	5	8
21	158	3	10	8	9	4
21	159	3	10	9	6	12
21	160	3	10	11	9	2
21	161	3	10	12	9	4
21	162	3	11	2	7	12
21	163	3	11	4	5	8
21	164	3	11	5	4	6
21	165	3	11	6	7	10
21	166	3	11	7	4	8
21	167	3	11	8	2	6
21	168	3	11	9	12	2
21	169	3	11	10	9	5
21	170	3	11	12	7	8
21	171	3	12	2	11	7
21	172	3	12	4	9	2
21	173	3	12	5	9	8
21	174	3	12	6	9	2
21	175	3	12	7	9	11
21	176	3	12	8	5	10
21	177	3	12	9	5	6
21	178	3	12	10	8	9
21	179	3	12	11	2	10
21	180	4	2	3	7	12
21	181	4	2	5	3	6
21	182	4	2	6	9	5
21	183	4	2	7	12	6
21	184	4	2	8	7	12
21	185	4	2	9	5	8
21	186	4	2	10	5	12
21	187	4	2	11	3	5
21	188	4	2	12	7	5
21	189	4	3	2	6	9
21	190	4	3	5	12	10
21	191	4	3	6	7	9
21	192	4	3	7	5	6
21	193	4	3	8	12	2
21	194	4	3	9	11	12
21	195	4	3	10	2	6
21	196	4	3	11	5	8
21	197	4	3	12	2	9
21	198	4	5	2	6	11
21	199	4	5	3	9	2
21	200	4	5	6	12	8
21	201	4	5	7	2	6
21	202	4	5	8	9	12
21	203	4	5	9	11	12
21	204	4	5	10	2	11
21	205	4	5	11	6	3
21	206	4	5	12	9	8
21	207	4	6	2	8	10
21	208	4	6	3	12	8
21	209	4	6	5	10	8
21	210	4	6	7	3	2
21	211	4	6	8	2	11
21	212	4	6	9	7	3
21	213	4	6	10	11	8
21	214	4	6	11	8	5
21	215	4	6	12	2	9
21	216	4	7	2	6	5
21	217	4	7	3	10	9
21	218	4	7	5	2	3
21	219	4	7	6	3	10
21	220	4	7	8	5	2
21	221	4	7	9	10	11
21	222	4	7	10	12	2
21	223	4	7	11	10	8
21	224	4	7	12	9	10
21	225	4	8	2	3	5
21	226	4	8	3	9	11
21	227	4	8	5	6	9
21	228	4	8	6	12	10
21	229	4	8	7	2	5
21	230	4	8	9	7	3
21	231	4	8	10	12	7
21	232	4	8	11	3	6
21	233	4	8	12	5	7
21	234	4	9	2	6	8
21	235	4	9	3	10	8
21	236	4	9	5	10	3
21	237	4	9	6	7	10
21	238	4	9	7	8	3
21	239	4	9	8	10	6
21	240	4	9	10	7	11
21	241	4	9	11	5	12
21	242	4	9	12	3	2
21	243	4	10	2	11	12
21	244	4	10	3	5	7
21	245	4	10	5	3	7
21	246	4	10	6	5	9
21	247	4	10	7	6	11
21	248	4	10	8	7	5
21	249	4	10	9	2	12
21	250	4	10	11	5	8
21	251	4	10	12	6	5
21	252	4	11	2	6	7
21	253	4	11	3	7	10
21	254	4	11	5	3	10
21	255	4	11	6	8	7
21	256	4	11	7	9	10
21	257	4	11	8	5	2
21	258	4	11	9	10	5
21	259	4	11	10	3	7
21	260	4	11	12	6	10
21	261	4	12	2	9	11
21	262	4	12	3	7	2
21	263	4	12	5	2	8
21	264	4	12	6	7	9
21	265	4	12	7	2	6
21	266	4	12	8	3	5
21	267	4	12	9	7	8
21	268	4	12	10	3	5
21	269	4	12	11	8	10
21	270	5	2	3	6	7
21	271	5	2	4	10	12
21	272	5	2	6	9	10
21	273	5	2	7	9	6
21	274	5	2	8	7	12
21	275	5	2	9	6	3
21	276	5	2	10	6	7
21	277	5	2	11	12	3
21	278	5	2	12	10	8
21	279	5	3	2	8	9
21	280	5	3	4	8	12
21	281	5	3	6	7	12
21	282	5	3	7	2	11
21	283	5	3	8	4	10
21	284	5	3	9	2	12
21	285	5	3	10	6	7
21	286	5	3	11	12	8
21	287	5	3	12	11	7
21	288	5	4	2	8	6
21	289	5	4	3	9	11
21	290	5	4	6	12	11
21	291	5	4	7	2	10
21	292	5	4	8	2	6
21	293	5	4	9	8	11
21	294	5	4	10	9	2
21	295	5	4	11	6	2
21	296	5	4	12	2	7
21	297	5	6	2	10	11
21	298	5	6	3	7	4
21	299	5	6	4	10	2
21	300	5	6	7	4	2
21	301	5	6	8	3	9
21	302	5	6	9	7	3
21	303	5	6	10	11	7
21	304	5	6	11	2	12
21	305	5	6	12	7	10
21	306	5	7	2	3	11
21	307	5	7	3	12	6
21	308	5	7	4	3	11
21	309	5	7	6	4	9
21	310	5	7	8	10	4
21	311	5	7	9	3	10
21	312	5	7	10	2	3
21	313	5	7	11	3	10
21	314	5	7	12	8	11
21	315	5	8	2	10	12
21	316	5	8	3	7	6
21	317	5	8	4	7	10
21	318	5	8	6	4	7
21	319	5	8	7	12	9
21	320	5	8	9	12	7
21	321	5	8	10	2	4
21	322	5	8	11	7	12
21	323	5	8	12	7	6
21	324	5	9	2	3	6
21	325	5	9	3	8	10
21	326	5	9	4	3	8
21	327	5	9	6	4	2
21	328	5	9	7	6	2
21	329	5	9	8	2	7
21	330	5	9	10	3	11
21	331	5	9	11	7	4
21	332	5	9	12	7	2
21	333	5	10	2	6	7
21	334	5	10	3	9	8
21	335	5	10	4	12	3
21	336	5	10	6	2	12
21	337	5	10	7	11	4
21	338	5	10	8	7	2
21	339	5	10	9	3	6
21	340	5	10	11	7	4
21	341	5	10	12	3	9
21	342	5	11	2	8	3
21	343	5	11	3	8	9
21	344	5	11	4	6	10
21	345	5	11	6	9	12
21	346	5	11	7	9	6
21	347	5	11	8	12	7
21	348	5	11	9	10	7
21	349	5	11	10	3	2
21	350	5	11	12	3	2
21	351	5	12	2	9	3
21	352	5	12	3	9	10
21	353	5	12	4	6	7
21	354	5	12	6	7	10
21	355	5	12	7	9	4
21	356	5	12	8	3	6
21	357	5	12	9	2	7
21	358	5	12	10	9	7
21	359	5	12	11	4	9
21	360	6	2	3	8	10
21	361	6	2	4	12	8
21	362	6	2	5	11	9
21	363	6	2	7	11	3
21	364	6	2	8	4	3
21	365	6	2	9	10	8
21	366	6	2	10	3	11
21	367	6	2	11	10	8
21	368	6	2	12	11	9
21	369	6	3	2	10	9
21	370	6	3	4	9	2
21	371	6	3	5	8	11
21	372	6	3	7	4	5
21	373	6	3	8	9	2
21	374	6	3	9	10	11
21	375	6	3	10	2	11
21	376	6	3	11	10	7
21	377	6	3	12	4	5
21	378	6	4	2	10	3
21	379	6	4	3	9	5
21	380	6	4	5	3	11
21	381	6	4	7	11	9
21	382	6	4	8	3	11
21	383	6	4	9	5	2
21	384	6	4	10	5	7
21	385	6	4	11	7	9
21	386	6	4	12	2	11
21	387	6	5	2	11	12
21	388	6	5	3	10	12
21	389	6	5	4	3	11
21	390	6	5	7	12	3
21	391	6	5	8	7	4
21	392	6	5	9	11	2
21	393	6	5	10	11	3
21	394	6	5	11	3	8
21	395	6	5	12	4	11
21	396	6	7	2	4	10
21	397	6	7	3	4	9
21	398	6	7	4	11	3
21	399	6	7	5	4	10
21	400	6	7	8	3	5
21	401	6	7	9	10	8
21	402	6	7	10	9	11
21	403	6	7	11	3	2
21	404	6	7	12	10	2
21	405	6	8	2	11	7
21	406	6	8	3	7	4
21	407	6	8	4	12	9
21	408	6	8	5	10	9
21	409	6	8	7	4	11
21	410	6	8	9	12	5
21	411	6	8	10	5	2
21	412	6	8	11	3	10
21	413	6	8	12	3	9
21	414	6	9	2	11	5
21	415	6	9	3	10	4
21	416	6	9	4	3	7
21	417	6	9	5	10	2
21	418	6	9	7	5	3
21	419	6	9	8	11	7
21	420	6	9	10	2	3
21	421	6	9	11	8	7
21	422	6	9	12	3	4
21	423	6	10	2	7	4
21	424	6	10	3	4	9
21	425	6	10	4	11	12
21	426	6	10	5	12	4
21	427	6	10	7	9	2
21	428	6	10	8	2	12
21	429	6	10	9	4	5
21	430	6	10	11	5	9
21	431	6	10	12	3	7
21	432	6	11	2	4	9
21	433	6	11	3	5	4
21	434	6	11	4	12	8
21	435	6	11	5	12	8
21	436	6	11	7	12	9
21	437	6	11	8	7	2
21	438	6	11	9	10	12
21	439	6	11	10	2	7
21	440	6	11	12	5	4
21	441	6	12	2	8	4
21	442	6	12	3	5	2
21	443	6	12	4	3	11
21	444	6	12	5	9	2
21	445	6	12	7	4	11
21	446	6	12	8	5	9
21	447	6	12	9	5	7
21	448	6	12	10	4	8
21	449	6	12	11	2	3
21	450	7	2	3	8	4
21	451	7	2	4	11	8
21	452	7	2	5	8	3
21	453	7	2	6	8	12
21	454	7	2	8	12	10
21	455	7	2	9	4	8
21	456	7	2	10	12	5
21	457	7	2	11	12	4
21	458	7	2	12	3	8
21	459	7	3	2	4	6
21	460	7	3	4	2	5
21	461	7	3	5	11	2
21	462	7	3	6	4	11
21	463	7	3	8	4	6
21	464	7	3	9	5	12
21	465	7	3	10	9	8
21	466	7	3	11	5	6
21	467	7	3	12	4	2
21	468	7	4	2	12	5
21	469	7	4	3	10	5
21	470	7	4	5	8	11
21	471	7	4	6	10	9
21	472	7	4	8	5	2
21	473	7	4	9	2	12
21	474	7	4	10	2	8
21	475	7	4	11	2	3
21	476	7	4	12	3	9
21	477	7	5	2	6	10
21	478	7	5	3	9	12
21	479	7	5	4	10	11
21	480	7	5	6	12	4
21	481	7	5	8	11	2
21	482	7	5	9	2	4
21	483	7	5	10	8	4
21	484	7	5	11	6	10
21	485	7	5	12	6	4
21	486	7	6	2	10	12
21	487	7	6	3	10	4
21	488	7	6	4	5	2
21	489	7	6	5	12	8
21	490	7	6	8	3	12
21	491	7	6	9	11	4
21	492	7	6	10	5	8
21	493	7	6	11	9	8
21	494	7	6	12	3	11
21	495	7	8	2	4	3
21	496	7	8	3	6	5
21	497	7	8	4	9	10
21	498	7	8	5	2	3
21	499	7	8	6	12	11
21	500	7	8	9	10	2
21	501	7	8	10	9	6
21	502	7	8	11	5	4
21	503	7	8	12	6	10
21	504	7	9	2	11	12
21	505	7	9	3	2	5
21	506	7	9	4	8	12
21	507	7	9	5	6	11
21	508	7	9	6	3	12
21	509	7	9	8	5	10
21	510	7	9	10	12	5
21	511	7	9	11	6	10
21	512	7	9	12	2	8
21	513	7	10	2	11	8
21	514	7	10	3	8	5
21	515	7	10	4	3	11
21	516	7	10	5	2	4
21	517	7	10	6	11	5
21	518	7	10	8	9	2
21	519	7	10	9	6	3
21	520	7	10	11	6	8
21	521	7	10	12	9	8
21	522	7	11	2	3	4
21	523	7	11	3	12	10
21	524	7	11	4	12	2
21	525	7	11	5	4	9
21	526	7	11	6	2	8
21	527	7	11	8	5	4
21	528	7	11	9	8	5
21	529	7	11	10	8	9
21	530	7	11	12	3	5
21	531	7	12	2	11	4
21	532	7	12	3	8	2
21	533	7	12	4	3	2
21	534	7	12	5	8	10
21	535	7	12	6	5	9
21	536	7	12	8	6	10
21	537	7	12	9	10	6
21	538	7	12	10	8	5
21	539	7	12	11	6	10
21	540	8	2	3	7	6
21	541	8	2	4	10	7
21	542	8	2	5	4	6
21	543	8	2	6	5	3
21	544	8	2	7	3	12
21	545	8	2	9	6	12
21	546	8	2	10	9	3
21	547	8	2	11	3	7
21	548	8	2	12	9	5
21	549	8	3	2	4	5
21	550	8	3	4	9	2
21	551	8	3	5	4	2
21	552	8	3	6	9	4
21	553	8	3	7	6	5
21	554	8	3	9	4	11
21	555	8	3	10	9	5
21	556	8	3	11	6	12
21	557	8	3	12	5	4
21	558	8	4	2	6	11
21	559	8	4	3	11	5
21	560	8	4	5	12	11
21	561	8	4	6	9	3
21	562	8	4	7	12	5
21	563	8	4	9	3	10
21	564	8	4	10	11	2
21	565	8	4	11	9	10
21	566	8	4	12	2	9
21	567	8	5	2	7	4
21	568	8	5	3	10	2
21	569	8	5	4	6	10
21	570	8	5	6	12	4
21	571	8	5	7	10	6
21	572	8	5	9	4	11
21	573	8	5	10	7	12
21	574	8	5	11	12	7
21	575	8	5	12	11	9
21	576	8	6	2	7	11
21	577	8	6	3	2	11
21	578	8	6	4	12	2
21	579	8	6	5	4	2
21	580	8	6	7	9	11
21	581	8	6	9	12	4
21	582	8	6	10	11	3
21	583	8	6	11	9	10
21	584	8	6	12	4	2
21	585	8	7	2	4	11
21	586	8	7	3	2	6
21	587	8	7	4	6	9
21	588	8	7	5	12	2
21	589	8	7	6	2	9
21	590	8	7	9	5	12
21	591	8	7	10	6	3
21	592	8	7	11	12	4
21	593	8	7	12	10	9
21	594	8	9	2	10	3
21	595	8	9	3	4	6
21	596	8	9	4	7	2
21	597	8	9	5	12	3
21	598	8	9	6	10	2
21	599	8	9	7	6	10
21	600	8	9	10	4	3
21	601	8	9	11	4	6
21	602	8	9	12	11	5
21	603	8	10	2	11	5
21	604	8	10	3	9	5
21	605	8	10	4	11	6
21	606	8	10	5	12	7
21	607	8	10	6	5	3
21	608	8	10	7	9	11
21	609	8	10	9	3	5
21	610	8	10	11	4	5
21	611	8	10	12	2	11
21	612	8	11	2	3	4
21	613	8	11	3	12	10
21	614	8	11	4	2	7
21	615	8	11	5	9	7
21	616	8	11	6	4	5
21	617	8	11	7	12	6
21	618	8	11	9	6	2
21	619	8	11	10	12	6
21	620	8	11	12	10	2
21	621	8	12	2	3	11
21	622	8	12	3	10	7
21	623	8	12	4	7	2
21	624	8	12	5	10	3
21	625	8	12	6	3	9
21	626	8	12	7	4	9
21	627	8	12	9	3	10
21	628	8	12	10	4	2
21	629	8	12	11	10	9
21	630	9	2	3	8	10
21	631	9	2	4	7	11
21	632	9	2	5	12	7
21	633	9	2	6	11	5
21	634	9	2	7	8	5
21	635	9	2	8	7	11
21	636	9	2	10	3	8
21	637	9	2	11	10	6
21	638	9	2	12	10	6
21	639	9	3	2	12	7
21	640	9	3	4	8	6
21	641	9	3	5	12	6
21	642	9	3	6	8	10
21	643	9	3	7	4	10
21	644	9	3	8	6	11
21	645	9	3	10	11	7
21	646	9	3	11	4	12
21	647	9	3	12	8	11
21	648	9	4	2	8	7
21	649	9	4	3	8	10
21	650	9	4	5	11	6
21	651	9	4	6	7	10
21	652	9	4	7	3	12
21	653	9	4	8	10	6
21	654	9	4	10	11	8
21	655	9	4	11	5	2
21	656	9	4	12	11	5
21	657	9	5	2	8	4
21	658	9	5	3	12	10
21	659	9	5	4	8	11
21	660	9	5	6	4	10
21	661	9	5	7	6	3
21	662	9	5	8	10	2
21	663	9	5	10	12	2
21	664	9	5	11	6	12
21	665	9	5	12	3	6
21	666	9	6	2	10	11
21	667	9	6	3	10	12
21	668	9	6	4	12	10
21	669	9	6	5	11	4
21	670	9	6	7	2	12
21	671	9	6	8	5	3
21	672	9	6	10	12	5
21	673	9	6	11	8	4
21	674	9	6	12	8	11
21	675	9	7	2	3	11
21	676	9	7	3	2	10
21	677	9	7	4	5	12
21	678	9	7	5	10	8
21	679	9	7	6	4	2
21	680	9	7	8	12	10
21	681	9	7	10	12	5
21	682	9	7	11	8	2
21	683	9	7	12	2	11
21	684	9	8	2	7	6
21	685	9	8	3	5	6
21	686	9	8	4	3	12
21	687	9	8	5	4	7
21	688	9	8	6	12	3
21	689	9	8	7	10	6
21	690	9	8	10	5	7
21	691	9	8	11	5	10
21	692	9	8	12	10	11
21	693	9	10	2	4	6
21	694	9	10	3	5	11
21	695	9	10	4	5	7
21	696	9	10	5	12	8
21	697	9	10	6	7	3
21	698	9	10	7	12	3
21	699	9	10	8	6	2
21	700	9	10	11	4	5
21	701	9	10	12	4	7
21	702	9	11	2	8	12
21	703	9	11	3	7	8
21	704	9	11	4	10	3
21	705	9	11	5	3	4
21	706	9	11	6	8	4
21	707	9	11	7	5	12
21	708	9	11	8	12	3
21	709	9	11	10	12	2
21	710	9	11	12	10	4
21	711	9	12	2	11	5
21	712	9	12	3	2	6
21	713	9	12	4	2	8
21	714	9	12	5	10	7
21	715	9	12	6	4	8
21	716	9	12	7	5	11
21	717	9	12	8	11	6
21	718	9	12	10	6	2
21	719	9	12	11	7	10
21	720	10	2	3	9	8
21	721	10	2	4	12	7
21	722	10	2	5	3	7
21	723	10	2	6	7	5
21	724	10	2	7	11	4
21	725	10	2	8	4	9
21	726	10	2	9	4	6
21	727	10	2	11	3	6
21	728	10	2	12	7	11
21	729	10	3	2	5	7
21	730	10	3	4	8	6
21	731	10	3	5	4	11
21	732	10	3	6	5	2
21	733	10	3	7	6	12
21	734	10	3	8	11	9
21	735	10	3	9	6	4
21	736	10	3	11	7	6
21	737	10	3	12	9	4
21	738	10	4	2	9	11
21	739	10	4	3	9	8
21	740	10	4	5	7	8
21	741	10	4	6	5	12
21	742	10	4	7	6	9
21	743	10	4	8	6	9
21	744	10	4	9	5	11
21	745	10	4	11	9	7
21	746	10	4	12	5	2
21	747	10	5	2	7	4
21	748	10	5	3	8	6
21	749	10	5	4	12	11
21	750	10	5	6	7	3
21	751	10	5	7	2	6
21	752	10	5	8	2	12
21	753	10	5	9	7	4
21	754	10	5	11	7	8
21	755	10	5	12	7	3
21	756	10	6	2	8	5
21	757	10	6	3	5	4
21	758	10	6	4	9	11
21	759	10	6	5	3	11
21	760	10	6	7	4	3
21	761	10	6	8	9	4
21	762	10	6	9	2	4
21	763	10	6	11	8	9
21	764	10	6	12	2	3
21	765	10	7	2	8	6
21	766	10	7	3	4	5
21	767	10	7	4	9	8
21	768	10	7	5	11	3
21	769	10	7	6	3	8
21	770	10	7	8	9	3
21	771	10	7	9	6	2
21	772	10	7	11	6	5
21	773	10	7	12	11	9
21	774	10	8	2	5	6
21	775	10	8	3	9	4
21	776	10	8	4	5	12
21	777	10	8	5	7	2
21	778	10	8	6	12	2
21	779	10	8	7	3	5
21	780	10	8	9	7	11
21	781	10	8	11	6	9
21	782	10	8	12	5	4
21	783	10	9	2	8	4
21	784	10	9	3	7	5
21	785	10	9	4	12	2
21	786	10	9	5	6	12
21	787	10	9	6	12	4
21	788	10	9	7	5	4
21	789	10	9	8	11	7
21	790	10	9	11	7	8
21	791	10	9	12	3	11
21	792	10	11	2	12	7
21	793	10	11	3	7	2
21	794	10	11	4	2	3
21	795	10	11	5	8	6
21	796	10	11	6	9	3
21	797	10	11	7	9	5
21	798	10	11	8	7	9
21	799	10	11	9	7	6
21	800	10	11	12	8	3
21	801	10	12	2	8	9
21	802	10	12	3	11	6
21	803	10	12	4	9	7
21	804	10	12	5	8	9
21	805	10	12	6	9	2
21	806	10	12	7	8	5
21	807	10	12	8	3	6
21	808	10	12	9	5	8
21	809	10	12	11	7	9
21	810	11	2	3	9	8
21	811	11	2	4	7	8
21	812	11	2	5	6	8
21	813	11	2	6	3	12
21	814	11	2	7	6	9
21	815	11	2	8	3	4
21	816	11	2	9	8	7
21	817	11	2	10	6	7
21	818	11	2	12	10	3
21	819	11	3	2	9	10
21	820	11	3	4	5	12
21	821	11	3	5	2	4
21	822	11	3	6	10	12
21	823	11	3	7	10	4
21	824	11	3	8	4	12
21	825	11	3	9	2	8
21	826	11	3	10	6	4
21	827	11	3	12	9	6
21	828	11	4	2	3	5
21	829	11	4	3	5	10
21	830	11	4	5	7	2
21	831	11	4	6	5	8
21	832	11	4	7	8	12
21	833	11	4	8	5	9
21	834	11	4	9	10	2
21	835	11	4	10	8	12
21	836	11	4	12	6	2
21	837	11	5	2	12	3
21	838	11	5	3	8	10
21	839	11	5	4	8	6
21	840	11	5	6	7	8
21	841	11	5	7	6	12
21	842	11	5	8	12	9
21	843	11	5	9	7	12
21	844	11	5	10	3	9
21	845	11	5	12	10	8
21	846	11	6	2	3	4
21	847	11	6	3	7	8
21	848	11	6	4	2	12
21	849	11	6	5	4	12
21	850	11	6	7	8	2
21	851	11	6	8	4	12
21	852	11	6	9	3	5
21	853	11	6	10	8	9
21	854	11	6	12	9	2
21	855	11	7	2	5	9
21	856	11	7	3	12	10
21	857	11	7	4	12	2
21	858	11	7	5	2	8
21	859	11	7	6	4	2
21	860	11	7	8	12	2
21	861	11	7	9	4	5
21	862	11	7	10	2	5
21	863	11	7	12	6	4
21	864	11	8	2	5	7
21	865	11	8	3	2	9
21	866	11	8	4	12	9
21	867	11	8	5	2	9
21	868	11	8	6	4	5
21	869	11	8	7	3	10
21	870	11	8	9	3	10
21	871	11	8	10	7	6
21	872	11	8	12	9	2
21	873	11	9	2	10	12
21	874	11	9	3	4	10
21	875	11	9	4	8	5
21	876	11	9	5	2	8
21	877	11	9	6	3	12
21	878	11	9	7	5	12
21	879	11	9	8	3	2
21	880	11	9	10	4	6
21	881	11	9	12	3	4
21	882	11	10	2	8	7
21	883	11	10	3	7	4
21	884	11	10	4	3	6
21	885	11	10	5	7	4
21	886	11	10	6	12	3
21	887	11	10	7	12	8
21	888	11	10	8	9	7
21	889	11	10	9	2	5
21	890	11	10	12	7	3
21	891	11	12	2	3	4
21	892	11	12	3	10	7
21	893	11	12	4	8	7
21	894	11	12	5	7	8
21	895	11	12	6	2	10
21	896	11	12	7	2	9
21	897	11	12	8	2	7
21	898	11	12	9	5	4
21	899	11	12	10	6	2
21	900	12	2	3	6	4
21	901	12	2	4	8	11
21	902	12	2	5	4	6
21	903	12	2	6	4	10
21	904	12	2	7	8	9
21	905	12	2	8	10	7
21	906	12	2	9	8	5
21	907	12	2	10	4	3
21	908	12	2	11	7	6
21	909	12	3	2	5	7
21	910	12	3	4	2	8
21	911	12	3	5	2	4
21	912	12	3	6	5	8
21	913	12	3	7	10	2
21	914	12	3	8	5	10
21	915	12	3	9	2	5
21	916	12	3	10	4	11
21	917	12	3	11	4	8
21	918	12	4	2	5	11
21	919	12	4	3	7	8
21	920	12	4	5	3	8
21	921	12	4	6	3	10
21	922	12	4	7	3	11
21	923	12	4	8	5	3
21	924	12	4	9	7	8
21	925	12	4	10	9	7
21	926	12	4	11	5	3
21	927	12	5	2	3	7
21	928	12	5	3	8	6
21	929	12	5	4	11	3
21	930	12	5	6	2	7
21	931	12	5	7	2	6
21	932	12	5	8	4	3
21	933	12	5	9	6	3
21	934	12	5	10	9	11
21	935	12	5	11	7	6
21	936	12	6	2	3	7
21	937	12	6	3	8	7
21	938	12	6	4	5	11
21	939	12	6	5	7	4
21	940	12	6	7	9	3
21	941	12	6	8	9	11
21	942	12	6	9	4	2
21	943	12	6	10	9	5
21	944	12	6	11	9	10
21	945	12	7	2	5	6
21	946	12	7	3	11	9
21	947	12	7	4	11	8
21	948	12	7	5	8	6
21	949	12	7	6	4	2
21	950	12	7	8	2	11
21	951	12	7	9	4	5
21	952	12	7	10	6	3
21	953	12	7	11	9	8
21	954	12	8	2	6	10
21	955	12	8	3	5	11
21	956	12	8	4	2	11
21	957	12	8	5	9	11
21	958	12	8	6	10	7
21	959	12	8	7	3	5
21	960	12	8	9	3	2
21	961	12	8	10	7	3
21	962	12	8	11	3	9
21	963	12	9	2	7	10
21	964	12	9	3	6	10
21	965	12	9	4	3	10
21	966	12	9	5	4	11
21	967	12	9	6	10	11
21	968	12	9	7	8	2
21	969	12	9	8	7	4
21	970	12	9	10	11	7
21	971	12	9	11	6	8
21	972	12	10	2	3	4
21	973	12	10	3	7	6
21	974	12	10	4	6	7
21	975	12	10	5	3	8
21	976	12	10	6	5	7
21	977	12	10	7	3	4
21	978	12	10	8	9	4
21	979	12	10	9	4	7
21	980	12	10	11	6	5
21	981	12	11	2	7	4
21	982	12	11	3	2	4
21	983	12	11	4	3	7
21	984	12	11	5	4	8
21	985	12	11	6	5	9
21	986	12	11	7	3	6
21	987	12	11	8	2	3
21	988	12	11	9	10	7
21	989	12	11	10	4	7
25	0	2	3	4	12	6
25	1	2	3	5	9	11
25	2	2	3	6	9	11
25	3	2	3	7	4	12
25	4	2	3	8	6	9
25	5	2	3	9	11	12
25	6	2	3	10	5	6
25	7	2	3	11	5	6
25	8	2	3	12	7	11
25	9	2	4	3	6	11
25	10	2	4	5	7	3
25	11	2	4	6	5	8
25	12	2	4	7	3	12
25	13	2	4	8	5	12
25	14	2	4	9	5	10
25	15	2	4	10	6	11
25	16	2	4	11	3	9
25	17	2	4	12	7	3
25	18	2	5	3	4	6
25	19	2	5	4	10	8
25	20	2	5	6	4	10
25	21	2	5	7	4	6
25	22	2	5	8	3	7
25	23	2	5	9	11	3
25	24	2	5	10	4	9
25	25	2	5	11	12	3
25	26	2	5	12	6	8
25	27	2	6	3	8	12
25	28	2	6	4	10	8
25	29	2	6	5	10	4
25	30	2	6	7	12	5
25	31	2	6	8	11	7
25	32	2	6	9	5	10
25	33	2	6	10	4	5
25	34	2	6	11	10	12
25	35	2	6	12	10	8
25	36	2	7	3	9	11
25	37	2	7	4	3	6
25	38	2	7	5	6	11
25	39	2	7	6	5	11
25	40	2	7	8	5	12
25	41	2	7	9	6	11
25	42	2	7	10	4	9
25	43	2	7	11	12	3
25	44	2	7	12	5	3
25	45	2	8	3	5	6
25	46	2	8	4	7	3
25	47	2	8	5	7	6
25	48	2	8	6	11	7
25	49	2	8	7	6	5
25	50	2	8	9	7	4
25	51	2	8	10	6	5
25	52	2	8	11	7	12
25	53	2	8	12	6	3
25	54	2	9	3	7	5
25	55	2	9	4	5	7
25	56	2	9	5	4	8
25	57	2	9	6	10	12
25	58	2	9	7	10	3
25	59	2	9	8	7	6
25	60	2	9	10	7	3
25	61	2	9	11	4	5
25	62	2	9	12	8	6
25	63	2	10	3	6	11
25	64	2	10	4	7	8
25	65	2	10	5	11	4
25	66	2	10	6	8	4
25	67	2	10	7	6	5
25	68	2	10	8	9	6
25	69	2	10	9	12	4
25	70	2	10	11	8	3
25	71	2	10	12	7	4
25	72	2	11	3	10	7
25	73	2	11	4	8	9
25	74	2	11	5	12	3
25	75	2	11	6	4	8
25	76	2	11	7	10	4
25	77	2	11	8	10	6
25	78	2	11	9	7	12
25	79	2	11	10	5	9
25	80	2	11	12	9	8
25	81	2	12	3	6	5
25	82	2	12	4	8	5
25	83	2	12	5	8	7
25	84	2	12	6	4	11
25	85	2	12	7	8	3
25	86	2	12	8	7	6
25	87	2	12	9	11	6
25	88	2	12	10	4	9
25	89	2	12	11	4	6
25	90	3	2	4	10	5
25	91	3	2	5	11	4
25	92	3	2	6	4	8
25	93	3	2	7	5	4
25	94	3	2	8	5	6
25	95	3	2	9	12	4
25	96	3	2	10	7	8
25	97	3	2	11	9	4
25	98	3	2	12	4	9
25	99	3	4	2	8	6
25	100	3	4	5	12	11
25	101	3	4	6	5	10
25	102	3	4	7	12	8
25	103	3	4	8	6	11
25	104	3	4	9	8	5
25	105	3	4	10	11	6
25	106	3	4	11	8	6
25	107	3	4	12	5	10
25	108	3	5	2	8	9
25	109	3	5	4	6	8
25	110	3	5	6	4	2
25	111	3	5	7	12	10
25	112	3	5	8	12	6
25	113	3	5	9	11	7
25	114	3	5	10	8	7
25	115	3	5	11	2	7
25	116	3	5	12	2	8
25	117	3	6	2	8	12
25	118	3	6	4	10	8
25	119	3	6	5	12	11
25	120	3	6	7	5	11
25	121	3	6	8	2	11
25	122	3	6	9	12	7
25	123	3	6	10	4	2
25	124	3	6	11	2	8
25	125	3	6	12	5	11
25	126	3	7	2	8	4
25	127	3	7	4	10	6
25	128	3	7	5	2	4
25	129	3	7	6	8	12
25	130	3	7	8	2	5
25	131	3	7	9	8	5
25	132	3	7	10	4	2
25	133	3	7	11	10	6
25	134	3	7	12	6	4
25	135	3	8	2	6	11
25	136	3	8	4	10	12
25	137	3	8	5	11	12
25	138	3	8	6	9	5
25	139	3	8	7	11	9
25	140	3	8	9	11	10
25	141	3	8	10	12	7
25	142	3	8	11	6	5
25	143	3	8	12	11	9
25	144	3	9	2	10	6
25	145	3	9	4	2	10
25	146	3	9	5	10	7
25	147	3	9	6	11	12
25	148	3	9	7	2	6
25	149	3	9	8	6	7
25	150	3	9	10	8	5
25	151	3	9	11	12	10
25	152	3	9	12	7	6
25	153	3	10	2	7	6
25	154	3	10	4	7	8
25	155	3	10	5	6	7
25	156	3	10	6	12	5
25	157	3	10	7	12	6
25	158	3	10	8	4	11
25	159	3	10	9	11	5
25	160	3	10	11	2	8
25	161	3	10	12	9	7
25	162	3	11	2	10	6
25	163	3	11	4	10	12
25	164	3	11	5	8	10
25	165	3	11	6	7	10
25	166	3	11	7	5	6
25	167	3	11	8	4	5
25	168	3	11	9	10	5
25	169	3	11	10	7	5
25	170	3	11	12	8	9
25	171	3	12	2	4	9
25	172	3	12	4	10	5
25	173	3	12	5	9	7
25	174	3	12	6	10	7
25	175	3	12	7	9	10
25	176	3	12	8	5	9
25	177	3	12	9	5	11
25	178	3	12	10	9	4
25	179	3	12	11	6	4
25	180	4	2	3	8	11
25	181	4	2	5	10	8
25	182	4	2	6	9	12
25	183	4	2	7	12	3
25	184	4	2	8	5	3
25	185	4	2	9	12	11
25	186	4	2	10	3	5
25	187	4	2	11	10	3
25	188	4	2	12	6	9
25	189	4	3	2	11	7
25	190	4	3	5	7	8
25	191	4	3	6	10	7
25	192	4	3	7	6	9
25	193	4	3	8	6	5
25	194	4	3	9	10	8
25	195	4	3	10	8	7
25	196	4	3	11	12	10
25	197	4	3	12	6	5
25	198	4	5	2	10	12
25	199	4	5	3	9	12
25	200	4	5	6	3	7
25	201	4	5	7	8	11
25	202	4	5	8	3	12
25	203	4	5	9	2	7
25	204	4	5	10	2	7
25	205	4	5	11	3	10
25	206	4	5	12	11	7
25	207	4	6	2	11	8
25	208	4	6	3	8	2
25	209	4	6	5	11	3
25	210	4	6	7	3	9
25	211	4	6	8	12	10
25	212	4	6	9	8	11
25	213	4	6	10	11	12
25	214	4	6	11	3	5
25	215	4	6	12	7	3
25	216	4	7	2	6	8
25	217	4	7	3	2	10
25	218	4	7	5	8	6
25	219	4	7	6	5	12
25	220	4	7	8	3	5
25	221	4	7	9	2	6
25	222	4	7	10	8	9
25	223	4	7	11	6	2
25	224	4	7	12	3	5
25	225	4	8	2	10	9
25	226	4	8	3	6	10
25	227	4	8	5	6	11
25	228	4	8	6	2	5
25	229	4	8	7	12	11
25	230	4	8	9	6	10
25	231	4	8	10	11	9
25	232	4	8	11	10	2
25	233	4	8	12	9	7
25	234	4	9	2	3	6
25	235	4	9	3	7	12
25	236	4	9	5	3	2
25	237	4	9	6	8	11
25	238	4	9	7	10	6
25	239	4	9	8	6	10
25	240	4	9	10	5	2
25	241	4	9	11	5	3
25	242	4	9	12	7	11
25	243	4	10	2	7	6
25	244	4	10	3	11	8
25	245	4	10	5	2	6
25	246	4	10	6	9	5
25	247	4	10	7	12	6
25	248	4	10	8	7	5
25	249	4	10	9	5	8
25	250	4	10	11	5	7
25	251	4	10	12	8	11
25	252	4	11	2	5	10
25	253	4	11	3	8	10
25	254	4	11	5	9	3
25	255	4	11	6	12	8
25	256	4	11	7	12	5
25	257	4	11	8	3	7
25	258	4	11	9	5	12
25	259	4	11	10	5	6
25	260	4	11	12	6	8
25	261	4	12	2	3	9
25	262	4	12	3	6	2
25	263	4	12	5	7	3
25	264	4	12	6	7	3
25	265	4	12	7	6	10
25	266	4	12	8	10	3
25	267	4	12	9	5	6
25	268	4	12	10	3	11
25	269	4	12	11	5	3
25	270	5	2	3	9	7
25	271	5	2	4	11	6
25	272	5	2	6	8	9
25	273	5	2	7	6	3
25	274	5	2	8	6	12
25	275	5	2	9	8	10
25	276	5	2	10	9	8
25	277	5	2	11	4	8
25	278	5	2	12	8	6
25	279	5	3	2	10	11
25	280	5	3	4	8	10
25	281	5	3	6	4	2
25	282	5	3	7	11	6
25	283	5	3	8	6	12
25	284	5	3	9	12	6
25	285	5	3	10	12	9
25	286	5	3	11	7	8
25	287	5	3	12	7	10
25	288	5	4	2	6	10
25	289	5	4	3	7	8
25	290	5	4	6	11	2
25	291	5	4	7	3	11
25	292	5	4	8	10	11
25	293	5	4	9	11	6
25	294	5	4	10	8	6
25	295	5	4	11	7	12
25	296	5	4	12	10	7
25	297	5	6	2	3	7
25	298	5	6	3	12	7
25	299	5	6	4	3	12
25	300	5	6	7	2	12
25	301	5	6	8	3	9
25	302	5	6	9	4	2
25	303	5	6	10	8	2
25	304	5	6	11	8	2
25	305	5	6	12	11	2
25	306	5	7	2	11	6
25	307	5	7	3	12	2
25	308	5	7	4	10	9
25	309	5	7	6	2	11
25	310	5	7	8	4	2
25	311	5	7	9	4	10
25	312	5	7	10	4	9
25	313	5	7	11	8	6
25	314	5	7	12	10	9
25	315	5	8	2	10	7
25	316	5	8	3	9	7
25	317	5	8	4	10	6
25	318	5	8	6	4	3
25	319	5	8	7	10	6
25	320	5	8	9	7	2
25	321	5	8	10	11	9
25	322	5	8	11	6	12
25	323	5	8	12	6	11
25	324	5	9	2	10	4
25	325	5	9	3	12	7
25	326	5	9	4	11	3
25	327	5	9	6	4	12
25	328	5	9	7	2	6
25	329	5	9	8	3	12
25	330	5	9	10	6	7
25	331	5	9	11	3	12
25	332	5	9	12	4	7
25	333	5	10	2	6	4
25	334	5	10	3	2	7
25	335	5	10	4	8	11
25	336	5	10	6	2	7
25	337	5	10	7	2	4
25	338	5	10	8	6	4
25	339	5	10	9	3	4
25	340	5	10	11	12	8
25	341	5	10	12	8	6
25	342	5	11	2	3	9
25	343	5	11	3	9	7
25	344	5	11	4	6	3
25	345	5	11	6	7	10
25	346	5	11	7	2	10
25	347	5	11	8	4	7
25	348	5	11	9	2	7
25	349	5	11	10	2	3
25	350	5	11	12	8	2
25	351	5	12	2	7	3
25	352	5	12	3	2	7
25	353	5	12	4	10	8
25	354	5	12	6	8	4
25	355	5	12	7	11	8
25	356	5	12	8	3	9
25	357	5	12	9	6	8
25	358	5	12	10	2	6
25	359	5	12	11	3	2
25	360	6	2	3	8	12
25	361	6	2	4	8	3
25	362	6	2	5	12	11
25	363	6	2	7	8	12
25	364	6	2	8	5	10
25	365	6	2	9	8	4
25	366	6	2	10	3	7
25	367	6	2	11	3	10
25	368	6	2	12	5	10
25	369	6	3	2	5	11
25	370	6	3	4	8	5
25	371	6	3	5	9	7
25	372	6	3	7	12	11
25	373	6	3	8	4	7
25	374	6	3	9	11	5
25	375	6	3	10	8	9
25	376	6	3	11	7	8
25	377	6	3	12	10	8
25	378	6	4	2	9	10
25	379	6	4	3	9	5
25	380	6	4	5	3	7
25	381	6	4	7	3	2
25	382	6	4	8	9	7
25	383	6	4	9	11	5
25	384	6	4	10	2	7
25	385	6	4	11	7	9
25	386	6	4	12	9	3
25	387	6	5	2	7	3
25	388	6	5	3	11	10
25	389	6	5	4	9	3
25	390	6	5	7	8	9
25	391	6	5	8	2	7
25	392	6	5	9	4	11
25	393	6	5	10	9	3
25	394	6	5	11	10	4
25	395	6	5	12	10	2
25	396	6	7	2	4	11
25	397	6	7	3	4	5
25	398	6	7	4	3	5
25	399	6	7	5	10	3
25	400	6	7	8	5	10
25	401	6	7	9	8	5
25	402	6	7	10	4	12
25	403	6	7	11	9	8
25	404	6	7	12	5	4
25	405	6	8	2	5	11
25	406	6	8	3	5	12
25	407	6	8	4	11	7
25	408	6	8	5	3	7
25	409	6	8	7	11	12
25	410	6	8	9	4	11
25	411	6	8	10	9	5
25	412	6	8	11	2	7
25	413	6	8	12	11	9
25	414	6	9	2	8	4
25	415	6	9	3	10	8
25	416	6	9	4	8	7
25	417	6	9	5	11	3
25	418	6	9	7	3	10
25	419	6	9	8	11	5
25	420	6	9	10	8	7
25	421	6	9	11	2	5
25	422	6	9	12	8	5
25	423	6	10	2	3	9
25	424	6	10	3	8	2
25	425	6	10	4	5	3
25	426	6	10	5	4	7
25	427	6	10	7	12	5
25	428	6	10	8	4	5
25	429	6	10	9	5	8
25	430	6	10	11	5	2
25	431	6	10	12	3	11
25	432	6	11	2	8	4
25	433	6	11	3	5	4
25	434	6	11	4	3	7
25	435	6	11	5	2	12
25	436	6	11	7	12	5
25	437	6	11	8	4	10
25	438	6	11	9	7	5
25	439	6	11	10	9	5
25	440	6	11	12	3	10
25	441	6	12	2	11	10
25	442	6	12	3	7	11
25	443	6	12	4	2	11
25	444	6	12	5	8	4
25	445	6	12	7	3	9
25	446	6	12	8	2	5
25	447	6	12	9	5	11
25	448	6	12	10	3	4
25	449	6	12	11	9	7
25	450	7	2	3	8	9
25	451	7	2	4	9	11
25	452	7	2	5	6	9
25	453	7	2	6	8	3
25	454	7	2	8	4	3
25	455	7	2	9	6	11
25	456	7	2	10	3	8
25	457	7	2	11	8	6
25	458	7	2	12	10	4
25	459	7	3	2	9	5
25	460	7	3	4	9	11
25	461	7	3	5	4	12
25	462	7	3	6	8	10
25	463	7	3	8	2	11
25	464	7	3	9	11	4
25	465	7	3	10	11	12
25	466	7	3	11	10	2
25	467	7	3	12	11	10
25	468	7	4	2	6	3
25	469	7	4	3	12	11
25	470	7	4	5	12	6
25	471	7	4	6	3	10
25	472	7	4	8	3	5
25	473	7	4	9	3	2
25	474	7	4	10	11	5
25	475	7	4	11	9	6
25	476	7	4	12	10	6
25	477	7	5	2	11	3
25	478	7	5	3	12	9
25	479	7	5	4	9	12
25	480	7	5	6	3	10
25	481	7	5	8	4	3
25	482	7	5	9	3	2
25	483	7	5	10	3	4
25	484	7	5	11	8	9
25	485	7	5	12	10	2
25	486	7	6	2	11	8
25	487	7	6	3	11	4
25	488	7	6	4	12	11
25	489	7	6	5	8	10
25	490	7	6	8	12	5
25	491	7	6	9	4	3
25	492	7	6	10	8	5
25	493	7	6	11	12	8
25	494	7	6	12	2	9
25	495	7	8	2	10	5
25	496	7	8	3	2	5
25	497	7	8	4	10	12
25	498	7	8	5	4	12
25	499	7	8	6	9	10
25	500	7	8	9	4	11
25	501	7	8	10	2	12
25	502	7	8	11	2	9
25	503	7	8	12	3	2
25	504	7	9	2	4	6
25	505	7	9	3	2	4
25	506	7	9	4	11	6
25	507	7	9	5	2	3
25	508	7	9	6	4	8
25	509	7	9	8	3	4
25	510	7	9	10	2	11
25	511	7	9	11	8	2
25	512	7	9	12	4	8
25	513	7	10	2	4	12
25	514	7	10	3	2	5
25	515	7	10	4	9	12
25	516	7	10	5	11	12
25	517	7	10	6	3	11
25	518	7	10	8	9	6
25	519	7	10	9	12	3
25	520	7	10	11	4	9
25	521	7	10	12	8	4
25	522	7	11	2	10	12
25	523	7	11	3	10	4
25	524	7	11	4	10	5
25	525	7	11	5	2	3
25	526	7	11	6	12	4
25	527	7	11	8	9	5
25	528	7	11	9	2	12
25	529	7	11	10	3	2
25	530	7	11	12	5	4
25	531	7	12	2	6	9
25	532	7	12	3	5	10
25	533	7	12	4	3	6
25	534	7	12	5	9	4
25	535	7	12	6	9	3
25	536	7	12	8	9	2
25	537	7	12	9	4	8
25	538	7	12	10	4	3
25	539	7	12	11	6	2
25	540	8	2	3	6	7
25	541	8	2	4	5	7
25	542	8	2	5	12	4
25	543	8	2	6	5	3
25	544	8	2	7	3	12
25	545	8	2	9	10	12
25	546	8	2	10	5	12
25	547	8	2	11	3	6
25	548	8	2	12	6	11
25	549	8	3	2	12	5
25	550	8	3	4	10	6
25	551	8	3	5	6	10
25	552	8	3	6	4	10
25	553	8	3	7	4	2
25	554	8	3	9	4	12
25	555	8	3	10	2	9
25	556	8	3	11	2	5
25	557	8	3	12	2	7
25	558	8	4	2	3	7
25	559	8	4	3	10	7
25	560	8	4	5	9	6
25	561	8	4	6	3	10
25	562	8	4	7	6	9
25	563	8	4	9	11	10
25	564	8	4	10	7	2
25	565	8	4	11	7	3
25	566	8	4	12	5	3
25	567	8	5	2	12	9
25	568	8	5	3	12	2
25	569	8	5	4	7	3
25	570	8	5	6	10	3
25	571	8	5	7	4	9
25	572	8	5	9	12	2
25	573	8	5	10	12	3
25	574	8	5	11	2	7
25	575	8	5	12	3	6
25	576	8	6	2	12	9
25	577	8	6	3	9	10
25	578	8	6	4	2	12
25	579	8	6	5	7	4
25	580	8	6	7	12	5
25	581	8	6	9	11	4
25	582	8	6	10	12	9
25	583	8	6	11	10	12
25	584	8	6	12	5	7
25	585	8	7	2	3	10
25	586	8	7	3	6	9
25	587	8	7	4	5	6
25	588	8	7	5	11	3
25	589	8	7	6	5	11
25	590	8	7	9	3	11
25	591	8	7	10	12	2
25	592	8	7	11	9	2
25	593	8	7	12	11	3
25	594	8	9	2	10	11
25	595	8	9	3	12	7
25	596	8	9	4	2	11
25	597	8	9	5	4	11
25	598	8	9	6	5	12
25	599	8	9	7	3	11
25	600	8	9	10	2	4
25	601	8	9	11	7	6
25	602	8	9	12	4	11
25	603	8	10	2	6	5
25	604	8	10	3	4	7
25	605	8	10	4	9	2
25	606	8	10	5	2	12
25	607	8	10	6	11	3
25	608	8	10	7	11	2
25	609	8	10	9	4	5
25	610	8	10	11	9	12
25	611	8	10	12	5	4
25	612	8	11	2	9	7
25	613	8	11	3	5	10
25	614	8	11	4	3	7
25	615	8	11	5	12	10
25	616	8	11	6	12	2
25	617	8	11	7	4	6
25	618	8	11	9	2	7
25	619	8	11	10	7	9
25	620	8	11	12	10	6
25	621	8	12	2	7	6
25	622	8	12	3	4	11
25	623	8	12	4	10	5
25	624	8	12	5	11	2
25	625	8	12	6	7	10
25	626	8	12	7	3	10
25	627	8	12	9	2	5
25	628	8	12	10	2	5
25	629	8	12	11	7	9
25	630	9	2	3	5	6
25	631	9	2	4	5	6
25	632	9	2	5	6	12
25	633	9	2	6	8	10
25	634	9	2	7	3	11
25	635	9	2	8	3	11
25	636	9	2	10	12	8
25	637	9	2	11	3	5
25	638	9	2	12	8	11
25	639	9	3	2	11	12
25	640	9	3	4	10	2
25	641	9	3	5	12	8
25	642	9	3	6	10	5
25	643	9	3	7	5	10
25	644	9	3	8	4	12
25	645	9	3	10	2	5
25	646	9	3	11	7	5
25	647	9	3	12	2	4
25	648	9	4	2	5	12
25	649	9	4	3	6	5
25	650	9	4	5	3	7
25	651	9	4	6	11	2
25	652	9	4	7	5	11
25	653	9	4	8	12	5
25	654	9	4	10	11	8
25	655	9	4	11	10	6
25	656	9	4	12	5	3
25	657	9	5	2	12	10
25	658	9	5	3	12	6
25	659	9	5	4	11	6
25	660	9	5	6	11	2
25	661	9	5	7	3	10
25	662	9	5	8	4	6
25	663	9	5	10	8	2
25	664	9	5	11	12	2
25	665	9	5	12	11	10
25	666	9	6	2	10	7
25	667	9	6	3	8	4
25	668	9	6	4	10	11
25	669	9	6	5	12	3
25	670	9	6	7	4	10
25	671	9	6	8	11	5
25	672	9	6	10	11	12
25	673	9	6	11	3	10
25	674	9	6	12	8	7
25	675	9	7	2	8	12
25	676	9	7	3	4	8
25	677	9	7	4	3	12
25	678	9	7	5	10	12
25	679	9	7	6	3	12
25	680	9	7	8	5	12
25	681	9	7	10	2	5
25	682	9	7	11	2	6
25	683	9	7	12	2	10
25	684	9	8	2	12	5
25	685	9	8	3	7	5
25	686	9	8	4	7	6
25	687	9	8	5	2	4
25	688	9	8	6	7	12
25	689	9	8	7	2	6
25	690	9	8	10	5	11
25	691	9	8	11	12	10
25	692	9	8	12	4	10
25	693	9	10	2	11	6
25	694	9	10	3	8	5
25	695	9	10	4	2	7
25	696	9	10	5	12	7
25	697	9	10	6	11	2
25	698	9	10	7	6	2
25	699	9	10	8	12	3
25	700	9	10	11	8	2
25	701	9	10	12	5	7
25	702	9	11	2	12	8
25	703	9	11	3	12	4
25	704	9	11	4	8	6
25	705	9	11	5	10	4
25	706	9	11	6	3	2
25	707	9	11	7	4	12
25	708	9	11	8	4	3
25	709	9	11	10	7	6
25	710	9	11	12	3	8
25	711	9	12	2	8	10
25	712	9	12	3	4	7
25	713	9	12	4	11	8
25	714	9	12	5	8	7
25	715	9	12	6	2	8
25	716	9	12	7	3	6
25	717	9	12	8	5	7
25	718	9	12	10	11	3
25	719	9	12	11	4	7
25	720	10	2	3	11	9
25	721	10	2	4	3	6
25	722	10	2	5	8	9
25	723	10	2	6	11	8
25	724	10	2	7	9	8
25	725	10	2	8	11	6
25	726	10	2	9	5	8
25	727	10	2	11	12	4
25	728	10	2	12	7	3
25	729	10	3	2	7	12
25	730	10	3	4	5	2
25	731	10	3	5	11	9
25	732	10	3	6	8	11
25	733	10	3	7	11	2
25	734	10	3	8	4	2
25	735	10	3	9	12	4
25	736	10	3	11	2	9
25	737	10	3	12	9	8
25	738	10	4	2	9	3
25	739	10	4	3	12	2
25	740	10	4	5	2	9
25	741	10	4	6	12	2
25	742	10	4	7	8	5
25	743	10	4	8	3	11
25	744	10	4	9	3	7
25	745	10	4	11	6	5
25	746	10	4	12	6	8
25	747	10	5	2	3	12
25	748	10	5	3	2	12
25	749	10	5	4	9	6
25	750	10	5	6	11	12
25	751	10	5	7	3	8
25	752	10	5	8	11	4
25	753	10	5	9	2	4
25	754	10	5	11	4	3
25	755	10	5	12	9	3
25	756	10	6	2	9	8
25	757	10	6	3	2	11
25	758	10	6	4	2	3
25	759	10	6	5	2	4
25	760	10	6	7	8	2
25	761	10	6	8	5	12
25	762	10	6	9	3	11
25	763	10	6	11	12	8
25	764	10	6	12	8	5
25	765	10	7	2	4	9
25	766	10	7	3	12	4
25	767	10	7	4	11	5
25	768	10	7	5	3	9
25	769	10	7	6	9	12
25	770	10	7	8	12	3
25	771	10	7	9	5	3
25	772	10	7	11	8	2
25	773	10	7	12	4	2
25	774	10	8	2	6	7
25	775	10	8	3	11	5
25	776	10	8	4	12	6
25	777	10	8	5	3	11
25	778	10	8	6	11	12
25	779	10	8	7	2	12
25	780	10	8	9	12	4
25	781	10	8	11	6	3
25	782	10	8	12	6	11
25	783	10	9	2	12	8
25	784	10	9	3	8	7
25	785	10	9	4	11	12
25	786	10	9	5	4	8
25	787	10	9	6	8	11
25	788	10	9	7	2	8
25	789	10	9	8	3	6
25	790	10	9	11	7	8
25	791	10	9	12	11	7
25	792	10	11	2	9	12
25	793	10	11	3	2	6
25	794	10	11	4	5	6
25	795	10	11	5	4	12
25	796	10	11	6	7	9
25	797	10	11	7	5	6
25	798	10	11	8	7	12
25	799	10	11	9	4	12
25	800	10	11	12	8	6
25	801	10	12	2	8	9
25	802	10	12	3	7	8
25	803	10	12	4	5	7
25	804	10	12	5	7	11
25	805	10	12	6	4	7
25	806	10	12	7	8	4
25	807	10	12	8	6	9
25	808	10	12	9	5	6
25	809	10	12	11	5	8
25	810	11	2	3	10	8
25	811	11	2	4	8	9
25	812	11	2	5	3	10
25	813	11	2	6	4	12
25	814	11	2	7	4	3
25	815	11	2	8	7	9
25	816	11	2	9	4	12
25	817	11	2	10	4	12
25	818	11	2	12	5	7
25	819	11	3	2	10	5
25	820	11	3	4	10	5
25	821	11	3	5	2	8
25	822	11	3	6	12	10
25	823	11	3	7	10	5
25	824	11	3	8	5	9
25	825	11	3	9	8	5
25	826	11	3	10	6	8
25	827	11	3	12	10	4
25	828	11	4	2	8	3
25	829	11	4	3	8	2
25	830	11	4	5	2	10
25	831	11	4	6	10	7
25	832	11	4	7	2	12
25	833	11	4	8	7	10
25	834	11	4	9	6	2
25	835	11	4	10	12	8
25	836	11	4	12	10	6
25	837	11	5	2	9	12
25	838	11	5	3	8	4
25	839	11	5	4	12	10
25	840	11	5	6	12	7
25	841	11	5	7	10	12
25	842	11	5	8	10	9
25	843	11	5	9	12	4
25	844	11	5	10	2	6
25	845	11	5	12	4	10
25	846	11	6	2	5	10
25	847	11	6	3	7	8
25	848	11	6	4	12	3
25	849	11	6	5	8	7
25	850	11	6	7	12	3
25	851	11	6	8	10	3
25	852	11	6	9	5	4
25	853	11	6	10	3	2
25	854	11	6	12	3	9
25	855	11	7	2	10	9
25	856	11	7	3	8	6
25	857	11	7	4	5	8
25	858	11	7	5	3	2
25	859	11	7	6	10	12
25	860	11	7	8	2	5
25	861	11	7	9	2	8
25	862	11	7	10	3	4
25	863	11	7	12	8	9
25	864	11	8	2	7	10
25	865	11	8	3	10	4
25	866	11	8	4	9	12
25	867	11	8	5	3	4
25	868	11	8	6	5	12
25	869	11	8	7	12	6
25	870	11	8	9	3	10
25	871	11	8	10	4	2
25	872	11	8	12	7	10
25	873	11	9	2	10	3
25	874	11	9	3	6	7
25	875	11	9	4	12	8
25	876	11	9	5	3	7
25	877	11	9	6	2	4
25	878	11	9	7	3	10
25	879	11	9	8	2	3
25	880	11	9	10	5	12
25	881	11	9	12	2	4
25	882	11	10	2	6	7
25	883	11	10	3	5	12
25	884	11	10	4	3	8
25	885	11	10	5	9	3
25	886	11	10	6	7	2
25	887	11	10	7	3	9
25	888	11	10	8	5	2
25	889	11	10	9	8	7
25	890	11	10	12	2	8
25	891	11	12	2	4	3
25	892	11	12	3	10	8
25	893	11	12	4	7	6
25	894	11	12	5	10	2
25	895	11	12	6	3	4
25	896	11	12	7	8	6
25	897	11	12	8	5	6
25	898	11	12	9	4	3
25	899	11	12	10	7	9
25	900	12	2	3	11	10
25	901	12	2	4	10	6
25	902	12	2	5	7	6
25	903	12	2	6	11	3
25	904	12	2	7	11	5
25	905	12	2	8	11	6
25	906	12	2	9	8	6
25	907	12	2	10	3	4
25	908	12	2	11	7	10
25	909	12	3	2	8	9
25	910	12	3	4	5	10
25	911	12	3	5	4	7
25	912	12	3	6	4	11
25	913	12	3	7	4	8
25	914	12	3	8	9	11
25	915	12	3	9	11	5
25	916	12	3	10	5	2
25	917	12	3	11	8	2
25	918	12	4	2	8	11
25	919	12	4	3	11	6
25	920	12	4	5	9	8
25	921	12	4	6	10	11
25	922	12	4	7	11	5
25	923	12	4	8	10	9
25	924	12	4	9	3	10
25	925	12	4	10	2	3
25	926	12	4	11	10	8
25	927	12	5	2	11	7
25	928	12	5	3	6	10
25	929	12	5	4	10	2
25	930	12	5	6	11	4
25	931	12	5	7	2	6
25	932	12	5	8	9	11
25	933	12	5	9	2	10
25	934	12	5	10	6	4
25	935	12	5	11	6	4
25	936	12	6	2	7	3
25	937	12	6	3	4	7
25	938	12	6	4	3	11
25	939	12	6	5	9	8
25	940	12	6	7	2	11
25	941	12	6	8	5	3
25	942	12	6	9	10	11
25	943	12	6	10	8	9
25	944	12	6	11	9	2
25	945	12	7	2	10	3
25	946	12	7	3	2	11
25	947	12	7	4	8	9
25	948	12	7	5	6	2
25	949	12	7	6	9	8
25	950	12	7	8	10	2
25	951	12	7	9	4	3
25	952	12	7	10	11	5
25	953	12	7	11	9	4
25	954	12	8	2	5	11
25	955	12	8	3	4	5
25	956	12	8	4	3	11
25	957	12	8	5	6	9
25	958	12	8	6	10	9
25	959	12	8	7	10	2
25	960	12	8	9	11	2
25	961	12	8	10	5	6
25	962	12	8	11	3	7
25	963	12	9	2	6	7
25	964	12	9	3	8	11
25	965	12	9	4	5	10
25	966	12	9	5	2	7
25	967	12	9	6	5	10
25	968	12	9	7	10	11
25	969	12	9	8	11	4
25	970	12	9	10	11	8
25	971	12	9	11	7	5
25	972	12	10	2	6	8
25	973	12	10	3	7	2
25	974	12	10	4	3	7
25	975	12	10	5	6	4
25	976	12	10	6	8	2
25	977	12	10	7	3	9
25	978	12	10	8	2	5
25	979	12	10	9	8	2
25	980	12	10	11	8	9
25	981	12	11	2	10	9
25	982	12	11	3	7	9
25	983	12	11	4	10	7
25	984	12	11	5	3	7
25	985	12	11	6	2	9
25	986	12	11	7	5	8
25	987	12	11	8	10	7
25	988	12	11	9	5	7
25	989	12	11	10	2	8
45	0	2	3	4	7	6
45	1	2	3	5	9	8
45	2	2	3	6	5	4
45	3	2	3	7	9	4
45	4	2	3	8	10	11
45	5	2	3	9	6	10
45	6	2	3	10	4	6
45	7	2	3	11	4	10
45	8	2	3	12	4	6
45	9	2	4	3	8	9
45	10	2	4	5	9	7
45	11	2	4	6	11	3
45	12	2	4	7	12	9
45	13	2	4	8	9	5
45	14	2	4	9	10	12
45	15	2	4	10	8	7
45	16	2	4	11	9	10
45	17	2	4	12	3	9
45	18	2	5	3	12	4
45	19	2	5	4	9	7
45	20	2	5	6	3	9
45	21	2	5	7	11	12
45	22	2	5	8	6	3
45	23	2	5	9	8	7
45	24	2	5	10	8	4
45	25	2	5	11	10	6
45	26	2	5	12	7	9
45	27	2	6	3	7	10
45	28	2	6	4	8	5
45	29	2	6	5	9	10
45	30	2	6	7	10	9
45	31	2	6	8	4	10
45	32	2	6	9	3	12
45	33	2	6	10	7	8
45	34	2	6	11	8	10
45	35	2	6	12	4	5
45	36	2	7	3	9	12
45	37	2	7	4	10	8
45	38	2	7	5	12	6
45	39	2	7	6	11	5
45	40	2	7	8	5	10
45	41	2	7	9	12	11
45	42	2	7	10	6	4
45	43	2	7	11	5	6
45	44	2	7	12	10	11
45	45	2	8	3	9	6
45	46	2	8	4	7	11
45	47	2	8	5	7	6
45	48	2	8	6	11	5
45	49	2	8	7	3	6
45	50	2	8	9	3	7
45	51	2	8	10	5	4
45	52	2	8	11	4	10
45	53	2	8	12	9	7
45	54	2	9	3	8	4
45	55	2	9	4	10	5
45	56	2	9	5	8	6
45	57	2	9	6	7	8
45	58	2	9	7	8	5
45	59	2	9	8	10	5
45	60	2	9	10	4	12
45	61	2	9	11	4	7
45	62	2	9	12	6	4
45	63	2	10	3	8	6
45	64	2	10	4	9	12
45	65	2	10	5	9	11
45	66	2	10	6	7	4
45	67	2	10	7	3	8
45	68	2	10	8	7	11
45	69	2	10	9	5	3
45	70	2	10	11	12	3
45	71	2	10	12	3	5
45	72	2	11	3	10	6
45	73	2	11	4	10	6
45	74	2	11	5	9	12
45	75	2	11	6	8	5
45	76	2	11	7	4	3
45	77	2	11	8	9	12
45	78	2	11	9	4	3
45	79	2	11	10	3	9
45	80	2	11	12	3	10
45	81	2	12	3	7	8
45	82	2	12	4	6	3
45	83	2	12	5	4	6
45	84	2	12	6	5	8
45	85	2	12	7	10	6
45	86	2	12	8	3	5
45	87	2	12	9	11	7
45	88	2	12	10	8	3
45	89	2	12	11	5	6
45	90	3	2	4	7	8
45	91	3	2	5	10	11
45	92	3	2	6	4	11
45	93	3	2	7	6	4
45	94	3	2	8	11	7
45	95	3	2	9	8	10
45	96	3	2	10	6	12
45	97	3	2	11	8	5
45	98	3	2	12	7	10
45	99	3	4	2	6	5
45	100	3	4	5	7	11
45	101	3	4	6	8	5
45	102	3	4	7	10	12
45	103	3	4	8	7	6
45	104	3	4	9	6	12
45	105	3	4	10	11	12
45	106	3	4	11	8	2
45	107	3	4	12	8	10
45	108	3	5	2	10	7
45	109	3	5	4	8	12
45	110	3	5	6	7	11
45	111	3	5	7	10	11
45	112	3	5	8	6	11
45	113	3	5	9	10	6
45	114	3	5	10	6	12
45	115	3	5	11	12	6
45	116	3	5	12	6	9
45	117	3	6	2	10	5
45	118	3	6	4	2	8
45	119	3	6	5	7	9
45	120	3	6	7	8	10
45	121	3	6	8	2	12
45	122	3	6	9	2	4
45	123	3	6	10	11	2
45	124	3	6	11	2	5
45	125	3	6	12	4	8
45	126	3	7	2	10	5
45	127	3	7	4	5	10
45	128	3	7	5	10	12
45	129	3	7	6	4	5
45	130	3	7	8	9	10
45	131	3	7	9	11	4
45	132	3	7	10	11	5
45	133	3	7	11	5	8
45	134	3	7	12	4	9
45	135	3	8	2	4	9
45	136	3	8	4	12	10
45	137	3	8	5	4	7
45	138	3	8	6	10	2
45	139	3	8	7	10	2
45	140	3	8	9	6	12
45	141	3	8	10	7	2
45	142	3	8	11	6	9
45	143	3	8	12	2	4
45	144	3	9	2	8	12
45	145	3	9	4	7	11
45	146	3	9	5	10	6
45	147	3	9	6	10	4
45	148	3	9	7	5	4
45	149	3	9	8	6	12
45	150	3	9	10	11	8
45	151	3	9	11	4	2
45	152	3	9	12	5	8
45	153	3	10	2	8	4
45	154	3	10	4	9	6
45	155	3	10	5	9	6
45	156	3	10	6	11	8
45	157	3	10	7	12	5
45	158	3	10	8	4	7
45	159	3	10	9	2	8
45	160	3	10	11	8	4
45	161	3	10	12	2	6
45	162	3	11	2	6	7
45	163	3	11	4	2	6
45	164	3	11	5	6	8
45	165	3	11	6	10	5
45	166	3	11	7	10	9
45	167	3	11	8	10	6
45	168	3	11	9	8	7
45	169	3	11	10	4	7
45	170	3	11	12	5	8
45	171	3	12	2	8	4
45	172	3	12	4	8	2
45	173	3	12	5	9	7
45	174	3	12	6	4	10
45	175	3	12	7	8	9
45	176	3	12	8	6	7
45	177	3	12	9	11	8
45	178	3	12	10	9	7
45	179	3	12	11	9	4
45	180	4	2	3	7	11
45	181	4	2	5	6	11
45	182	4	2	6	3	5
45	183	4	2	7	6	8
45	184	4	2	8	10	11
45	185	4	2	9	3	11
45	186	4	2	10	12	3
45	187	4	2	11	8	9
45	188	4	2	12	6	9
45	189	4	3	2	11	7
45	190	4	3	5	2	8
45	191	4	3	6	9	2
45	192	4	3	7	8	5
45	193	4	3	8	11	2
45	194	4	3	9	11	7
45	195	4	3	10	9	6
45	196	4	3	11	6	10
45	197	4	3	12	7	2
45	198	4	5	2	12	11
45	199	4	5	3	2	11
45	200	4	5	6	2	9
45	201	4	5	7	3	8
45	202	4	5	8	12	9
45	203	4	5	9	10	6
45	204	4	5	10	12	8
45	205	4	5	11	6	9
45	206	4	5	12	11	10
45	207	4	6	2	7	8
45	208	4	6	3	8	2
45	209	4	6	5	12	11
45	210	4	6	7	2	10
45	211	4	6	8	7	12
45	212	4	6	9	5	2
45	213	4	6	10	8	12
45	214	4	6	11	5	3
45	215	4	6	12	3	10
45	216	4	7	2	3	5
45	217	4	7	3	12	6
45	218	4	7	5	2	10
45	219	4	7	6	5	12
45	220	4	7	8	9	11
45	221	4	7	9	12	5
45	222	4	7	10	5	2
45	223	4	7	11	9	10
45	224	4	7	12	5	2
45	225	4	8	2	11	6
45	226	4	8	3	5	11
45	227	4	8	5	11	2
45	228	4	8	6	7	3
45	229	4	8	7	3	12
45	230	4	8	9	3	11
45	231	4	8	10	12	5
45	232	4	8	11	7	10
45	233	4	8	12	6	10
45	234	4	9	2	7	11
45	235	4	9	3	5	10
45	236	4	9	5	7	6
45	237	4	9	6	11	7
45	238	4	9	7	5	8
45	239	4	9	8	3	10
45	240	4	9	10	7	11
45	241	4	9	11	10	7
45	242	4	9	12	3	10
45	243	4	10	2	9	8
45	244	4	10	3	8	9
45	245	4	10	5	12	9
45	246	4	10	6	9	2
45	247	4	10	7	3	2
45	248	4	10	8	3	7
45	249	4	10	9	2	11
45	250	4	10	11	2	3
45	251	4	10	12	6	2
45	252	4	11	2	7	6
45	253	4	11	3	12	8
45	254	4	11	5	10	9
45	255	4	11	6	12	7
45	256	4	11	7	8	5
45	257	4	11	8	2	12
45	258	4	11	9	3	8
45	259	4	11	10	3	5
45	260	4	11	12	7	3
45	261	4	12	2	3	10
45	262	4	12	3	2	5
45	263	4	12	5	11	3
45	264	4	12	6	3	8
45	265	4	12	7	8	6
45	266	4	12	8	5	7
45	267	4	12	9	8	3
45	268	4	12	10	5	8
45	269	4	12	11	8	5
45	270	5	2	3	8	10
45	271	5	2	4	8	6
45	272	5	2	6	9	8
45	273	5	2	7	9	10
45	274	5	2	8	3	4
45	275	5	2	9	12	6
45	276	5	2	10	11	4
45	277	5	2	11	4	7
45	278	5	2	12	10	9
45	279	5	3	2	10	9
45	280	5	3	4	2	10
45	281	5	3	6	2	9
45	282	5	3	7	8	4
45	283	5	3	8	2	9
45	284	5	3	9	6	7
45	285	5	3	10	9	11
45	286	5	3	11	4	9
45	287	5	3	12	6	2
45	288	5	4	2	10	3
45	289	5	4	3	8	7
45	290	5	4	6	7	10
45	291	5	4	7	3	8
45	292	5	4	8	9	10
45	293	5	4	9	8	11
45	294	5	4	10	2	6
45	295	5	4	11	8	6
45	296	5	4	12	6	3
45	297	5	6	2	9	4
45	298	5	6	3	12	8
45	299	5	6	4	7	11
45	300	5	6	7	4	2
45	301	5	6	8	11	12
45	302	5	6	9	12	10
45	303	5	6	10	11	4
45	304	5	6	11	12	9
45	305	5	6	12	11	9
45	306	5	7	2	4	12
45	307	5	7	3	4	8
45	308	5	7	4	9	8
45	309	5	7	6	2	10
45	310	5	7	8	10	11
45	311	5	7	9	8	12
45	312	5	7	10	8	9
45	313	5	7	11	3	6
45	314	5	7	12	4	9
45	315	5	8	2	4	3
45	316	5	8	3	7	11
45	317	5	8	4	9	6
45	318	5	8	6	9	7
45	319	5	8	7	2	3
45	320	5	8	9	11	4
45	321	5	8	10	11	7
45	322	5	8	11	10	3
45	323	5	8	12	6	9
45	324	5	9	2	7	11
45	325	5	9	3	12	11
45	326	5	9	4	10	8
45	327	5	9	6	3	2
45	328	5	9	7	11	10
45	329	5	9	8	2	7
45	330	5	9	10	7	12
45	331	5	9	11	8	3
45	332	5	9	12	2	6
45	333	5	10	2	3	12
45	334	5	10	3	11	12
45	335	5	10	4	11	3
45	336	5	10	6	4	3
45	337	5	10	7	12	9
45	338	5	10	8	11	9
45	339	5	10	9	3	6
45	340	5	10	11	12	8
45	341	5	10	12	9	8
45	342	5	11	2	7	12
45	343	5	11	3	9	4
45	344	5	11	4	12	2
45	345	5	11	6	4	9
45	346	5	11	7	8	12
45	347	5	11	8	4	12
45	348	5	11	9	3	10
45	349	5	11	10	8	2
45	350	5	11	12	10	6
45	351	5	12	2	8	3
45	352	5	12	3	8	6
45	353	5	12	4	9	8
45	354	5	12	6	4	3
45	355	5	12	7	4	2
45	356	5	12	8	2	4
45	357	5	12	9	8	10
45	358	5	12	10	11	4
45	359	5	12	11	7	4
45	360	6	2	3	12	7
45	361	6	2	4	10	7
45	362	6	2	5	9	3
45	363	6	2	7	11	8
45	364	6	2	8	9	4
45	365	6	2	9	7	11
45	366	6	2	10	8	9
45	367	6	2	11	9	5
45	368	6	2	12	9	4
45	369	6	3	2	9	4
45	370	6	3	4	7	10
45	371	6	3	5	9	4
45	372	6	3	7	12	11
45	373	6	3	8	2	4
45	374	6	3	9	12	7
45	375	6	3	10	11	7
45	376	6	3	11	8	5
45	377	6	3	12	7	9
45	378	6	4	2	12	10
45	379	6	4	3	12	10
45	380	6	4	5	10	9
45	381	6	4	7	12	9
45	382	6	4	8	11	12
45	383	6	4	9	8	12
45	384	6	4	10	5	2
45	385	6	4	11	12	10
45	386	6	4	12	7	8
45	387	6	5	2	8	7
45	388	6	5	3	7	10
45	389	6	5	4	11	10
45	390	6	5	7	8	9
45	391	6	5	8	7	4
45	392	6	5	9	11	4
45	393	6	5	10	8	3
45	394	6	5	11	4	2
45	395	6	5	12	9	8
45	396	6	7	2	4	5
45	397	6	7	3	4	8
45	398	6	7	4	3	2
45	399	6	7	5	3	9
45	400	6	7	8	3	5
45	401	6	7	9	4	3
45	402	6	7	10	9	2
45	403	6	7	11	8	9
45	404	6	7	12	8	3
45	405	6	8	2	4	11
45	406	6	8	3	2	5
45	407	6	8	4	11	5
45	408	6	8	5	12	10
45	409	6	8	7	5	3
45	410	6	8	9	12	5
45	411	6	8	10	9	11
45	412	6	8	11	9	2
45	413	6	8	12	4	9
45	414	6	9	2	7	5
45	415	6	9	3	2	4
45	416	6	9	4	11	2
45	417	6	9	5	10	4
45	418	6	9	7	11	5
45	419	6	9	8	4	12
45	420	6	9	10	3	4
45	421	6	9	11	12	8
45	422	6	9	12	2	11
45	423	6	10	2	7	11
45	424	6	10	3	11	12
45	425	6	10	4	11	2
45	426	6	10	5	8	4
45	427	6	10	7	3	8
45	428	6	10	8	5	4
45	429	6	10	9	3	2
45	430	6	10	11	2	9
45	431	6	10	12	7	5
45	432	6	11	2	7	3
45	433	6	11	3	5	7
45	434	6	11	4	12	9
45	435	6	11	5	2	12
45	436	6	11	7	3	10
45	437	6	11	8	5	3
45	438	6	11	9	7	8
45	439	6	11	10	4	5
45	440	6	11	12	10	4
45	441	6	12	2	10	11
45	442	6	12	3	10	5
45	443	6	12	4	5	2
45	444	6	12	5	3	11
45	445	6	12	7	4	2
45	446	6	12	8	4	3
45	447	6	12	9	5	4
45	448	6	12	10	7	8
45	449	6	12	11	4	7
45	450	7	2	3	9	4
45	451	7	2	4	6	10
45	452	7	2	5	12	6
45	453	7	2	6	12	11
45	454	7	2	8	6	9
45	455	7	2	9	8	5
45	456	7	2	10	6	12
45	457	7	2	11	10	5
45	458	7	2	12	6	3
45	459	7	3	2	10	6
45	460	7	3	4	8	5
45	461	7	3	5	6	9
45	462	7	3	6	2	9
45	463	7	3	8	12	9
45	464	7	3	9	4	2
45	465	7	3	10	5	11
45	466	7	3	11	4	8
45	467	7	3	12	4	5
45	468	7	4	2	12	11
45	469	7	4	3	8	12
45	470	7	4	5	3	8
45	471	7	4	6	11	3
45	472	7	4	8	5	11
45	473	7	4	9	6	2
45	474	7	4	10	6	2
45	475	7	4	11	12	10
45	476	7	4	12	6	8
45	477	7	5	2	10	8
45	478	7	5	3	9	10
45	479	7	5	4	2	11
45	480	7	5	6	2	10
45	481	7	5	8	11	2
45	482	7	5	9	8	4
45	483	7	5	10	6	11
45	484	7	5	11	9	3
45	485	7	5	12	6	8
45	486	7	6	2	11	3
45	487	7	6	3	8	5
45	488	7	6	4	5	12
45	489	7	6	5	4	3
45	490	7	6	8	11	10
45	491	7	6	9	2	5
45	492	7	6	10	8	12
45	493	7	6	11	10	12
45	494	7	6	12	9	11
45	495	7	8	2	6	4
45	496	7	8	3	2	6
45	497	7	8	4	2	12
45	498	7	8	5	3	12
45	499	7	8	6	12	4
45	500	7	8	9	5	2
45	501	7	8	10	11	12
45	502	7	8	11	6	4
45	503	7	8	12	9	11
45	504	7	9	2	12	4
45	505	7	9	3	8	10
45	506	7	9	4	5	10
45	507	7	9	5	3	6
45	508	7	9	6	8	4
45	509	7	9	8	11	3
45	510	7	9	10	4	6
45	511	7	9	11	10	3
45	512	7	9	12	2	10
45	513	7	10	2	5	3
45	514	7	10	3	12	8
45	515	7	10	4	5	12
45	516	7	10	5	6	11
45	517	7	10	6	9	3
45	518	7	10	8	6	3
45	519	7	10	9	2	12
45	520	7	10	11	12	4
45	521	7	10	12	8	6
45	522	7	11	2	10	9
45	523	7	11	3	8	2
45	524	7	11	4	10	12
45	525	7	11	5	4	3
45	526	7	11	6	10	4
45	527	7	11	8	3	10
45	528	7	11	9	12	4
45	529	7	11	10	9	6
45	530	7	11	12	8	9
45	531	7	12	2	5	4
45	532	7	12	3	8	2
45	533	7	12	4	5	10
45	534	7	12	5	11	2
45	535	7	12	6	11	4
45	536	7	12	8	2	9
45	537	7	12	9	8	10
45	538	7	12	10	6	8
45	539	7	12	11	10	6
45	540	8	2	3	9	7
45	541	8	2	4	5	10
45	542	8	2	5	3	6
45	543	8	2	6	7	4
45	544	8	2	7	11	5
45	545	8	2	9	3	5
45	546	8	2	10	11	4
45	547	8	2	11	7	12
45	548	8	2	12	11	9
45	549	8	3	2	5	6
45	550	8	3	4	7	12
45	551	8	3	5	6	9
45	552	8	3	6	9	7
45	553	8	3	7	11	5
45	554	8	3	9	11	4
45	555	8	3	10	9	6
45	556	8	3	11	5	7
45	557	8	3	12	2	9
45	558	8	4	2	7	12
45	559	8	4	3	7	10
45	560	8	4	5	9	12
45	561	8	4	6	10	3
45	562	8	4	7	10	5
45	563	8	4	9	7	11
45	564	8	4	10	7	11
45	565	8	4	11	12	7
45	566	8	4	12	10	2
45	567	8	5	2	7	11
45	568	8	5	3	9	7
45	569	8	5	4	12	6
45	570	8	5	6	12	2
45	571	8	5	7	4	3
45	572	8	5	9	7	10
45	573	8	5	10	6	2
45	574	8	5	11	3	4
45	575	8	5	12	11	2
45	576	8	6	2	4	12
45	577	8	6	3	5	10
45	578	8	6	4	2	11
45	579	8	6	5	9	7
45	580	8	6	7	3	2
45	581	8	6	9	10	5
45	582	8	6	10	7	2
45	583	8	6	11	5	4
45	584	8	6	12	3	4
45	585	8	7	2	9	5
45	586	8	7	3	4	6
45	587	8	7	4	5	10
45	588	8	7	5	10	11
45	589	8	7	6	3	9
45	590	8	7	9	10	2
45	591	8	7	10	4	2
45	592	8	7	11	12	10
45	593	8	7	12	5	11
45	594	8	9	2	11	10
45	595	8	9	3	5	2
45	596	8	9	4	6	5
45	597	8	9	5	3	10
45	598	8	9	6	11	3
45	599	8	9	7	11	3
45	600	8	9	10	11	3
45	601	8	9	11	6	3
45	602	8	9	12	2	6
45	603	8	10	2	7	6
45	604	8	10	3	12	5
45	605	8	10	4	3	11
45	606	8	10	5	7	11
45	607	8	10	6	12	9
45	608	8	10	7	5	11
45	609	8	10	9	3	5
45	610	8	10	11	6	12
45	611	8	10	12	5	11
45	612	8	11	2	6	4
45	613	8	11	3	7	12
45	614	8	11	4	3	12
45	615	8	11	5	6	9
45	616	8	11	6	2	7
45	617	8	11	7	5	4
45	618	8	11	9	12	7
45	619	8	11	10	6	5
45	620	8	11	12	3	7
45	621	8	12	2	9	6
45	622	8	12	3	2	5
45	623	8	12	4	2	5
45	624	8	12	5	3	11
45	625	8	12	6	3	10
45	626	8	12	7	3	4
45	627	8	12	9	11	2
45	628	8	12	10	6	9
45	629	8	12	11	4	2
45	630	9	2	3	4	6
45	631	9	2	4	10	11
45	632	9	2	5	8	6
45	633	9	2	6	12	3
45	634	9	2	7	8	4
45	635	9	2	8	10	6
45	636	9	2	10	3	11
45	637	9	2	11	4	10
45	638	9	2	12	11	7
45	639	9	3	2	5	8
45	640	9	3	4	11	5
45	641	9	3	5	2	4
45	642	9	3	6	2	5
45	643	9	3	7	11	4
45	644	9	3	8	11	4
45	645	9	3	10	5	2
45	646	9	3	11	12	5
45	647	9	3	12	10	7
45	648	9	4	2	8	12
45	649	9	4	3	2	10
45	650	9	4	5	7	6
45	651	9	4	6	7	10
45	652	9	4	7	11	3
45	653	9	4	8	5	7
45	654	9	4	10	3	7
45	655	9	4	11	12	3
45	656	9	4	12	11	10
45	657	9	5	2	10	12
45	658	9	5	3	11	6
45	659	9	5	4	2	3
45	660	9	5	6	8	7
45	661	9	5	7	4	10
45	662	9	5	8	10	2
45	663	9	5	10	11	3
45	664	9	5	11	3	2
45	665	9	5	12	11	6
45	666	9	6	2	12	5
45	667	9	6	3	5	12
45	668	9	6	4	10	12
45	669	9	6	5	12	2
45	670	9	6	7	4	11
45	671	9	6	8	5	11
45	672	9	6	10	5	12
45	673	9	6	11	5	4
45	674	9	6	12	5	4
45	675	9	7	2	11	8
45	676	9	7	3	6	12
45	677	9	7	4	5	2
45	678	9	7	5	8	2
45	679	9	7	6	10	12
45	680	9	7	8	10	12
45	681	9	7	10	12	4
45	682	9	7	11	6	4
45	683	9	7	12	2	10
45	684	9	8	2	10	3
45	685	9	8	3	12	5
45	686	9	8	4	12	5
45	687	9	8	5	2	4
45	688	9	8	6	12	5
45	689	9	8	7	11	10
45	690	9	8	10	3	6
45	691	9	8	11	12	10
45	692	9	8	12	10	7
45	693	9	10	2	3	5
45	694	9	10	3	6	8
45	695	9	10	4	7	2
45	696	9	10	5	8	6
45	697	9	10	6	11	8
45	698	9	10	7	5	6
45	699	9	10	8	6	2
45	700	9	10	11	3	7
45	701	9	10	12	11	5
45	702	9	11	2	12	3
45	703	9	11	3	6	2
45	704	9	11	4	6	2
45	705	9	11	5	10	3
45	706	9	11	6	3	2
45	707	9	11	7	3	8
45	708	9	11	8	7	12
45	709	9	11	10	4	8
45	710	9	11	12	2	4
45	711	9	12	2	8	3
45	712	9	12	3	10	7
45	713	9	12	4	8	10
45	714	9	12	5	7	10
45	715	9	12	6	10	8
45	716	9	12	7	11	10
45	717	9	12	8	11	6
45	718	9	12	10	8	3
45	719	9	12	11	10	3
45	720	10	2	3	6	11
45	721	10	2	4	12	9
45	722	10	2	5	7	6
45	723	10	2	6	5	8
45	724	10	2	7	12	11
45	725	10	2	8	7	9
45	726	10	2	9	11	4
45	727	10	2	11	4	8
45	728	10	2	12	9	11
45	729	10	3	2	6	11
45	730	10	3	4	11	2
45	731	10	3	5	6	9
45	732	10	3	6	2	8
45	733	10	3	7	6	9
45	734	10	3	8	12	2
45	735	10	3	9	8	2
45	736	10	3	11	12	4
45	737	10	3	12	9	11
45	738	10	4	2	9	6
45	739	10	4	3	12	5
45	740	10	4	5	8	12
45	741	10	4	6	5	11
45	742	10	4	7	9	3
45	743	10	4	8	7	12
45	744	10	4	9	6	7
45	745	10	4	11	9	6
45	746	10	4	12	2	8
45	747	10	5	2	4	7
45	748	10	5	3	2	4
45	749	10	5	4	11	2
45	750	10	5	6	9	12
45	751	10	5	7	9	3
45	752	10	5	8	9	12
45	753	10	5	9	8	12
45	754	10	5	11	4	7
45	755	10	5	12	6	2
45	756	10	6	2	4	8
45	757	10	6	3	11	7
45	758	10	6	4	12	3
45	759	10	6	5	9	4
45	760	10	6	7	12	5
45	761	10	6	8	12	5
45	762	10	6	9	11	2
45	763	10	6	11	5	12
45	764	10	6	12	4	8
45	765	10	7	2	6	3
45	766	10	7	3	11	8
45	767	10	7	4	6	12
45	768	10	7	5	8	6
45	769	10	7	6	5	9
45	770	10	7	8	3	6
45	771	10	7	9	6	3
45	772	10	7	11	12	6
45	773	10	7	12	4	5
45	774	10	8	2	3	5
45	775	10	8	3	2	7
45	776	10	8	4	6	12
45	777	10	8	5	11	9
45	778	10	8	6	12	3
45	779	10	8	7	11	5
45	780	10	8	9	7	3
45	781	10	8	11	4	12
45	782	10	8	12	9	4
45	783	10	9	2	7	8
45	784	10	9	3	12	8
45	785	10	9	4	3	5
45	786	10	9	5	7	3
45	787	10	9	6	12	7
45	788	10	9	7	4	8
45	789	10	9	8	2	11
45	790	10	9	11	6	7
45	791	10	9	12	5	7
45	792	10	11	2	7	8
45	793	10	11	3	12	8
45	794	10	11	4	5	12
45	795	10	11	5	4	7
45	796	10	11	6	8	7
45	797	10	11	7	12	2
45	798	10	11	8	3	6
45	799	10	11	9	7	8
45	800	10	11	12	8	9
45	801	10	12	2	5	4
45	802	10	12	3	6	5
45	803	10	12	4	9	8
45	804	10	12	5	4	7
45	805	10	12	6	7	4
45	806	10	12	7	3	4
45	807	10	12	8	2	6
45	808	10	12	9	7	8
45	809	10	12	11	3	9
45	810	11	2	3	10	4
45	811	11	2	4	10	9
45	812	11	2	5	10	6
45	813	11	2	6	3	7
45	814	11	2	7	6	8
45	815	11	2	8	3	10
45	816	11	2	9	4	7
45	817	11	2	10	6	4
45	818	11	2	12	8	4
45	819	11	3	2	9	8
45	820	11	3	4	12	10
45	821	11	3	5	9	8
45	822	11	3	6	7	5
45	823	11	3	7	10	4
45	824	11	3	8	12	4
45	825	11	3	9	10	4
45	826	11	3	10	2	9
45	827	11	3	12	8	2
45	828	11	4	2	9	5
45	829	11	4	3	9	8
45	830	11	4	5	12	3
45	831	11	4	6	9	12
45	832	11	4	7	2	8
45	833	11	4	8	12	9
45	834	11	4	9	12	8
45	835	11	4	10	7	5
45	836	11	4	12	3	9
45	837	11	5	2	8	10
45	838	11	5	3	6	12
45	839	11	5	4	9	7
45	840	11	5	6	7	10
45	841	11	5	7	8	9
45	842	11	5	8	10	12
45	843	11	5	9	4	2
45	844	11	5	10	7	4
45	845	11	5	12	2	3
45	846	11	6	2	10	4
45	847	11	6	3	4	9
45	848	11	6	4	10	7
45	849	11	6	5	7	8
45	850	11	6	7	8	4
45	851	11	6	8	10	4
45	852	11	6	9	7	10
45	853	11	6	10	7	5
45	854	11	6	12	3	5
45	855	11	7	2	8	9
45	856	11	7	3	9	5
45	857	11	7	4	2	10
45	858	11	7	5	4	10
45	859	11	7	6	10	5
45	860	11	7	8	10	5
45	861	11	7	9	6	4
45	862	11	7	10	6	3
45	863	11	7	12	5	2
45	864	11	8	2	6	3
45	865	11	8	3	5	7
45	866	11	8	4	12	7
45	867	11	8	5	6	4
45	868	11	8	6	10	7
45	869	11	8	7	9	12
45	870	11	8	9	12	2
45	871	11	8	10	2	9
45	872	11	8	12	4	10
45	873	11	9	2	12	10
45	874	11	9	3	2	4
45	875	11	9	4	8	7
45	876	11	9	5	12	10
45	877	11	9	6	7	8
45	878	11	9	7	12	3
45	879	11	9	8	3	7
45	880	11	9	10	7	8
45	881	11	9	12	2	8
45	882	11	10	2	8	6
45	883	11	10	3	2	5
45	884	11	10	4	5	9
45	885	11	10	5	9	7
45	886	11	10	6	8	3
45	887	11	10	7	8	12
45	888	11	10	8	4	6
45	889	11	10	9	6	2
45	890	11	10	12	2	7
45	891	11	12	2	3	4
45	892	11	12	3	10	4
45	893	11	12	4	9	7
45	894	11	12	5	10	8
45	895	11	12	6	5	8
45	896	11	12	7	9	6
45	897	11	12	8	6	3
45	898	11	12	9	8	7
45	899	11	12	10	7	6
45	900	12	2	3	9	10
45	901	12	2	4	10	6
45	902	12	2	5	11	8
45	903	12	2	6	7	8
45	904	12	2	7	9	3
45	905	12	2	8	10	6
45	906	12	2	9	5	11
45	907	12	2	10	5	3
45	908	12	2	11	8	9
45	909	12	3	2	11	4
45	910	12	3	4	6	2
45	911	12	3	5	10	7
45	912	12	3	6	10	9
45	913	12	3	7	10	9
45	914	12	3	8	10	5
45	915	12	3	9	7	8
45	916	12	3	10	8	11
45	917	12	3	11	2	5
45	918	12	4	2	11	7
45	919	12	4	3	7	9
45	920	12	4	5	7	11
45	921	12	4	6	8	5
45	922	12	4	7	8	5
45	923	12	4	8	6	5
45	924	12	4	9	2	5
45	925	12	4	10	2	9
45	926	12	4	11	10	9
45	927	12	5	2	8	6
45	928	12	5	3	2	9
45	929	12	5	4	7	9
45	930	12	5	6	8	2
45	931	12	5	7	10	8
45	932	12	5	8	11	2
45	933	12	5	9	4	10
45	934	12	5	10	2	8
45	935	12	5	11	8	10
45	936	12	6	2	5	7
45	937	12	6	3	10	7
45	938	12	6	4	8	11
45	939	12	6	5	11	7
45	940	12	6	7	4	3
45	941	12	6	8	3	4
45	942	12	6	9	7	5
45	943	12	6	10	5	2
45	944	12	6	11	5	10
45	945	12	7	2	4	5
45	946	12	7	3	4	6
45	947	12	7	4	5	3
45	948	12	7	5	3	4
45	949	12	7	6	9	4
45	950	12	7	8	6	9
45	951	12	7	9	4	5
45	952	12	7	10	2	11
45	953	12	7	11	5	8
45	954	12	8	2	9	10
45	955	12	8	3	10	6
45	956	12	8	4	10	3
45	957	12	8	5	4	10
45	958	12	8	6	4	3
45	959	12	8	7	5	2
45	960	12	8	9	3	2
45	961	12	8	10	6	9
45	962	12	8	11	7	10
45	963	12	9	2	6	4
45	964	12	9	3	11	10
45	965	12	9	4	10	5
45	966	12	9	5	2	11
45	967	12	9	6	11	8
45	968	12	9	7	11	2
45	969	12	9	8	6	4
45	970	12	9	10	4	8
45	971	12	9	11	7	6
45	972	12	10	2	8	3
45	973	12	10	3	2	7
45	974	12	10	4	5	6
45	975	12	10	5	7	9
45	976	12	10	6	9	5
45	977	12	10	7	2	6
45	978	12	10	8	3	9
45	979	12	10	9	11	4
45	980	12	10	11	9	6
45	981	12	11	2	4	9
45	982	12	11	3	10	6
45	983	12	11	4	3	6
45	984	12	11	5	7	6
45	985	12	11	6	3	5
45	986	12	11	7	5	10
45	987	12	11	8	10	3
45	988	12	11	9	8	7
45	989	12	11	10	5	2
49	0	2	3	4	6	10
49	1	2	3	5	7	6
49	2	2	3	6	11	5
49	3	2	3	7	10	11
49	4	2	3	8	4	5
49	5	2	3	9	7	5
49	6	2	3	10	9	12
49	7	2	3	11	9	10
49	8	2	3	12	10	9
49	9	2	4	3	6	9
49	10	2	4	5	3	8
49	11	2	4	6	10	8
49	12	2	4	7	10	11
49	13	2	4	8	6	10
49	14	2	4	9	8	3
49	15	2	4	10	6	3
49	16	2	4	11	6	9
49	17	2	4	12	3	11
49	18	2	5	3	12	6
49	19	2	5	4	3	9
49	20	2	5	6	3	9
49	21	2	5	7	11	9
49	22	2	5	8	12	7
49	23	2	5	9	10	4
49	24	2	5	10	11	4
49	25	2	5	11	3	10
49	26	2	5	12	9	3
49	27	2	6	3	12	10
49	28	2	6	4	10	5
49	29	2	6	5	4	7
49	30	2	6	7	5	3
49	31	2	6	8	12	4
49	32	2	6	9	4	12
49	33	2	6	10	5	12
49	34	2	6	11	9	4
49	35	2	6	12	9	10
49	36	2	7	3	4	5
49	37	2	7	4	11	3
49	38	2	7	5	12	6
49	39	2	7	6	11	5
49	40	2	7	8	12	5
49	41	2	7	9	11	6
49	42	2	7	10	11	6
49	43	2	7	11	4	9
49	44	2	7	12	4	9
49	45	2	8	3	4	7
49	46	2	8	4	3	7
49	47	2	8	5	11	4
49	48	2	8	6	11	4
49	49	2	8	7	4	9
49	50	2	8	9	12	5
49	51	2	8	10	11	7
49	52	2	8	11	6	9
49	53	2	8	12	3	7
49	54	2	9	3	4	12
49	55	2	9	4	10	12
49	56	2	9	5	4	8
49	57	2	9	6	8	10
49	58	2	9	7	6	12
49	59	2	9	8	5	3
49	60	2	9	10	7	6
49	61	2	9	11	4	5
49	62	2	9	12	10	8
49	63	2	10	3	11	7
49	64	2	10	4	8	12
49	65	2	10	5	7	6
49	66	2	10	6	12	7
49	67	2	10	7	6	12
49	68	2	10	8	4	9
49	69	2	10	9	12	6
49	70	2	10	11	3	6
49	71	2	10	12	4	9
49	72	2	11	3	4	5
49	73	2	11	4	9	7
49	74	2	11	5	12	8
49	75	2	11	6	5	8
49	76	2	11	7	4	12
49	77	2	11	8	9	3
49	78	2	11	9	12	8
49	79	2	11	10	5	12
49	80	2	11	12	6	5
49	81	2	12	3	5	10
49	82	2	12	4	11	10
49	83	2	12	5	8	11
49	84	2	12	6	7	9
49	85	2	12	7	10	6
49	86	2	12	8	5	3
49	87	2	12	9	4	3
49	88	2	12	10	4	5
49	89	2	12	11	3	5
49	90	3	2	4	12	5
49	91	3	2	5	10	6
49	92	3	2	6	9	7
49	93	3	2	7	9	10
49	94	3	2	8	7	11
49	95	3	2	9	10	6
49	96	3	2	10	8	9
49	97	3	2	11	7	4
49	98	3	2	12	5	7
49	99	3	4	2	9	5
49	100	3	4	5	7	10
49	101	3	4	6	12	8
49	102	3	4	7	12	2
49	103	3	4	8	11	9
49	104	3	4	9	12	8
49	105	3	4	10	12	8
49	106	3	4	11	12	8
49	107	3	4	12	6	5
49	108	3	5	2	10	6
49	109	3	5	4	6	12
49	110	3	5	6	9	2
49	111	3	5	7	8	9
49	112	3	5	8	2	4
49	113	3	5	9	10	6
49	114	3	5	10	9	7
49	115	3	5	11	9	12
49	116	3	5	12	8	4
49	117	3	6	2	4	11
49	118	3	6	4	11	5
49	119	3	6	5	8	11
49	120	3	6	7	10	9
49	121	3	6	8	5	4
49	122	3	6	9	11	5
49	123	3	6	10	12	8
49	124	3	6	11	12	7
49	125	3	6	12	2	9
49	126	3	7	2	10	6
49	127	3	7	4	10	8
49	128	3	7	5	6	8
49	129	3	7	6	5	2
49	130	3	7	8	11	4
49	131	3	7	9	10	5
49	132	3	7	10	9	5
49	133	3	7	11	6	2
49	134	3	7	12	6	5
49	135	3	8	2	11	7
49	136	3	8	4	11	5
49	137	3	8	5	9	12
49	138	3	8	6	12	2
49	139	3	8	7	11	9
49	140	3	8	9	4	12
49	141	3	8	10	12	7
49	142	3	8	11	2	10
49	143	3	8	12	6	2
49	144	3	9	2	10	5
49	145	3	9	4	12	5
49	146	3	9	5	2	8
49	147	3	9	6	5	4
49	148	3	9	7	6	10
49	149	3	9	8	12	5
49	150	3	9	10	8	7
49	151	3	9	11	12	8
49	152	3	9	12	4	10
49	153	3	10	2	11	9
49	154	3	10	4	2	8
49	155	3	10	5	11	4
49	156	3	10	6	9	12
49	157	3	10	7	9	5
49	158	3	10	8	2	4
49	159	3	10	9	8	11
49	160	3	10	11	7	12
49	161	3	10	12	9	2
49	162	3	11	2	6	10
49	163	3	11	4	7	6
49	164	3	11	5	7	12
49	165	3	11	6	5	9
49	166	3	11	7	5	4
49	167	3	11	8	9	7
49	168	3	11	9	4	10
49	169	3	11	10	9	12
49	170	3	11	12	7	8
49	171	3	12	2	10	7
49	172	3	12	4	8	6
49	173	3	12	5	4	9
49	174	3	12	6	7	10
49	175	3	12	7	9	4
49	176	3	12	8	11	10
49	177	3	12	9	5	8
49	178	3	12	10	7	11
49	179	3	12	11	9	2
49	180	4	2	3	10	8
49	181	4	2	5	10	11
49	182	4	2	6	12	11
49	183	4	2	7	11	3
49	184	4	2	8	11	5
49	185	4	2	9	7	6
49	186	4	2	10	5	7
49	187	4	2	11	5	6
49	188	4	2	12	8	6
49	189	4	3	2	8	7
49	190	4	3	5	7	10
49	191	4	3	6	12	2
49	192	4	3	7	12	10
49	193	4	3	8	11	9
49	194	4	3	9	11	5
49	195	4	3	10	12	7
49	196	4	3	11	10	2
49	197	4	3	12	11	8
49	198	4	5	2	12	9
49	199	4	5	3	11	9
49	200	4	5	6	12	11
49	201	4	5	7	11	12
49	202	4	5	8	11	9
49	203	4	5	9	7	12
49	204	4	5	10	8	7
49	205	4	5	11	12	10
49	206	4	5	12	9	3
49	207	4	6	2	9	5
49	208	4	6	3	5	10
49	209	4	6	5	9	7
49	210	4	6	7	12	3
49	211	4	6	8	12	5
49	212	4	6	9	11	8
49	213	4	6	10	8	9
49	214	4	6	11	8	12
49	215	4	6	12	8	7
49	216	4	7	2	10	3
49	217	4	7	3	5	11
49	218	4	7	5	11	2
49	219	4	7	6	10	3
49	220	4	7	8	6	11
49	221	4	7	9	6	11
49	222	4	7	10	3	6
49	223	4	7	11	10	12
49	224	4	7	12	3	6
49	225	4	8	2	5	7
49	226	4	8	3	2	11
49	227	4	8	5	2	7
49	228	4	8	6	12	2
49	229	4	8	7	6	11
49	230	4	8	9	6	11
49	231	4	8	10	3	7
49	232	4	8	11	12	9
49	233	4	8	12	2	11
49	234	4	9	2	6	8
49	235	4	9	3	12	6
49	236	4	9	5	8	12
49	237	4	9	6	11	5
49	238	4	9	7	6	12
49	239	4	9	8	11	6
49	240	4	9	10	6	2
49	241	4	9	11	7	8
49	242	4	9	12	10	8
49	243	4	10	2	9	8
49	244	4	10	3	5	6
49	245	4	10	5	12	3
49	246	4	10	6	3	7
49	247	4	10	7	2	3
49	248	4	10	8	11	12
49	249	4	10	9	2	5
49	250	4	10	11	12	7
49	251	4	10	12	3	9
49	252	4	11	2	7	12
49	253	4	11	3	7	10
49	254	4	11	5	6	10
49	255	4	11	6	10	8
49	256	4	11	7	8	12
49	257	4	11	8	5	10
49	258	4	11	9	10	5
49	259	4	11	10	8	2
49	260	4	11	12	8	2
49	261	4	12	2	6	9
49	262	4	12	3	6	9
49	263	4	12	5	6	8
49	264	4	12	6	11	9
49	265	4	12	7	11	9
49	266	4	12	8	7	11
49	267	4	12	9	2	7
49	268	4	12	10	7	8
49	269	4	12	11	10	6
49	270	5	2	3	9	12
49	271	5	2	4	11	10
49	272	5	2	6	11	12
49	273	5	2	7	6	8
49	274	5	2	8	9	4
49	275	5	2	9	12	7
49	276	5	2	10	9	7
49	277	5	2	11	9	8
49	278	5	2	12	11	4
49	279	5	3	2	10	4
49	280	5	3	4	11	9
49	281	5	3	6	7	2
49	282	5	3	7	4	12
49	283	5	3	8	10	7
49	284	5	3	9	10	8
49	285	5	3	10	11	12
49	286	5	3	11	8	7
49	287	5	3	12	2	9
49	288	5	4	2	10	7
49	289	5	4	3	12	9
49	290	5	4	6	9	10
49	291	5	4	7	10	2
49	292	5	4	8	6	2
49	293	5	4	9	11	3
49	294	5	4	10	12	3
49	295	5	4	11	9	6
49	296	5	4	12	9	8
49	297	5	6	2	3	11
49	298	5	6	3	8	10
49	299	5	6	4	12	2
49	300	5	6	7	2	3
49	301	5	6	8	4	12
49	302	5	6	9	4	11
49	303	5	6	10	11	3
49	304	5	6	11	12	9
49	305	5	6	12	7	11
49	306	5	7	2	8	9
49	307	5	7	3	4	11
49	308	5	7	4	12	6
49	309	5	7	6	12	9
49	310	5	7	8	2	9
49	311	5	7	9	10	8
49	312	5	7	10	11	2
49	313	5	7	11	10	8
49	314	5	7	12	11	10
49	315	5	8	2	7	12
49	316	5	8	3	9	10
49	317	5	8	4	11	12
49	318	5	8	6	4	9
49	319	5	8	7	2	3
49	320	5	8	9	2	4
49	321	5	8	10	6	4
49	322	5	8	11	7	10
49	323	5	8	12	9	3
49	324	5	9	2	8	10
49	325	5	9	3	6	2
49	326	5	9	4	7	10
49	327	5	9	6	12	2
49	328	5	9	7	10	6
49	329	5	9	8	6	12
49	330	5	9	10	2	3
49	331	5	9	11	6	4
49	332	5	9	12	10	8
49	333	5	10	2	9	11
49	334	5	10	3	11	6
49	335	5	10	4	3	11
49	336	5	10	6	8	11
49	337	5	10	7	9	12
49	338	5	10	8	7	3
49	339	5	10	9	3	8
49	340	5	10	11	6	7
49	341	5	10	12	3	9
49	342	5	11	2	12	6
49	343	5	11	3	4	7
49	344	5	11	4	6	12
49	345	5	11	6	12	3
49	346	5	11	7	2	9
49	347	5	11	8	3	10
49	348	5	11	9	3	4
49	349	5	11	10	2	9
49	350	5	11	12	10	4
49	351	5	12	2	10	7
49	352	5	12	3	6	8
49	353	5	12	4	7	6
49	354	5	12	6	9	3
49	355	5	12	7	2	4
49	356	5	12	8	10	2
49	357	5	12	9	11	4
49	358	5	12	10	9	4
49	359	5	12	11	4	10
49	360	6	2	3	12	11
49	361	6	2	4	12	10
49	362	6	2	5	7	4
49	363	6	2	7	10	9
49	364	6	2	8	5	7
49	365	6	2	9	11	7
49	366	6	2	10	7	9
49	367	6	2	11	12	10
49	368	6	2	12	5	7
49	369	6	3	2	5	12
49	370	6	3	4	11	5
49	371	6	3	5	7	10
49	372	6	3	7	11	2
49	373	6	3	8	11	9
49	374	6	3	9	2	10
49	375	6	3	10	5	4
49	376	6	3	11	10	8
49	377	6	3	12	8	2
49	378	6	4	2	5	11
49	379	6	4	3	10	12
49	380	6	4	5	7	10
49	381	6	4	7	10	12
49	382	6	4	8	9	2
49	383	6	4	9	10	12
49	384	6	4	10	5	11
49	385	6	4	11	7	3
49	386	6	4	12	8	11
49	387	6	5	2	10	11
49	388	6	5	3	2	8
49	389	6	5	4	7	3
49	390	6	5	7	4	2
49	391	6	5	8	2	12
49	392	6	5	9	4	8
49	393	6	5	10	8	7
49	394	6	5	11	7	4
49	395	6	5	12	10	9
49	396	6	7	2	3	8
49	397	6	7	3	9	4
49	398	6	7	4	5	10
49	399	6	7	5	9	2
49	400	6	7	8	4	9
49	401	6	7	9	2	8
49	402	6	7	10	2	11
49	403	6	7	11	2	10
49	404	6	7	12	10	9
49	405	6	8	2	9	12
49	406	6	8	3	5	10
49	407	6	8	4	12	3
49	408	6	8	5	4	10
49	409	6	8	7	4	5
49	410	6	8	9	12	10
49	411	6	8	10	11	5
49	412	6	8	11	12	7
49	413	6	8	12	4	5
49	414	6	9	2	3	7
49	415	6	9	3	5	8
49	416	6	9	4	12	3
49	417	6	9	5	12	11
49	418	6	9	7	8	11
49	419	6	9	8	11	3
49	420	6	9	10	8	5
49	421	6	9	11	8	3
49	422	6	9	12	3	11
49	423	6	10	2	9	4
49	424	6	10	3	11	8
49	425	6	10	4	12	2
49	426	6	10	5	2	4
49	427	6	10	7	9	11
49	428	6	10	8	5	2
49	429	6	10	9	5	8
49	430	6	10	11	7	4
49	431	6	10	12	11	5
49	432	6	11	2	9	4
49	433	6	11	3	2	12
49	434	6	11	4	9	7
49	435	6	11	5	9	8
49	436	6	11	7	10	5
49	437	6	11	8	9	10
49	438	6	11	9	4	7
49	439	6	11	10	12	4
49	440	6	11	12	4	9
49	441	6	12	2	4	10
49	442	6	12	3	5	8
49	443	6	12	4	10	8
49	444	6	12	5	3	4
49	445	6	12	7	3	5
49	446	6	12	8	11	7
49	447	6	12	9	2	4
49	448	6	12	10	4	2
49	449	6	12	11	3	9
49	450	7	2	3	4	11
49	451	7	2	4	9	8
49	452	7	2	5	3	11
49	453	7	2	6	3	11
49	454	7	2	8	10	5
49	455	7	2	9	3	10
49	456	7	2	10	12	9
49	457	7	2	11	12	9
49	458	7	2	12	11	3
49	459	7	3	2	10	4
49	460	7	3	4	2	12
49	461	7	3	5	10	12
49	462	7	3	6	11	8
49	463	7	3	8	10	11
49	464	7	3	9	8	12
49	465	7	3	10	9	6
49	466	7	3	11	5	6
49	467	7	3	12	2	11
49	468	7	4	2	5	12
49	469	7	4	3	8	2
49	470	7	4	5	6	8
49	471	7	4	6	12	11
49	472	7	4	8	3	11
49	473	7	4	9	3	5
49	474	7	4	10	11	9
49	475	7	4	11	8	5
49	476	7	4	12	8	11
49	477	7	5	2	10	3
49	478	7	5	3	8	11
49	479	7	5	4	8	12
49	480	7	5	6	9	10
49	481	7	5	8	9	10
49	482	7	5	9	12	3
49	483	7	5	10	6	2
49	484	7	5	11	8	4
49	485	7	5	12	11	8
49	486	7	6	2	10	11
49	487	7	6	3	9	4
49	488	7	6	4	9	8
49	489	7	6	5	3	10
49	490	7	6	8	10	12
49	491	7	6	9	8	2
49	492	7	6	10	5	2
49	493	7	6	11	12	2
49	494	7	6	12	9	2
49	495	7	8	2	12	9
49	496	7	8	3	12	2
49	497	7	8	4	5	3
49	498	7	8	5	12	4
49	499	7	8	6	5	12
49	500	7	8	9	11	3
49	501	7	8	10	11	9
49	502	7	8	11	5	2
49	503	7	8	12	11	10
49	504	7	9	2	5	10
49	505	7	9	3	10	5
49	506	7	9	4	11	2
49	507	7	9	5	8	3
49	508	7	9	6	11	5
49	509	7	9	8	2	11
49	510	7	9	10	5	11
49	511	7	9	11	10	8
49	512	7	9	12	10	4
49	513	7	10	2	4	8
49	514	7	10	3	8	6
49	515	7	10	4	6	2
49	516	7	10	5	9	12
49	517	7	10	6	2	8
49	518	7	10	8	5	11
49	519	7	10	9	12	3
49	520	7	10	11	4	8
49	521	7	10	12	9	8
49	522	7	11	2	9	12
49	523	7	11	3	8	9
49	524	7	11	4	2	6
49	525	7	11	5	2	12
49	526	7	11	6	5	12
49	527	7	11	8	6	12
49	528	7	11	9	8	6
49	529	7	11	10	6	8
49	530	7	11	12	6	5
49	531	7	12	2	3	4
49	532	7	12	3	8	10
49	533	7	12	4	8	5
49	534	7	12	5	8	3
49	535	7	12	6	10	5
49	536	7	12	8	4	5
49	537	7	12	9	10	6
49	538	7	12	10	6	3
49	539	7	12	11	4	5
49	540	8	2	3	4	6
49	541	8	2	4	11	12
49	542	8	2	5	9	6
49	543	8	2	6	12	10
49	544	8	2	7	11	9
49	545	8	2	9	7	6
49	546	8	2	10	11	12
49	547	8	2	11	4	12
49	548	8	2	12	10	6
49	549	8	3	2	5	9
49	550	8	3	4	6	7
49	551	8	3	5	6	10
49	552	8	3	6	12	2
49	553	8	3	7	5	4
49	554	8	3	9	7	6
49	555	8	3	10	11	9
49	556	8	3	11	4	9
49	557	8	3	12	10	6
49	558	8	4	2	3	5
49	559	8	4	3	10	9
49	560	8	4	5	7	11
49	561	8	4	6	7	9
49	562	8	4	7	10	11
49	563	8	4	9	5	2
49	564	8	4	10	2	6
49	565	8	4	11	7	6
49	566	8	4	12	9	2
49	567	8	5	2	9	7
49	568	8	5	3	10	7
49	569	8	5	4	10	7
49	570	8	5	6	2	7
49	571	8	5	7	3	9
49	572	8	5	9	10	7
49	573	8	5	10	7	4
49	574	8	5	11	12	10
49	575	8	5	12	11	3
49	576	8	6	2	9	11
49	577	8	6	3	2	7
49	578	8	6	4	10	12
49	579	8	6	5	4	3
49	580	8	6	7	4	5
49	581	8	6	9	7	11
49	582	8	6	10	5	4
49	583	8	6	11	7	12
49	584	8	6	12	2	3
49	585	8	7	2	6	4
49	586	8	7	3	11	10
49	587	8	7	4	10	9
49	588	8	7	5	4	6
49	589	8	7	6	4	2
49	590	8	7	9	2	4
49	591	8	7	10	5	2
49	592	8	7	11	12	10
49	593	8	7	12	9	5
49	594	8	9	2	6	7
49	595	8	9	3	11	4
49	596	8	9	4	11	10
49	597	8	9	5	7	2
49	598	8	9	6	10	2
49	599	8	9	7	2	4
49	600	8	9	10	5	3
49	601	8	9	11	10	12
49	602	8	9	12	11	6
49	603	8	10	2	9	4
49	604	8	10	3	9	5
49	605	8	10	4	5	12
49	606	8	10	5	9	7
49	607	8	10	6	9	4
49	608	8	10	7	11	12
49	609	8	10	9	12	4
49	610	8	10	11	2	4
49	611	8	10	12	7	3
49	612	8	11	2	9	12
49	613	8	11	3	2	6
49	614	8	11	4	9	12
49	615	8	11	5	12	3
49	616	8	11	6	7	9
49	617	8	11	7	9	5
49	618	8	11	9	4	7
49	619	8	11	10	12	6
49	620	8	11	12	4	2
49	621	8	12	2	3	10
49	622	8	12	3	2	5
49	623	8	12	4	10	7
49	624	8	12	5	2	4
49	625	8	12	6	9	2
49	626	8	12	7	6	3
49	627	8	12	9	5	2
49	628	8	12	10	7	5
49	629	8	12	11	2	9
49	630	9	2	3	12	7
49	631	9	2	4	10	8
49	632	9	2	5	11	8
49	633	9	2	6	3	11
49	634	9	2	7	4	12
49	635	9	2	8	12	3
49	636	9	2	10	6	5
49	637	9	2	11	4	5
49	638	9	2	12	3	7
49	639	9	3	2	11	5
49	640	9	3	4	7	5
49	641	9	3	5	2	6
49	642	9	3	6	8	2
49	643	9	3	7	2	12
49	644	9	3	8	5	6
49	645	9	3	10	8	7
49	646	9	3	11	12	10
49	647	9	3	12	5	10
49	648	9	4	2	10	11
49	649	9	4	3	10	11
49	650	9	4	5	2	3
49	651	9	4	6	10	12
49	652	9	4	7	2	3
49	653	9	4	8	12	2
49	654	9	4	10	2	11
49	655	9	4	11	5	10
49	656	9	4	12	11	3
49	657	9	5	2	10	12
49	658	9	5	3	12	4
49	659	9	5	4	12	10
49	660	9	5	6	2	10
49	661	9	5	7	10	6
49	662	9	5	8	10	4
49	663	9	5	10	6	11
49	664	9	5	11	3	12
49	665	9	5	12	10	4
49	666	9	6	2	7	3
49	667	9	6	3	2	10
49	668	9	6	4	7	5
49	669	9	6	5	7	10
49	670	9	6	7	10	11
49	671	9	6	8	5	11
49	672	9	6	10	12	5
49	673	9	6	11	12	2
49	674	9	6	12	11	10
49	675	9	7	2	5	10
49	676	9	7	3	11	4
49	677	9	7	4	8	12
49	678	9	7	5	8	10
49	679	9	7	6	3	8
49	680	9	7	8	11	3
49	681	9	7	10	6	8
49	682	9	7	11	10	3
49	683	9	7	12	3	5
49	684	9	8	2	5	7
49	685	9	8	3	7	5
49	686	9	8	4	12	10
49	687	9	8	5	6	4
49	688	9	8	6	4	3
49	689	9	8	7	11	10
49	690	9	8	10	12	6
49	691	9	8	11	5	7
49	692	9	8	12	11	2
49	693	9	10	2	7	11
49	694	9	10	3	2	6
49	695	9	10	4	3	7
49	696	9	10	5	12	3
49	697	9	10	6	4	5
49	698	9	10	7	11	8
49	699	9	10	8	5	2
49	700	9	10	11	12	6
49	701	9	10	12	3	5
49	702	9	11	2	8	4
49	703	9	11	3	4	5
49	704	9	11	4	2	7
49	705	9	11	5	7	6
49	706	9	11	6	7	8
49	707	9	11	7	3	12
49	708	9	11	8	5	2
49	709	9	11	10	5	12
49	710	9	11	12	10	3
49	711	9	12	2	4	5
49	712	9	12	3	10	11
49	713	9	12	4	2	7
49	714	9	12	5	6	11
49	715	9	12	6	10	11
49	716	9	12	7	10	8
49	717	9	12	8	5	6
49	718	9	12	10	4	11
49	719	9	12	11	8	7
49	720	10	2	3	7	12
49	721	10	2	4	5	9
49	722	10	2	5	8	7
49	723	10	2	6	7	4
49	724	10	2	7	5	4
49	725	10	2	8	5	4
49	726	10	2	9	3	12
49	727	10	2	11	6	5
49	728	10	2	12	4	5
49	729	10	3	2	5	7
49	730	10	3	4	9	6
49	731	10	3	5	9	11
49	732	10	3	6	12	9
49	733	10	3	7	4	12
49	734	10	3	8	11	4
49	735	10	3	9	12	2
49	736	10	3	11	8	5
49	737	10	3	12	2	6
49	738	10	4	2	8	7
49	739	10	4	3	6	11
49	740	10	4	5	7	9
49	741	10	4	6	5	12
49	742	10	4	7	9	12
49	743	10	4	8	3	11
49	744	10	4	9	7	8
49	745	10	4	11	9	7
49	746	10	4	12	11	6
49	747	10	5	2	9	8
49	748	10	5	3	11	4
49	749	10	5	4	11	8
49	750	10	5	6	2	7
49	751	10	5	7	12	4
49	752	10	5	8	11	6
49	753	10	5	9	12	4
49	754	10	5	11	12	7
49	755	10	5	12	2	9
49	756	10	6	2	3	9
49	757	10	6	3	4	11
49	758	10	6	4	3	2
49	759	10	6	5	8	12
49	760	10	6	7	9	4
49	761	10	6	8	11	9
49	762	10	6	9	5	7
49	763	10	6	11	8	5
49	764	10	6	12	2	8
49	765	10	7	2	11	9
49	766	10	7	3	4	9
49	767	10	7	4	11	12
49	768	10	7	5	8	11
49	769	10	7	6	11	3
49	770	10	7	8	4	5
49	771	10	7	9	3	6
49	772	10	7	11	3	2
49	773	10	7	12	2	8
49	774	10	8	2	11	7
49	775	10	8	3	9	12
49	776	10	8	4	12	11
49	777	10	8	5	2	9
49	778	10	8	6	4	12
49	779	10	8	7	2	3
49	780	10	8	9	5	7
49	781	10	8	11	12	2
49	782	10	8	12	5	4
49	783	10	9	2	7	4
49	784	10	9	3	8	5
49	785	10	9	4	11	6
49	786	10	9	5	6	4
49	787	10	9	6	3	4
49	788	10	9	7	12	2
49	789	10	9	8	3	6
49	790	10	9	11	3	8
49	791	10	9	12	3	11
49	792	10	11	2	9	4
49	793	10	11	3	4	8
49	794	10	11	4	12	9
49	795	10	11	5	12	3
49	796	10	11	6	4	5
49	797	10	11	7	12	4
49	798	10	11	8	3	4
49	799	10	11	9	3	2
49	800	10	11	12	6	8
49	801	10	12	2	6	4
49	802	10	12	3	8	11
49	803	10	12	4	3	2
49	804	10	12	5	11	7
49	805	10	12	6	9	2
49	806	10	12	7	6	5
49	807	10	12	8	6	2
49	808	10	12	9	3	8
49	809	10	12	11	5	4
49	810	11	2	3	7	5
49	811	11	2	4	9	8
49	812	11	2	5	6	9
49	813	11	2	6	3	8
49	814	11	2	7	6	10
49	815	11	2	8	9	5
49	816	11	2	9	3	12
49	817	11	2	10	6	8
49	818	11	2	12	3	7
49	819	11	3	2	5	7
49	820	11	3	4	7	10
49	821	11	3	5	8	4
49	822	11	3	6	5	10
49	823	11	3	7	4	5
49	824	11	3	8	6	10
49	825	11	3	9	12	7
49	826	11	3	10	7	6
49	827	11	3	12	10	2
49	828	11	4	2	7	5
49	829	11	4	3	12	6
49	830	11	4	5	8	7
49	831	11	4	6	2	3
49	832	11	4	7	2	8
49	833	11	4	8	12	2
49	834	11	4	9	3	10
49	835	11	4	10	9	8
49	836	11	4	12	9	2
49	837	11	5	2	9	3
49	838	11	5	3	4	8
49	839	11	5	4	12	3
49	840	11	5	6	10	9
49	841	11	5	7	2	12
49	842	11	5	8	7	10
49	843	11	5	9	8	7
49	844	11	5	10	8	9
49	845	11	5	12	4	10
49	846	11	6	2	8	12
49	847	11	6	3	5	7
49	848	11	6	4	12	10
49	849	11	6	5	4	10
49	850	11	6	7	4	9
49	851	11	6	8	4	12
49	852	11	6	9	7	12
49	853	11	6	10	8	2
49	854	11	6	12	2	9
49	855	11	7	2	9	4
49	856	11	7	3	10	5
49	857	11	7	4	9	5
49	858	11	7	5	4	6
49	859	11	7	6	5	2
49	860	11	7	8	4	9
49	861	11	7	9	8	2
49	862	11	7	10	12	4
49	863	11	7	12	5	2
49	864	11	8	2	3	4
49	865	11	8	3	12	5
49	866	11	8	4	2	6
49	867	11	8	5	10	9
49	868	11	8	6	3	10
49	869	11	8	7	10	6
49	870	11	8	9	5	4
49	871	11	8	10	6	9
49	872	11	8	12	10	4
49	873	11	9	2	4	12
49	874	11	9	3	8	6
49	875	11	9	4	10	12
49	876	11	9	5	6	7
49	877	11	9	6	3	10
49	878	11	9	7	10	3
49	879	11	9	8	6	12
49	880	11	9	10	12	2
49	881	11	9	12	4	5
49	882	11	10	2	4	12
49	883	11	10	3	8	4
49	884	11	10	4	8	7
49	885	11	10	5	3	2
49	886	11	10	6	8	5
49	887	11	10	7	3	5
49	888	11	10	8	3	5
49	889	11	10	9	3	12
49	890	11	10	12	3	7
49	891	11	12	2	4	9
49	892	11	12	3	2	5
49	893	11	12	4	8	3
49	894	11	12	5	2	3
49	895	11	12	6	7	8
49	896	11	12	7	8	3
49	897	11	12	8	9	3
49	898	11	12	9	6	10
49	899	11	12	10	9	5
49	900	12	2	3	10	9
49	901	12	2	4	3	8
49	902	12	2	5	6	10
49	903	12	2	6	5	3
49	904	12	2	7	6	9
49	905	12	2	8	4	7
49	906	12	2	9	5	7
49	907	12	2	10	9	8
49	908	12	2	11	7	3
49	909	12	3	2	6	7
49	910	12	3	4	8	2
49	911	12	3	5	4	2
49	912	12	3	6	10	11
49	913	12	3	7	2	6
49	914	12	3	8	7	5
49	915	12	3	9	6	5
49	916	12	3	10	11	5
49	917	12	3	11	9	6
49	918	12	4	2	11	6
49	919	12	4	3	5	7
49	920	12	4	5	8	10
49	921	12	4	6	3	11
49	922	12	4	7	2	6
49	923	12	4	8	11	9
49	924	12	4	9	8	7
49	925	12	4	10	6	2
49	926	12	4	11	7	3
49	927	12	5	2	3	9
49	928	12	5	3	11	8
49	929	12	5	4	8	7
49	930	12	5	6	4	2
49	931	12	5	7	6	4
49	932	12	5	8	4	11
49	933	12	5	9	6	7
49	934	12	5	10	3	11
49	935	12	5	11	3	10
49	936	12	6	2	10	5
49	937	12	6	3	7	2
49	938	12	6	4	10	9
49	939	12	6	5	8	9
49	940	12	6	7	11	3
49	941	12	6	8	9	5
49	942	12	6	9	7	11
49	943	12	6	10	2	8
49	944	12	6	11	3	10
49	945	12	7	2	11	3
49	946	12	7	3	6	5
49	947	12	7	4	3	11
49	948	12	7	5	11	8
49	949	12	7	6	11	2
49	950	12	7	8	11	2
49	951	12	7	9	10	6
49	952	12	7	10	5	11
49	953	12	7	11	5	6
49	954	12	8	2	6	11
49	955	12	8	3	6	7
49	956	12	8	4	11	2
49	957	12	8	5	9	2
49	958	12	8	6	5	10
49	959	12	8	7	10	9
49	960	12	8	9	6	2
49	961	12	8	10	6	4
49	962	12	8	11	3	7
49	963	12	9	2	7	11
49	964	12	9	3	10	5
49	965	12	9	4	7	6
49	966	12	9	5	7	10
49	967	12	9	6	5	8
49	968	12	9	7	8	2
49	969	12	9	8	3	6
49	970	12	9	10	7	4
49	971	12	9	11	4	3
49	972	12	10	2	11	4
49	973	12	10	3	5	2
49	974	12	10	4	3	9
49	975	12	10	5	3	2
49	976	12	10	6	5	4
49	977	12	10	7	8	2
49	978	12	10	8	5	7
49	979	12	10	9	2	5
49	980	12	10	11	7	5
49	981	12	11	2	3	7
49	982	12	11	3	10	8
49	983	12	11	4	10	3
49	984	12	11	5	8	3
49	985	12	11	6	4	7
49	986	12	11	7	2	4
49	987	12	11	8	10	6
49	988	12	11	9	5	10
49	989	12	11	10	3	7
64	0	2	3	4	6	8
64	1	2	3	5	4	10
64	2	2	3	6	12	9
64	3	2	3	7	8	9
64	4	2	3	8	4	9
64	5	2	3	9	4	5
64	6	2	3	10	8	7
64	7	2	3	11	9	8
64	8	2	3	12	5	9
64	9	2	4	3	7	9
64	10	2	4	5	10	7
64	11	2	4	6	7	9
64	12	2	4	7	10	3
64	13	2	4	8	7	12
64	14	2	4	9	10	12
64	15	2	4	10	11	3
64	16	2	4	11	3	6
64	17	2	4	12	9	3
64	18	2	5	3	6	9
64	19	2	5	4	6	11
64	20	2	5	6	8	7
64	21	2	5	7	3	10
64	22	2	5	8	12	10
64	23	2	5	9	3	12
64	24	2	5	10	3	12
64	25	2	5	11	6	3
64	26	2	5	12	8	4
64	27	2	6	3	7	8
64	28	2	6	4	8	9
64	29	2	6	5	7	10
64	30	2	6	7	11	3
64	31	2	6	8	3	11
64	32	2	6	9	11	10
64	33	2	6	10	7	9
64	34	2	6	11	4	10
64	35	2	6	12	9	7
64	36	2	7	3	6	10
64	37	2	7	4	9	3
64	38	2	7	5	9	10
64	39	2	7	6	11	5
64	40	2	7	8	3	4
64	41	2	7	9	5	4
64	42	2	7	10	11	3
64	43	2	7	11	4	12
64	44	2	7	12	6	8
64	45	2	8	3	7	11
64	46	2	8	4	3	5
64	47	2	8	5	11	10
64	48	2	8	6	12	5
64	49	2	8	7	10	11
64	50	2	8	9	7	4
64	51	2	8	10	7	9
64	52	2	8	11	6	5
64	53	2	8	12	9	5
64	54	2	9	3	12	8
64	55	2	9	4	8	10
64	56	2	9	5	7	11
64	57	2	9	6	11	7
64	58	2	9	7	11	3
64	59	2	9	8	10	7
64	60	2	9	10	5	7
64	61	2	9	11	5	12
64	62	2	9	12	11	8
64	63	2	10	3	9	5
64	64	2	10	4	12	7
64	65	2	10	5	7	8
64	66	2	10	6	5	8
64	67	2	10	7	6	3
64	68	2	10	8	11	9
64	69	2	10	9	3	7
64	70	2	10	11	4	8
64	71	2	10	12	3	7
64	72	2	11	3	12	9
64	73	2	11	4	7	12
64	74	2	11	5	8	10
64	75	2	11	6	7	10
64	76	2	11	7	9	8
64	77	2	11	8	10	3
64	78	2	11	9	6	7
64	79	2	11	10	12	7
64	80	2	11	12	5	10
64	81	2	12	3	5	7
64	82	2	12	4	6	8
64	83	2	12	5	10	9
64	84	2	12	6	3	7
64	85	2	12	7	11	3
64	86	2	12	8	4	9
64	87	2	12	9	3	7
64	88	2	12	10	8	3
64	89	2	12	11	5	10
64	90	3	2	4	5	7
64	91	3	2	5	11	6
64	92	3	2	6	5	11
64	93	3	2	7	5	8
64	94	3	2	8	9	4
64	95	3	2	9	5	10
64	96	3	2	10	4	7
64	97	3	2	11	10	7
64	98	3	2	12	5	6
64	99	3	4	2	5	10
64	100	3	4	5	9	6
64	101	3	4	6	8	2
64	102	3	4	7	6	11
64	103	3	4	8	6	12
64	104	3	4	9	2	7
64	105	3	4	10	8	6
64	106	3	4	11	7	9
64	107	3	4	12	6	5
64	108	3	5	2	9	12
64	109	3	5	4	10	2
64	110	3	5	6	11	10
64	111	3	5	7	8	11
64	112	3	5	8	11	4
64	113	3	5	9	2	6
64	114	3	5	10	12	4
64	115	3	5	11	8	9
64	116	3	5	12	4	9
64	117	3	6	2	10	4
64	118	3	6	4	11	7
64	119	3	6	5	10	7
64	120	3	6	7	8	9
64	121	3	6	8	10	2
64	122	3	6	9	11	12
64	123	3	6	10	12	11
64	124	3	6	11	2	7
64	125	3	6	12	2	11
64	126	3	7	2	11	8
64	127	3	7	4	12	5
64	128	3	7	5	8	10
64	129	3	7	6	11	4
64	130	3	7	8	9	6
64	131	3	7	9	5	8
64	132	3	7	10	9	12
64	133	3	7	11	4	10
64	134	3	7	12	11	6
64	135	3	8	2	7	11
64	136	3	8	4	10	6
64	137	3	8	5	10	4
64	138	3	8	6	9	2
64	139	3	8	7	2	6
64	140	3	8	9	12	5
64	141	3	8	10	4	9
64	142	3	8	11	6	9
64	143	3	8	12	5	4
64	144	3	9	2	6	4
64	145	3	9	4	6	5
64	146	3	9	5	4	11
64	147	3	9	6	7	10
64	148	3	9	7	2	4
64	149	3	9	8	6	12
64	150	3	9	10	12	7
64	151	3	9	11	8	2
64	152	3	9	12	8	5
64	153	3	10	2	6	11
64	154	3	10	4	7	6
64	155	3	10	5	9	4
64	156	3	10	6	4	2
64	157	3	10	7	6	5
64	158	3	10	8	5	11
64	159	3	10	9	7	11
64	160	3	10	11	2	4
64	161	3	10	12	9	8
64	162	3	11	2	9	6
64	163	3	11	4	8	2
64	164	3	11	5	9	7
64	165	3	11	6	12	2
64	166	3	11	7	12	4
64	167	3	11	8	4	6
64	168	3	11	9	2	10
64	169	3	11	10	4	5
64	170	3	11	12	8	2
64	171	3	12	2	11	9
64	172	3	12	4	6	10
64	173	3	12	5	9	11
64	174	3	12	6	5	9
64	175	3	12	7	10	9
64	176	3	12	8	11	10
64	177	3	12	9	8	2
64	178	3	12	10	11	8
64	179	3	12	11	6	4
64	180	4	2	3	6	10
64	181	4	2	5	11	8
64	182	4	2	6	9	8
64	183	4	2	7	12	8
64	184	4	2	8	10	7
64	185	4	2	9	12	6
64	186	4	2	10	3	8
64	187	4	2	11	5	7
64	188	4	2	12	3	6
64	189	4	3	2	5	9
64	190	4	3	5	12	7
64	191	4	3	6	10	8
64	192	4	3	7	9	2
64	193	4	3	8	7	2
64	194	4	3	9	11	10
64	195	4	3	10	7	2
64	196	4	3	11	2	7
64	197	4	3	12	8	10
64	198	4	5	2	12	11
64	199	4	5	3	12	11
64	200	4	5	6	2	9
64	201	4	5	7	2	12
64	202	4	5	8	3	7
64	203	4	5	9	11	6
64	204	4	5	10	11	6
64	205	4	5	11	8	10
64	206	4	5	12	8	2
64	207	4	6	2	10	9
64	208	4	6	3	9	10
64	209	4	6	5	10	2
64	210	4	6	7	8	5
64	211	4	6	8	2	7
64	212	4	6	9	7	2
64	213	4	6	10	5	11
64	214	4	6	11	9	7
64	215	4	6	12	5	3
64	216	4	7	2	5	8
64	217	4	7	3	11	8
64	218	4	7	5	10	6
64	219	4	7	6	2	10
64	220	4	7	8	9	11
64	221	4	7	9	2	11
64	222	4	7	10	2	5
64	223	4	7	11	5	3
64	224	4	7	12	11	2
64	225	4	8	2	7	9
64	226	4	8	3	10	12
64	227	4	8	5	11	2
64	228	4	8	6	5	7
64	229	4	8	7	5	3
64	230	4	8	9	11	10
64	231	4	8	10	2	6
64	232	4	8	11	6	2
64	233	4	8	12	9	3
64	234	4	9	2	10	7
64	235	4	9	3	6	8
64	236	4	9	5	7	2
64	237	4	9	6	3	10
64	238	4	9	7	6	5
64	239	4	9	8	12	3
64	240	4	9	10	5	6
64	241	4	9	11	10	7
64	242	4	9	12	10	11
64	243	4	10	2	9	5
64	244	4	10	3	6	12
64	245	4	10	5	12	9
64	246	4	10	6	8	12
64	247	4	10	7	11	8
64	248	4	10	8	12	7
64	249	4	10	9	6	3
64	250	4	10	11	8	12
64	251	4	10	12	8	2
64	252	4	11	2	5	9
64	253	4	11	3	9	12
64	254	4	11	5	6	2
64	255	4	11	6	12	10
64	256	4	11	7	8	10
64	257	4	11	8	2	9
64	258	4	11	9	3	7
64	259	4	11	10	5	12
64	260	4	11	12	2	5
64	261	4	12	2	5	9
64	262	4	12	3	11	8
64	263	4	12	5	9	7
64	264	4	12	6	3	7
64	265	4	12	7	11	2
64	266	4	12	8	11	3
64	267	4	12	9	5	10
64	268	4	12	10	9	8
64	269	4	12	11	8	9
64	270	5	2	3	6	8
64	271	5	2	4	9	11
64	272	5	2	6	10	9
64	273	5	2	7	9	11
64	274	5	2	8	3	10
64	275	5	2	9	12	6
64	276	5	2	10	11	4
64	277	5	2	11	10	12
64	278	5	2	12	4	11
64	279	5	3	2	6	12
64	280	5	3	4	7	12
64	281	5	3	6	7	4
64	282	5	3	7	4	12
64	283	5	3	8	4	2
64	284	5	3	9	12	2
64	285	5	3	10	11	9
64	286	5	3	11	10	6
64	287	5	3	12	2	6
64	288	5	4	2	10	6
64	289	5	4	3	7	6
64	290	5	4	6	3	9
64	291	5	4	7	10	11
64	292	5	4	8	3	9
64	293	5	4	9	11	2
64	294	5	4	10	7	2
64	295	5	4	11	9	6
64	296	5	4	12	2	9
64	297	5	6	2	10	8
64	298	5	6	3	12	11
64	299	5	6	4	3	2
64	300	5	6	7	9	10
64	301	5	6	8	11	4
64	302	5	6	9	7	4
64	303	5	6	10	12	11
64	304	5	6	11	3	9
64	305	5	6	12	3	11
64	306	5	7	2	6	8
64	307	5	7	3	12	9
64	308	5	7	4	6	3
64	309	5	7	6	12	10
64	310	5	7	8	4	6
64	311	5	7	9	2	4
64	312	5	7	10	2	9
64	313	5	7	11	8	3
64	314	5	7	12	6	11
64	315	5	8	2	7	6
64	316	5	8	3	2	12
64	317	5	8	4	6	9
64	318	5	8	6	9	12
64	319	5	8	7	6	10
64	320	5	8	9	6	12
64	321	5	8	10	3	4
64	322	5	8	11	4	3
64	323	5	8	12	3	6
64	324	5	9	2	6	8
64	325	5	9	3	7	12
64	326	5	9	4	8	3
64	327	5	9	6	2	3
64	328	5	9	7	11	12
64	329	5	9	8	6	11
64	330	5	9	10	3	8
64	331	5	9	11	7	4
64	332	5	9	12	10	11
64	333	5	10	2	6	9
64	334	5	10	3	11	4
64	335	5	10	4	12	11
64	336	5	10	6	4	8
64	337	5	10	7	11	2
64	338	5	10	8	7	2
64	339	5	10	9	4	8
64	340	5	10	11	2	8
64	341	5	10	12	6	9
64	342	5	11	2	6	10
64	343	5	11	3	6	7
64	344	5	11	4	7	10
64	345	5	11	6	3	9
64	346	5	11	7	4	6
64	347	5	11	8	6	3
64	348	5	11	9	3	8
64	349	5	11	10	2	6
64	350	5	11	12	9	10
64	351	5	12	2	8	6
64	352	5	12	3	9	11
64	353	5	12	4	11	3
64	354	5	12	6	10	11
64	355	5	12	7	8	3
64	356	5	12	8	11	7
64	357	5	12	9	7	10
64	358	5	12	10	8	4
64	359	5	12	11	3	7
64	360	6	2	3	11	7
64	361	6	2	4	3	8
64	362	6	2	5	8	10
64	363	6	2	7	10	11
64	364	6	2	8	7	9
64	365	6	2	9	5	3
64	366	6	2	10	5	8
64	367	6	2	11	12	8
64	368	6	2	12	9	5
64	369	6	3	2	7	12
64	370	6	3	4	9	7
64	371	6	3	5	11	7
64	372	6	3	7	4	11
64	373	6	3	8	7	11
64	374	6	3	9	12	8
64	375	6	3	10	2	7
64	376	6	3	11	2	8
64	377	6	3	12	11	2
64	378	6	4	2	10	12
64	379	6	4	3	12	2
64	380	6	4	5	7	9
64	381	6	4	7	8	3
64	382	6	4	8	9	10
64	383	6	4	9	8	5
64	384	6	4	10	8	9
64	385	6	4	11	9	12
64	386	6	4	12	11	2
64	387	6	5	2	11	9
64	388	6	5	3	9	12
64	389	6	5	4	12	3
64	390	6	5	7	9	11
64	391	6	5	8	10	4
64	392	6	5	9	10	12
64	393	6	5	10	12	9
64	394	6	5	11	9	2
64	395	6	5	12	8	4
64	396	6	7	2	8	10
64	397	6	7	3	8	2
64	398	6	7	4	5	9
64	399	6	7	5	3	10
64	400	6	7	8	11	10
64	401	6	7	9	10	5
64	402	6	7	10	3	11
64	403	6	7	11	2	4
64	404	6	7	12	9	4
64	405	6	8	2	12	10
64	406	6	8	3	5	11
64	407	6	8	4	11	10
64	408	6	8	5	3	4
64	409	6	8	7	2	3
64	410	6	8	9	12	4
64	411	6	8	10	12	2
64	412	6	8	11	7	12
64	413	6	8	12	11	10
64	414	6	9	2	10	8
64	415	6	9	3	12	2
64	416	6	9	4	12	2
64	417	6	9	5	3	12
64	418	6	9	7	5	12
64	419	6	9	8	5	10
64	420	6	9	10	4	2
64	421	6	9	11	8	7
64	422	6	9	12	10	11
64	423	6	10	2	9	7
64	424	6	10	3	2	8
64	425	6	10	4	2	11
64	426	6	10	5	12	3
64	427	6	10	7	9	4
64	428	6	10	8	9	12
64	429	6	10	9	3	8
64	430	6	10	11	3	9
64	431	6	10	12	9	8
64	432	6	11	2	3	5
64	433	6	11	3	2	4
64	434	6	11	4	10	8
64	435	6	11	5	2	8
64	436	6	11	7	12	8
64	437	6	11	8	7	4
64	438	6	11	9	2	12
64	439	6	11	10	3	8
64	440	6	11	12	2	4
64	441	6	12	2	11	4
64	442	6	12	3	2	4
64	443	6	12	4	7	11
64	444	6	12	5	8	4
64	445	6	12	7	10	2
64	446	6	12	8	7	5
64	447	6	12	9	3	2
64	448	6	12	10	7	8
64	449	6	12	11	9	2
64	450	7	2	3	10	5
64	451	7	2	4	11	9
64	452	7	2	5	4	9
64	453	7	2	6	9	4
64	454	7	2	8	4	6
64	455	7	2	9	4	12
64	456	7	2	10	4	3
64	457	7	2	11	12	5
64	458	7	2	12	10	6
64	459	7	3	2	5	9
64	460	7	3	4	10	9
64	461	7	3	5	4	9
64	462	7	3	6	2	4
64	463	7	3	8	4	2
64	464	7	3	9	6	4
64	465	7	3	10	12	8
64	466	7	3	11	2	8
64	467	7	3	12	10	4
64	468	7	4	2	11	10
64	469	7	4	3	11	6
64	470	7	4	5	12	10
64	471	7	4	6	8	2
64	472	7	4	8	10	11
64	473	7	4	9	2	5
64	474	7	4	10	6	2
64	475	7	4	11	3	6
64	476	7	4	12	3	9
64	477	7	5	2	6	3
64	478	7	5	3	8	4
64	479	7	5	4	12	8
64	480	7	5	6	3	4
64	481	7	5	8	12	3
64	482	7	5	9	12	2
64	483	7	5	10	3	8
64	484	7	5	11	9	10
64	485	7	5	12	6	2
64	486	7	6	2	11	4
64	487	7	6	3	10	9
64	488	7	6	4	2	9
64	489	7	6	5	4	8
64	490	7	6	8	5	12
64	491	7	6	9	8	4
64	492	7	6	10	5	9
64	493	7	6	11	10	4
64	494	7	6	12	9	11
64	495	7	8	2	11	12
64	496	7	8	3	12	10
64	497	7	8	4	9	10
64	498	7	8	5	3	12
64	499	7	8	6	3	4
64	500	7	8	9	12	10
64	501	7	8	10	6	4
64	502	7	8	11	10	12
64	503	7	8	12	4	10
64	504	7	9	2	11	12
64	505	7	9	3	8	10
64	506	7	9	4	10	8
64	507	7	9	5	11	4
64	508	7	9	6	5	8
64	509	7	9	8	11	2
64	510	7	9	10	12	11
64	511	7	9	11	5	8
64	512	7	9	12	2	4
64	513	7	10	2	8	9
64	514	7	10	3	9	5
64	515	7	10	4	3	6
64	516	7	10	5	9	8
64	517	7	10	6	11	3
64	518	7	10	8	9	4
64	519	7	10	9	6	8
64	520	7	10	11	3	2
64	521	7	10	12	5	6
64	522	7	11	2	12	9
64	523	7	11	3	9	6
64	524	7	11	4	2	5
64	525	7	11	5	12	9
64	526	7	11	6	3	5
64	527	7	11	8	4	2
64	528	7	11	9	5	6
64	529	7	11	10	3	5
64	530	7	11	12	10	4
64	531	7	12	2	8	4
64	532	7	12	3	11	6
64	533	7	12	4	10	2
64	534	7	12	5	11	3
64	535	7	12	6	10	4
64	536	7	12	8	6	4
64	537	7	12	9	8	2
64	538	7	12	10	11	4
64	539	7	12	11	10	2
64	540	8	2	3	5	6
64	541	8	2	4	5	9
64	542	8	2	5	11	12
64	543	8	2	6	9	12
64	544	8	2	7	6	4
64	545	8	2	9	12	3
64	546	8	2	10	12	6
64	547	8	2	11	9	3
64	548	8	2	12	3	11
64	549	8	3	2	5	9
64	550	8	3	4	2	10
64	551	8	3	5	11	2
64	552	8	3	6	7	10
64	553	8	3	7	9	2
64	554	8	3	9	5	10
64	555	8	3	10	12	9
64	556	8	3	11	7	4
64	557	8	3	12	7	9
64	558	8	4	2	11	9
64	559	8	4	3	2	9
64	560	8	4	5	11	3
64	561	8	4	6	12	7
64	562	8	4	7	5	11
64	563	8	4	9	12	3
64	564	8	4	10	11	7
64	565	8	4	11	10	6
64	566	8	4	12	5	6
64	567	8	5	2	11	7
64	568	8	5	3	11	12
64	569	8	5	4	11	10
64	570	8	5	6	2	12
64	571	8	5	7	4	10
64	572	8	5	9	10	3
64	573	8	5	10	2	4
64	574	8	5	11	12	4
64	575	8	5	12	3	4
64	576	8	6	2	11	9
64	577	8	6	3	11	9
64	578	8	6	4	5	9
64	579	8	6	5	10	9
64	580	8	6	7	11	3
64	581	8	6	9	12	3
64	582	8	6	10	7	4
64	583	8	6	11	7	12
64	584	8	6	12	2	11
64	585	8	7	2	4	3
64	586	8	7	3	6	5
64	587	8	7	4	2	6
64	588	8	7	5	3	9
64	589	8	7	6	9	12
64	590	8	7	9	6	3
64	591	8	7	10	3	12
64	592	8	7	11	3	5
64	593	8	7	12	4	11
64	594	8	9	2	5	12
64	595	8	9	3	12	7
64	596	8	9	4	11	6
64	597	8	9	5	11	4
64	598	8	9	6	12	11
64	599	8	9	7	5	6
64	600	8	9	10	5	11
64	601	8	9	11	6	3
64	602	8	9	12	7	3
64	603	8	10	2	5	7
64	604	8	10	3	9	6
64	605	8	10	4	9	12
64	606	8	10	5	7	12
64	607	8	10	6	2	7
64	608	8	10	7	3	12
64	609	8	10	9	6	2
64	610	8	10	11	6	9
64	611	8	10	12	3	5
64	612	8	11	2	5	3
64	613	8	11	3	12	2
64	614	8	11	4	3	12
64	615	8	11	5	10	7
64	616	8	11	6	4	2
64	617	8	11	7	10	6
64	618	8	11	9	12	10
64	619	8	11	10	7	12
64	620	8	11	12	10	6
64	621	8	12	2	10	6
64	622	8	12	3	9	5
64	623	8	12	4	5	7
64	624	8	12	5	6	7
64	625	8	12	6	3	10
64	626	8	12	7	3	9
64	627	8	12	9	5	6
64	628	8	12	10	5	7
64	629	8	12	11	2	5
64	630	9	2	3	4	7
64	631	9	2	4	5	11
64	632	9	2	5	4	11
64	633	9	2	6	4	7
64	634	9	2	7	11	12
64	635	9	2	8	6	5
64	636	9	2	10	12	4
64	637	9	2	11	4	6
64	638	9	2	12	11	8
64	639	9	3	2	7	11
64	640	9	3	4	7	5
64	641	9	3	5	8	2
64	642	9	3	6	5	4
64	643	9	3	7	2	4
64	644	9	3	8	5	7
64	645	9	3	10	4	2
64	646	9	3	11	4	12
64	647	9	3	12	2	4
64	648	9	4	2	7	3
64	649	9	4	3	11	6
64	650	9	4	5	6	7
64	651	9	4	6	10	7
64	652	9	4	7	6	10
64	653	9	4	8	10	5
64	654	9	4	10	2	7
64	655	9	4	11	2	3
64	656	9	4	12	8	3
64	657	9	5	2	8	3
64	658	9	5	3	4	12
64	659	9	5	4	10	6
64	660	9	5	6	2	7
64	661	9	5	7	12	10
64	662	9	5	8	6	4
64	663	9	5	10	12	7
64	664	9	5	11	10	8
64	665	9	5	12	10	2
64	666	9	6	2	12	10
64	667	9	6	3	12	11
64	668	9	6	4	10	3
64	669	9	6	5	12	10
64	670	9	6	7	11	12
64	671	9	6	8	10	4
64	672	9	6	10	3	11
64	673	9	6	11	2	8
64	674	9	6	12	3	10
64	675	9	7	2	6	5
64	676	9	7	3	2	10
64	677	9	7	4	10	2
64	678	9	7	5	11	12
64	679	9	7	6	3	12
64	680	9	7	8	3	11
64	681	9	7	10	4	2
64	682	9	7	11	5	10
64	683	9	7	12	3	4
64	684	9	8	2	4	6
64	685	9	8	3	5	10
64	686	9	8	4	6	5
64	687	9	8	5	2	3
64	688	9	8	6	4	11
64	689	9	8	7	4	5
64	690	9	8	10	7	12
64	691	9	8	11	5	12
64	692	9	8	12	2	7
64	693	9	10	2	8	6
64	694	9	10	3	4	7
64	695	9	10	4	5	3
64	696	9	10	5	11	4
64	697	9	10	6	8	2
64	698	9	10	7	5	3
64	699	9	10	8	11	3
64	700	9	10	11	4	2
64	701	9	10	12	3	11
64	702	9	11	2	3	10
64	703	9	11	3	12	8
64	704	9	11	4	7	8
64	705	9	11	5	4	8
64	706	9	11	6	8	3
64	707	9	11	7	2	10
64	708	9	11	8	5	4
64	709	9	11	10	2	6
64	710	9	11	12	7	2
64	711	9	12	2	4	11
64	712	9	12	3	6	11
64	713	9	12	4	7	5
64	714	9	12	5	10	8
64	715	9	12	6	7	3
64	716	9	12	7	11	4
64	717	9	12	8	2	3
64	718	9	12	10	3	6
64	719	9	12	11	10	5
64	720	10	2	3	4	7
64	721	10	2	4	3	6
64	722	10	2	5	6	8
64	723	10	2	6	11	3
64	724	10	2	7	11	4
64	725	10	2	8	5	9
64	726	10	2	9	8	6
64	727	10	2	11	7	6
64	728	10	2	12	5	11
64	729	10	3	2	12	8
64	730	10	3	4	8	7
64	731	10	3	5	9	6
64	732	10	3	6	7	8
64	733	10	3	7	2	12
64	734	10	3	8	2	6
64	735	10	3	9	2	8
64	736	10	3	11	9	2
64	737	10	3	12	9	7
64	738	10	4	2	9	3
64	739	10	4	3	8	12
64	740	10	4	5	7	6
64	741	10	4	6	3	12
64	742	10	4	7	8	9
64	743	10	4	8	9	6
64	744	10	4	9	2	8
64	745	10	4	11	9	6
64	746	10	4	12	5	8
64	747	10	5	2	3	11
64	748	10	5	3	9	11
64	749	10	5	4	3	7
64	750	10	5	6	11	7
64	751	10	5	7	8	3
64	752	10	5	8	12	9
64	753	10	5	9	6	11
64	754	10	5	11	4	9
64	755	10	5	12	2	11
64	756	10	6	2	7	5
64	757	10	6	3	5	11
64	758	10	6	4	9	8
64	759	10	6	5	3	8
64	760	10	6	7	12	8
64	761	10	6	8	9	5
64	762	10	6	9	5	3
64	763	10	6	11	4	12
64	764	10	6	12	7	5
64	765	10	7	2	3	8
64	766	10	7	3	11	5
64	767	10	7	4	3	9
64	768	10	7	5	11	4
64	769	10	7	6	11	2
64	770	10	7	8	5	6
64	771	10	7	9	11	5
64	772	10	7	11	12	2
64	773	10	7	12	5	3
64	774	10	8	2	4	5
64	775	10	8	3	11	7
64	776	10	8	4	9	3
64	777	10	8	5	2	3
64	778	10	8	6	11	3
64	779	10	8	7	3	5
64	780	10	8	9	5	6
64	781	10	8	11	6	9
64	782	10	8	12	4	11
64	783	10	9	2	3	5
64	784	10	9	3	4	5
64	785	10	9	4	12	11
64	786	10	9	5	4	6
64	787	10	9	6	5	2
64	788	10	9	7	11	3
64	789	10	9	8	5	2
64	790	10	9	11	2	12
64	791	10	9	12	2	7
64	792	10	11	2	12	8
64	793	10	11	3	8	4
64	794	10	11	4	9	5
64	795	10	11	5	12	7
64	796	10	11	6	12	3
64	797	10	11	7	9	12
64	798	10	11	8	7	6
64	799	10	11	9	7	5
64	800	10	11	12	5	3
64	801	10	12	2	4	9
64	802	10	12	3	7	6
64	803	10	12	4	8	11
64	804	10	12	5	8	6
64	805	10	12	6	3	2
64	806	10	12	7	6	9
64	807	10	12	8	9	5
64	808	10	12	9	6	11
64	809	10	12	11	4	2
64	810	11	2	3	12	4
64	811	11	2	4	3	10
64	812	11	2	5	10	9
64	813	11	2	6	8	4
64	814	11	2	7	8	5
64	815	11	2	8	4	9
64	816	11	2	9	12	10
64	817	11	2	10	6	7
64	818	11	2	12	10	4
64	819	11	3	2	7	8
64	820	11	3	4	5	12
64	821	11	3	5	12	8
64	822	11	3	6	4	8
64	823	11	3	7	5	4
64	824	11	3	8	6	4
64	825	11	3	9	5	7
64	826	11	3	10	9	5
64	827	11	3	12	8	10
64	828	11	4	2	5	9
64	829	11	4	3	5	7
64	830	11	4	5	2	6
64	831	11	4	6	8	3
64	832	11	4	7	3	9
64	833	11	4	8	5	7
64	834	11	4	9	12	6
64	835	11	4	10	5	2
64	836	11	4	12	8	10
64	837	11	5	2	4	6
64	838	11	5	3	9	12
64	839	11	5	4	6	2
64	840	11	5	6	2	4
64	841	11	5	7	4	8
64	842	11	5	8	7	9
64	843	11	5	9	6	2
64	844	11	5	10	3	12
64	845	11	5	12	8	6
64	846	11	6	2	8	7
64	847	11	6	3	9	7
64	848	11	6	4	7	5
64	849	11	6	5	7	8
64	850	11	6	7	4	5
64	851	11	6	8	9	10
64	852	11	6	9	4	3
64	853	11	6	10	9	3
64	854	11	6	12	8	5
64	855	11	7	2	10	4
64	856	11	7	3	2	4
64	857	11	7	4	2	5
64	858	11	7	5	3	2
64	859	11	7	6	5	3
64	860	11	7	8	6	9
64	861	11	7	9	6	3
64	862	11	7	10	8	9
64	863	11	7	12	8	2
64	864	11	8	2	3	7
64	865	11	8	3	7	2
64	866	11	8	4	7	9
64	867	11	8	5	2	10
64	868	11	8	6	9	3
64	869	11	8	7	3	5
64	870	11	8	9	4	12
64	871	11	8	10	12	2
64	872	11	8	12	2	5
64	873	11	9	2	10	7
64	874	11	9	3	7	12
64	875	11	9	4	10	3
64	876	11	9	5	7	10
64	877	11	9	6	3	5
64	878	11	9	7	10	6
64	879	11	9	8	5	12
64	880	11	9	10	5	4
64	881	11	9	12	3	2
64	882	11	10	2	3	7
64	883	11	10	3	4	2
64	884	11	10	4	9	6
64	885	11	10	5	4	3
64	886	11	10	6	7	3
64	887	11	10	7	12	9
64	888	11	10	8	7	4
64	889	11	10	9	4	8
64	890	11	10	12	2	4
64	891	11	12	2	3	7
64	892	11	12	3	10	4
64	893	11	12	4	6	3
64	894	11	12	5	8	9
64	895	11	12	6	10	2
64	896	11	12	7	10	9
64	897	11	12	8	7	2
64	898	11	12	9	10	8
64	899	11	12	10	3	9
64	900	12	2	3	11	7
64	901	12	2	4	6	3
64	902	12	2	5	6	3
64	903	12	2	6	5	10
64	904	12	2	7	3	5
64	905	12	2	8	3	6
64	906	12	2	9	7	10
64	907	12	2	10	4	8
64	908	12	2	11	4	5
64	909	12	3	2	11	7
64	910	12	3	4	9	6
64	911	12	3	5	6	9
64	912	12	3	6	8	11
64	913	12	3	7	6	10
64	914	12	3	8	9	7
64	915	12	3	9	10	8
64	916	12	3	10	5	6
64	917	12	3	11	5	6
64	918	12	4	2	3	7
64	919	12	4	3	11	9
64	920	12	4	5	8	3
64	921	12	4	6	3	9
64	922	12	4	7	5	11
64	923	12	4	8	11	6
64	924	12	4	9	8	7
64	925	12	4	10	5	8
64	926	12	4	11	6	2
64	927	12	5	2	6	10
64	928	12	5	3	11	6
64	929	12	5	4	6	10
64	930	12	5	6	7	11
64	931	12	5	7	3	4
64	932	12	5	8	2	6
64	933	12	5	9	10	6
64	934	12	5	10	3	9
64	935	12	5	11	3	9
64	936	12	6	2	10	8
64	937	12	6	3	11	7
64	938	12	6	4	10	8
64	939	12	6	5	10	7
64	940	12	6	7	4	3
64	941	12	6	8	11	4
64	942	12	6	9	2	4
64	943	12	6	10	8	2
64	944	12	6	11	2	4
64	945	12	7	2	11	9
64	946	12	7	3	8	5
64	947	12	7	4	5	3
64	948	12	7	5	11	6
64	949	12	7	6	11	10
64	950	12	7	8	6	5
64	951	12	7	9	4	3
64	952	12	7	10	4	2
64	953	12	7	11	8	5
64	954	12	8	2	11	4
64	955	12	8	3	7	2
64	956	12	8	4	6	9
64	957	12	8	5	2	9
64	958	12	8	6	11	10
64	959	12	8	7	3	9
64	960	12	8	9	5	6
64	961	12	8	10	11	4
64	962	12	8	11	5	4
64	963	12	9	2	8	6
64	964	12	9	3	10	4
64	965	12	9	4	2	3
64	966	12	9	5	4	2
64	967	12	9	6	5	8
64	968	12	9	7	11	3
64	969	12	9	8	11	4
64	970	12	9	10	8	11
64	971	12	9	11	5	4
64	972	12	10	2	6	4
64	973	12	10	3	9	7
64	974	12	10	4	6	9
64	975	12	10	5	11	7
64	976	12	10	6	2	9
64	977	12	10	7	3	6
64	978	12	10	8	6	4
64	979	12	10	9	2	4
64	980	12	10	11	7	2
64	981	12	11	2	7	9
64	982	12	11	3	8	2
64	983	12	11	4	5	2
64	984	12	11	5	8	4
64	985	12	11	6	9	4
64	986	12	11	7	5	10
64	987	12	11	8	10	9
64	988	12	11	9	6	4
64	989	12	11	10	7	8
90	0	2	3	4	12	11
90	1	2	3	5	7	6
90	2	2	3	6	5	9
90	3	2	3	7	8	10
90	4	2	3	8	11	10
90	5	2	3	9	10	6
90	6	2	3	10	6	9
90	7	2	3	11	12	4
90	8	2	3	12	7	6
90	9	2	4	3	5	7
90	10	2	4	5	7	9
90	11	2	4	6	10	3
90	12	2	4	7	11	12
90	13	2	4	8	3	12
90	14	2	4	9	10	12
90	15	2	4	10	9	11
90	16	2	4	11	3	5
90	17	2	4	12	3	9
90	18	2	5	3	4	8
90	19	2	5	4	6	11
90	20	2	5	6	11	8
90	21	2	5	7	12	4
90	22	2	5	8	3	11
90	23	2	5	9	3	8
90	24	2	5	10	9	12
90	25	2	5	11	6	7
90	26	2	5	12	10	4
90	27	2	6	3	11	7
90	28	2	6	4	3	5
90	29	2	6	5	4	10
90	30	2	6	7	8	3
90	31	2	6	8	9	4
90	32	2	6	9	8	11
90	33	2	6	10	3	5
90	34	2	6	11	10	5
90	35	2	6	12	10	8
90	36	2	7	3	6	8
90	37	2	7	4	6	9
90	38	2	7	5	12	3
90	39	2	7	6	9	8
90	40	2	7	8	5	3
90	41	2	7	9	3	5
90	42	2	7	10	11	4
90	43	2	7	11	6	5
90	44	2	7	12	11	5
90	45	2	8	3	7	12
90	46	2	8	4	12	10
90	47	2	8	5	4	11
90	48	2	8	6	7	11
90	49	2	8	7	5	6
90	50	2	8	9	10	11
90	51	2	8	10	3	7
90	52	2	8	11	4	12
90	53	2	8	12	6	4
90	54	2	9	3	4	11
90	55	2	9	4	11	3
90	56	2	9	5	8	12
90	57	2	9	6	4	5
90	58	2	9	7	10	4
90	59	2	9	8	7	12
90	60	2	9	10	3	11
90	61	2	9	11	6	4
90	62	2	9	12	6	5
90	63	2	10	3	9	11
90	64	2	10	4	5	8
90	65	2	10	5	12	7
90	66	2	10	6	7	8
90	67	2	10	7	12	8
90	68	2	10	8	4	7
90	69	2	10	9	6	5
90	70	2	10	11	5	12
90	71	2	10	12	3	7
90	72	2	11	3	4	8
90	73	2	11	4	8	10
90	74	2	11	5	12	6
90	75	2	11	6	12	9
90	76	2	11	7	3	5
90	77	2	11	8	12	6
90	78	2	11	9	7	5
90	79	2	11	10	12	7
90	80	2	11	12	3	10
90	81	2	12	3	8	5
90	82	2	12	4	10	8
90	83	2	12	5	6	10
90	84	2	12	6	7	10
90	85	2	12	7	9	5
90	86	2	12	8	5	9
90	87	2	12	9	10	5
90	88	2	12	10	6	9
90	89	2	12	11	9	10
90	90	3	2	4	6	10
90	91	3	2	5	4	10
90	92	3	2	6	7	9
90	93	3	2	7	11	9
90	94	3	2	8	12	4
90	95	3	2	9	10	7
90	96	3	2	10	4	5
90	97	3	2	11	7	10
90	98	3	2	12	11	4
90	99	3	4	2	11	10
90	100	3	4	5	8	7
90	101	3	4	6	12	10
90	102	3	4	7	8	5
90	103	3	4	8	9	7
90	104	3	4	9	10	12
90	105	3	4	10	7	2
90	106	3	4	11	7	10
90	107	3	4	12	8	2
90	108	3	5	2	10	7
90	109	3	5	4	7	2
90	110	3	5	6	10	11
90	111	3	5	7	12	11
90	112	3	5	8	12	9
90	113	3	5	9	12	10
90	114	3	5	10	11	9
90	115	3	5	11	2	6
90	116	3	5	12	10	4
90	117	3	6	2	7	4
90	118	3	6	4	11	12
90	119	3	6	5	10	8
90	120	3	6	7	8	10
90	121	3	6	8	12	7
90	122	3	6	9	7	12
90	123	3	6	10	5	7
90	124	3	6	11	12	8
90	125	3	6	12	8	5
90	126	3	7	2	9	5
90	127	3	7	4	8	12
90	128	3	7	5	6	4
90	129	3	7	6	12	4
90	130	3	7	8	5	4
90	131	3	7	9	11	6
90	132	3	7	10	4	11
90	133	3	7	11	9	10
90	134	3	7	12	10	4
90	135	3	8	2	6	4
90	136	3	8	4	10	5
90	137	3	8	5	4	6
90	138	3	8	6	12	9
90	139	3	8	7	6	9
90	140	3	8	9	11	6
90	141	3	8	10	5	4
90	142	3	8	11	5	7
90	143	3	8	12	6	5
90	144	3	9	2	11	4
90	145	3	9	4	7	12
90	146	3	9	5	4	7
90	147	3	9	6	4	10
90	148	3	9	7	5	6
90	149	3	9	8	12	11
90	150	3	9	10	6	12
90	151	3	9	11	10	8
90	152	3	9	12	10	2
90	153	3	10	2	6	9
90	154	3	10	4	5	12
90	155	3	10	5	4	8
90	156	3	10	6	4	11
90	157	3	10	7	6	4
90	158	3	10	8	2	12
90	159	3	10	9	8	12
90	160	3	10	11	5	7
90	161	3	10	12	8	5
90	162	3	11	2	7	5
90	163	3	11	4	10	7
90	164	3	11	5	8	12
90	165	3	11	6	7	9
90	166	3	11	7	8	12
90	167	3	11	8	12	9
90	168	3	11	9	5	4
90	169	3	11	10	12	5
90	170	3	11	12	4	5
90	171	3	12	2	6	5
90	172	3	12	4	11	5
90	173	3	12	5	11	10
90	174	3	12	6	9	8
90	175	3	12	7	2	11
90	176	3	12	8	10	9
90	177	3	12	9	8	11
90	178	3	12	10	8	7
90	179	3	12	11	7	10
90	180	4	2	3	12	7
90	181	4	2	5	10	9
90	182	4	2	6	8	3
90	183	4	2	7	12	8
90	184	4	2	8	9	6
90	185	4	2	9	7	5
90	186	4	2	10	6	5
90	187	4	2	11	6	12
90	188	4	2	12	9	11
90	189	4	3	2	5	10
90	190	4	3	5	8	11
90	191	4	3	6	2	5
90	192	4	3	7	12	6
90	193	4	3	8	2	10
90	194	4	3	9	10	12
90	195	4	3	10	11	7
90	196	4	3	11	12	9
90	197	4	3	12	2	9
90	198	4	5	2	8	9
90	199	4	5	3	12	9
90	200	4	5	6	7	12
90	201	4	5	7	3	8
90	202	4	5	8	12	9
90	203	4	5	9	8	6
90	204	4	5	10	6	9
90	205	4	5	11	2	6
90	206	4	5	12	2	3
90	207	4	6	2	3	9
90	208	4	6	3	2	12
90	209	4	6	5	3	9
90	210	4	6	7	12	2
90	211	4	6	8	11	3
90	212	4	6	9	10	12
90	213	4	6	10	8	9
90	214	4	6	11	9	2
90	215	4	6	12	3	2
90	216	4	7	2	3	5
90	217	4	7	3	10	8
90	218	4	7	5	9	11
90	219	4	7	6	12	9
90	220	4	7	8	2	5
90	221	4	7	9	5	10
90	222	4	7	10	11	8
90	223	4	7	11	3	6
90	224	4	7	12	8	2
90	225	4	8	2	3	10
90	226	4	8	3	12	5
90	227	4	8	5	12	9
90	228	4	8	6	3	11
90	229	4	8	7	2	12
90	230	4	8	9	3	12
90	231	4	8	10	12	3
90	232	4	8	11	6	2
90	233	4	8	12	10	11
90	234	4	9	2	7	5
90	235	4	9	3	8	12
90	236	4	9	5	3	7
90	237	4	9	6	12	7
90	238	4	9	7	10	6
90	239	4	9	8	6	3
90	240	4	9	10	11	6
90	241	4	9	11	3	7
90	242	4	9	12	6	3
90	243	4	10	2	6	9
90	244	4	10	3	9	6
90	245	4	10	5	6	7
90	246	4	10	6	5	3
90	247	4	10	7	6	11
90	248	4	10	8	12	7
90	249	4	10	9	2	12
90	250	4	10	11	8	3
90	251	4	10	12	7	3
90	252	4	11	2	6	10
90	253	4	11	3	7	10
90	254	4	11	5	9	7
90	255	4	11	6	10	8
90	256	4	11	7	10	2
90	257	4	11	8	5	12
90	258	4	11	9	7	10
90	259	4	11	10	8	5
90	260	4	11	12	6	7
90	261	4	12	2	9	3
90	262	4	12	3	11	7
90	263	4	12	5	7	3
90	264	4	12	6	3	2
90	265	4	12	7	11	2
90	266	4	12	8	3	6
90	267	4	12	9	2	7
90	268	4	12	10	3	8
90	269	4	12	11	8	3
90	270	5	2	3	10	9
90	271	5	2	4	8	12
90	272	5	2	6	7	12
90	273	5	2	7	10	3
90	274	5	2	8	7	12
90	275	5	2	9	11	7
90	276	5	2	10	6	7
90	277	5	2	11	3	4
90	278	5	2	12	4	6
90	279	5	3	2	6	4
90	280	5	3	4	8	2
90	281	5	3	6	4	8
90	282	5	3	7	9	11
90	283	5	3	8	6	7
90	284	5	3	9	12	8
90	285	5	3	10	6	11
90	286	5	3	11	9	6
90	287	5	3	12	2	9
90	288	5	4	2	3	10
90	289	5	4	3	11	8
90	290	5	4	6	9	2
90	291	5	4	7	10	12
90	292	5	4	8	9	10
90	293	5	4	9	7	11
90	294	5	4	10	6	8
90	295	5	4	11	2	3
90	296	5	4	12	3	2
90	297	5	6	2	12	8
90	298	5	6	3	8	12
90	299	5	6	4	11	2
90	300	5	6	7	8	10
90	301	5	6	8	9	12
90	302	5	6	9	2	12
90	303	5	6	10	9	3
90	304	5	6	11	10	2
90	305	5	6	12	2	8
90	306	5	7	2	9	3
90	307	5	7	3	4	11
90	308	5	7	4	8	10
90	309	5	7	6	3	8
90	310	5	7	8	11	9
90	311	5	7	9	4	6
90	312	5	7	10	3	9
90	313	5	7	11	8	10
90	314	5	7	12	8	2
90	315	5	8	2	4	7
90	316	5	8	3	6	10
90	317	5	8	4	3	2
90	318	5	8	6	4	2
90	319	5	8	7	2	6
90	320	5	8	9	12	10
90	321	5	8	10	7	3
90	322	5	8	11	12	7
90	323	5	8	12	7	11
90	324	5	9	2	4	6
90	325	5	9	3	4	10
90	326	5	9	4	2	8
90	327	5	9	6	11	8
90	328	5	9	7	3	4
90	329	5	9	8	10	4
90	330	5	9	10	8	7
90	331	5	9	11	8	10
90	332	5	9	12	3	11
90	333	5	10	2	8	11
90	334	5	10	3	8	9
90	335	5	10	4	12	8
90	336	5	10	6	2	12
90	337	5	10	7	4	6
90	338	5	10	8	6	12
90	339	5	10	9	6	7
90	340	5	10	11	2	8
90	341	5	10	12	9	7
90	342	5	11	2	8	10
90	343	5	11	3	12	8
90	344	5	11	4	10	12
90	345	5	11	6	10	4
90	346	5	11	7	3	12
90	347	5	11	8	3	12
90	348	5	11	9	2	8
90	349	5	11	10	8	7
90	350	5	11	12	6	10
90	351	5	12	2	10	9
90	352	5	12	3	4	6
90	353	5	12	4	7	3
90	354	5	12	6	11	3
90	355	5	12	7	9	8
90	356	5	12	8	7	2
90	357	5	12	9	2	8
90	358	5	12	10	6	9
90	359	5	12	11	2	10
90	360	6	2	3	12	7
90	361	6	2	4	8	9
90	362	6	2	5	9	8
90	363	6	2	7	5	8
90	364	6	2	8	4	11
90	365	6	2	9	3	7
90	366	6	2	10	5	8
90	367	6	2	11	9	3
90	368	6	2	12	9	11
90	369	6	3	2	8	5
90	370	6	3	4	7	5
90	371	6	3	5	12	2
90	372	6	3	7	5	4
90	373	6	3	8	10	5
90	374	6	3	9	12	11
90	375	6	3	10	7	9
90	376	6	3	11	2	12
90	377	6	3	12	8	2
90	378	6	4	2	10	8
90	379	6	4	3	10	2
90	380	6	4	5	3	8
90	381	6	4	7	2	12
90	382	6	4	8	7	2
90	383	6	4	9	8	2
90	384	6	4	10	3	9
90	385	6	4	11	9	5
90	386	6	4	12	5	10
90	387	6	5	2	7	3
90	388	6	5	3	12	2
90	389	6	5	4	10	11
90	390	6	5	7	9	10
90	391	6	5	8	3	7
90	392	6	5	9	4	12
90	393	6	5	10	7	3
90	394	6	5	11	12	2
90	395	6	5	12	7	11
90	396	6	7	2	3	9
90	397	6	7	3	12	4
90	398	6	7	4	2	9
90	399	6	7	5	2	12
90	400	6	7	8	4	11
90	401	6	7	9	4	10
90	402	6	7	10	4	2
90	403	6	7	11	10	12
90	404	6	7	12	2	9
90	405	6	8	2	3	12
90	406	6	8	3	7	5
90	407	6	8	4	12	11
90	408	6	8	5	11	10
90	409	6	8	7	5	4
90	410	6	8	9	12	3
90	411	6	8	10	2	3
90	412	6	8	11	10	3
90	413	6	8	12	5	10
90	414	6	9	2	4	11
90	415	6	9	3	8	7
90	416	6	9	4	11	2
90	417	6	9	5	3	12
90	418	6	9	7	12	2
90	419	6	9	8	7	10
90	420	6	9	10	11	4
90	421	6	9	11	2	8
90	422	6	9	12	7	8
90	423	6	10	2	12	8
90	424	6	10	3	2	9
90	425	6	10	4	12	7
90	426	6	10	5	3	7
90	427	6	10	7	12	3
90	428	6	10	8	3	9
90	429	6	10	9	3	12
90	430	6	10	11	8	9
90	431	6	10	12	4	3
90	432	6	11	2	7	12
90	433	6	11	3	7	4
90	434	6	11	4	10	5
90	435	6	11	5	3	2
90	436	6	11	7	4	3
90	437	6	11	8	3	10
90	438	6	11	9	12	8
90	439	6	11	10	3	8
90	440	6	11	12	4	2
90	441	6	12	2	10	8
90	442	6	12	3	9	4
90	443	6	12	4	11	5
90	444	6	12	5	9	10
90	445	6	12	7	8	4
90	446	6	12	8	9	2
90	447	6	12	9	10	8
90	448	6	12	10	7	5
90	449	6	12	11	4	2
90	450	7	2	3	9	5
90	451	7	2	4	11	12
90	452	7	2	5	6	4
90	453	7	2	6	11	5
90	454	7	2	8	5	3
90	455	7	2	9	5	8
90	456	7	2	10	8	11
90	457	7	2	11	9	5
90	458	7	2	12	6	8
90	459	7	3	2	8	10
90	460	7	3	4	2	12
90	461	7	3	5	9	12
90	462	7	3	6	12	5
90	463	7	3	8	12	4
90	464	7	3	9	2	11
90	465	7	3	10	2	12
90	466	7	3	11	5	10
90	467	7	3	12	5	8
90	468	7	4	2	12	3
90	469	7	4	3	5	9
90	470	7	4	5	10	12
90	471	7	4	6	9	8
90	472	7	4	8	3	5
90	473	7	4	9	5	11
90	474	7	4	10	8	5
90	475	7	4	11	10	8
90	476	7	4	12	9	5
90	477	7	5	2	9	10
90	478	7	5	3	11	6
90	479	7	5	4	8	10
90	480	7	5	6	8	11
90	481	7	5	8	4	11
90	482	7	5	9	8	10
90	483	7	5	10	2	9
90	484	7	5	11	9	10
90	485	7	5	12	11	4
90	486	7	6	2	10	9
90	487	7	6	3	2	8
90	488	7	6	4	2	8
90	489	7	6	5	9	2
90	490	7	6	8	9	4
90	491	7	6	9	2	5
90	492	7	6	10	11	4
90	493	7	6	11	5	10
90	494	7	6	12	2	5
90	495	7	8	2	3	5
90	496	7	8	3	11	6
90	497	7	8	4	9	2
90	498	7	8	5	6	11
90	499	7	8	6	5	2
90	500	7	8	9	4	11
90	501	7	8	10	5	4
90	502	7	8	11	9	5
90	503	7	8	12	9	11
90	504	7	9	2	12	11
90	505	7	9	3	11	4
90	506	7	9	4	12	5
90	507	7	9	5	3	2
90	508	7	9	6	4	12
90	509	7	9	8	3	10
90	510	7	9	10	8	11
90	511	7	9	11	4	12
90	512	7	9	12	6	3
90	513	7	10	2	11	6
90	514	7	10	3	6	12
90	515	7	10	4	3	5
90	516	7	10	5	11	4
90	517	7	10	6	11	4
90	518	7	10	8	12	5
90	519	7	10	9	12	8
90	520	7	10	11	12	6
90	521	7	10	12	6	5
90	522	7	11	2	5	6
90	523	7	11	3	9	12
90	524	7	11	4	3	12
90	525	7	11	5	8	4
90	526	7	11	6	4	9
90	527	7	11	8	9	2
90	528	7	11	9	5	4
90	529	7	11	10	4	2
90	530	7	11	12	9	10
90	531	7	12	2	5	3
90	532	7	12	3	10	8
90	533	7	12	4	2	6
90	534	7	12	5	9	3
90	535	7	12	6	10	11
90	536	7	12	8	10	3
90	537	7	12	9	8	5
90	538	7	12	10	11	9
90	539	7	12	11	10	8
90	540	8	2	3	11	10
90	541	8	2	4	11	5
90	542	8	2	5	11	7
90	543	8	2	6	9	10
90	544	8	2	7	3	6
90	545	8	2	9	10	11
90	546	8	2	10	11	4
90	547	8	2	11	9	3
90	548	8	2	12	9	3
90	549	8	3	2	11	6
90	550	8	3	4	2	10
90	551	8	3	5	9	10
90	552	8	3	6	7	5
90	553	8	3	7	4	12
90	554	8	3	9	4	12
90	555	8	3	10	4	9
90	556	8	3	11	9	2
90	557	8	3	12	2	4
90	558	8	4	2	10	11
90	559	8	4	3	12	2
90	560	8	4	5	3	12
90	561	8	4	6	5	3
90	562	8	4	7	2	9
90	563	8	4	9	3	11
90	564	8	4	10	9	5
90	565	8	4	11	9	3
90	566	8	4	12	9	7
90	567	8	5	2	3	4
90	568	8	5	3	12	6
90	569	8	5	4	6	7
90	570	8	5	6	9	3
90	571	8	5	7	6	4
90	572	8	5	9	6	11
90	573	8	5	10	6	11
90	574	8	5	11	2	6
90	575	8	5	12	6	9
90	576	8	6	2	3	9
90	577	8	6	3	5	9
90	578	8	6	4	10	3
90	579	8	6	5	2	3
90	580	8	6	7	10	11
90	581	8	6	9	7	2
90	582	8	6	10	2	4
90	583	8	6	11	7	3
90	584	8	6	12	9	11
90	585	8	7	2	4	5
90	586	8	7	3	6	12
90	587	8	7	4	10	6
90	588	8	7	5	4	3
90	589	8	7	6	9	12
90	590	8	7	9	12	3
90	591	8	7	10	11	6
90	592	8	7	11	6	2
90	593	8	7	12	10	6
90	594	8	9	2	5	3
90	595	8	9	3	7	2
90	596	8	9	4	2	3
90	597	8	9	5	6	2
90	598	8	9	6	4	5
90	599	8	9	7	12	10
90	600	8	9	10	2	3
90	601	8	9	11	12	5
90	602	8	9	12	5	7
90	603	8	10	2	3	7
90	604	8	10	3	6	7
90	605	8	10	4	11	3
90	606	8	10	5	7	2
90	607	8	10	6	9	11
90	608	8	10	7	3	11
90	609	8	10	9	6	3
90	610	8	10	11	12	4
90	611	8	10	12	7	11
90	612	8	11	2	10	5
90	613	8	11	3	9	6
90	614	8	11	4	6	9
90	615	8	11	5	7	9
90	616	8	11	6	5	7
90	617	8	11	7	5	3
90	618	8	11	9	3	2
90	619	8	11	10	6	3
90	620	8	11	12	7	10
90	621	8	12	2	11	3
90	622	8	12	3	9	6
90	623	8	12	4	3	10
90	624	8	12	5	4	11
90	625	8	12	6	9	3
90	626	8	12	7	2	9
90	627	8	12	9	3	5
90	628	8	12	10	7	5
90	629	8	12	11	10	2
90	630	9	2	3	4	10
90	631	9	2	4	8	3
90	632	9	2	5	7	10
90	633	9	2	6	5	4
90	634	9	2	7	10	12
90	635	9	2	8	3	5
90	636	9	2	10	11	7
90	637	9	2	11	8	7
90	638	9	2	12	11	8
90	639	9	3	2	4	7
90	640	9	3	4	2	6
90	641	9	3	5	10	6
90	642	9	3	6	7	11
90	643	9	3	7	8	10
90	644	9	3	8	7	12
90	645	9	3	10	5	8
90	646	9	3	11	5	10
90	647	9	3	12	7	4
90	648	9	4	2	6	5
90	649	9	4	3	7	5
90	650	9	4	5	10	11
90	651	9	4	6	2	3
90	652	9	4	7	8	3
90	653	9	4	8	7	6
90	654	9	4	10	2	6
90	655	9	4	11	2	6
90	656	9	4	12	3	5
90	657	9	5	2	10	7
90	658	9	5	3	11	8
90	659	9	5	4	11	12
90	660	9	5	6	12	8
90	661	9	5	7	8	3
90	662	9	5	8	4	2
90	663	9	5	10	2	7
90	664	9	5	11	3	7
90	665	9	5	12	11	3
90	666	9	6	2	3	11
90	667	9	6	3	7	2
90	668	9	6	4	2	3
90	669	9	6	5	8	7
90	670	9	6	7	3	12
90	671	9	6	8	7	11
90	672	9	6	10	3	11
90	673	9	6	11	3	7
90	674	9	6	12	10	8
90	675	9	7	2	8	4
90	676	9	7	3	6	5
90	677	9	7	4	10	3
90	678	9	7	5	8	12
90	679	9	7	6	2	3
90	680	9	7	8	5	11
90	681	9	7	10	6	12
90	682	9	7	11	2	10
90	683	9	7	12	6	5
90	684	9	8	2	10	12
90	685	9	8	3	4	11
90	686	9	8	4	5	12
90	687	9	8	5	6	4
90	688	9	8	6	5	11
90	689	9	8	7	2	10
90	690	9	8	10	2	12
90	691	9	8	11	7	10
90	692	9	8	12	11	2
90	693	9	10	2	3	11
90	694	9	10	3	5	12
90	695	9	10	4	5	6
90	696	9	10	5	4	2
90	697	9	10	6	11	3
90	698	9	10	7	3	2
90	699	9	10	8	11	12
90	700	9	10	11	4	3
90	701	9	10	12	6	4
90	702	9	11	2	8	12
90	703	9	11	3	4	2
90	704	9	11	4	2	7
90	705	9	11	5	8	4
90	706	9	11	6	12	10
90	707	9	11	7	2	4
90	708	9	11	8	4	6
90	709	9	11	10	5	8
90	710	9	11	12	5	8
90	711	9	12	2	3	7
90	712	9	12	3	10	5
90	713	9	12	4	7	10
90	714	9	12	5	2	3
90	715	9	12	6	2	11
90	716	9	12	7	6	2
90	717	9	12	8	5	6
90	718	9	12	10	2	7
90	719	9	12	11	6	2
90	720	10	2	3	4	12
90	721	10	2	4	8	11
90	722	10	2	5	9	12
90	723	10	2	6	3	5
90	724	10	2	7	8	4
90	725	10	2	8	5	7
90	726	10	2	9	5	11
90	727	10	2	11	3	9
90	728	10	2	12	9	6
90	729	10	3	2	4	8
90	730	10	3	4	11	7
90	731	10	3	5	8	7
90	732	10	3	6	7	11
90	733	10	3	7	2	11
90	734	10	3	8	7	2
90	735	10	3	9	8	11
90	736	10	3	11	5	9
90	737	10	3	12	6	8
90	738	10	4	2	12	11
90	739	10	4	3	9	7
90	740	10	4	5	12	8
90	741	10	4	6	2	3
90	742	10	4	7	2	8
90	743	10	4	8	3	6
90	744	10	4	9	7	3
90	745	10	4	11	8	9
90	746	10	4	12	9	5
90	747	10	5	2	3	4
90	748	10	5	3	6	2
90	749	10	5	4	8	12
90	750	10	5	6	4	11
90	751	10	5	7	6	2
90	752	10	5	8	7	4
90	753	10	5	9	3	12
90	754	10	5	11	7	4
90	755	10	5	12	9	11
90	756	10	6	2	7	11
90	757	10	6	3	9	2
90	758	10	6	4	7	5
90	759	10	6	5	3	9
90	760	10	6	7	12	5
90	761	10	6	8	3	7
90	762	10	6	9	4	8
90	763	10	6	11	7	2
90	764	10	6	12	2	8
90	765	10	7	2	3	4
90	766	10	7	3	4	8
90	767	10	7	4	11	6
90	768	10	7	5	6	9
90	769	10	7	6	3	11
90	770	10	7	8	9	4
90	771	10	7	9	3	2
90	772	10	7	11	5	4
90	773	10	7	12	2	6
90	774	10	8	2	6	5
90	775	10	8	3	7	4
90	776	10	8	4	6	12
90	777	10	8	5	3	11
90	778	10	8	6	2	9
90	779	10	8	7	12	9
90	780	10	8	9	6	2
90	781	10	8	11	4	9
90	782	10	8	12	5	3
90	783	10	9	2	3	6
90	784	10	9	3	8	6
90	785	10	9	4	2	3
90	786	10	9	5	3	8
90	787	10	9	6	2	8
90	788	10	9	7	12	11
90	789	10	9	8	12	3
90	790	10	9	11	2	3
90	791	10	9	12	3	7
90	792	10	11	2	8	9
90	793	10	11	3	9	7
90	794	10	11	4	6	2
90	795	10	11	5	8	4
90	796	10	11	6	7	2
90	797	10	11	7	2	3
90	798	10	11	8	5	7
90	799	10	11	9	6	3
90	800	10	11	12	2	3
90	801	10	12	2	3	7
90	802	10	12	3	11	9
90	803	10	12	4	8	9
90	804	10	12	5	8	11
90	805	10	12	6	2	4
90	806	10	12	7	9	8
90	807	10	12	8	2	4
90	808	10	12	9	5	2
90	809	10	12	11	7	6
90	810	11	2	3	10	4
90	811	11	2	4	9	6
90	812	11	2	5	9	7
90	813	11	2	6	4	12
90	814	11	2	7	12	9
90	815	11	2	8	10	5
90	816	11	2	9	5	8
90	817	11	2	10	8	6
90	818	11	2	12	8	9
90	819	11	3	2	12	7
90	820	11	3	4	10	9
90	821	11	3	5	6	10
90	822	11	3	6	12	5
90	823	11	3	7	6	8
90	824	11	3	8	5	6
90	825	11	3	9	7	8
90	826	11	3	10	4	9
90	827	11	3	12	6	9
90	828	11	4	2	8	12
90	829	11	4	3	5	10
90	830	11	4	5	9	12
90	831	11	4	6	9	2
90	832	11	4	7	6	8
90	833	11	4	8	9	3
90	834	11	4	9	3	12
90	835	11	4	10	12	5
90	836	11	4	12	7	3
90	837	11	5	2	4	10
90	838	11	5	3	12	10
90	839	11	5	4	2	8
90	840	11	5	6	12	3
90	841	11	5	7	4	2
90	842	11	5	8	12	4
90	843	11	5	9	12	2
90	844	11	5	10	2	7
90	845	11	5	12	10	6
90	846	11	6	2	8	5
90	847	11	6	3	5	7
90	848	11	6	4	9	3
90	849	11	6	5	8	10
90	850	11	6	7	10	9
90	851	11	6	8	7	3
90	852	11	6	9	8	5
90	853	11	6	10	7	9
90	854	11	6	12	7	4
90	855	11	7	2	3	8
90	856	11	7	3	4	12
90	857	11	7	4	2	8
90	858	11	7	5	12	10
90	859	11	7	6	4	5
90	860	11	7	8	6	9
90	861	11	7	9	6	4
90	862	11	7	10	8	3
90	863	11	7	12	4	5
90	864	11	8	2	3	6
90	865	11	8	3	5	6
90	866	11	8	4	12	10
90	867	11	8	5	4	6
90	868	11	8	6	7	4
90	869	11	8	7	9	10
90	870	11	8	9	7	2
90	871	11	8	10	9	7
90	872	11	8	12	4	2
90	873	11	9	2	5	7
90	874	11	9	3	6	8
90	875	11	9	4	5	2
90	876	11	9	5	8	7
90	877	11	9	6	2	10
90	878	11	9	7	4	10
90	879	11	9	8	10	2
90	880	11	9	10	3	12
90	881	11	9	12	7	2
90	882	11	10	2	3	4
90	883	11	10	3	2	4
90	884	11	10	4	9	3
90	885	11	10	5	2	3
90	886	11	10	6	9	5
90	887	11	10	7	4	2
90	888	11	10	8	9	2
90	889	11	10	9	12	5
90	890	11	10	12	9	7
90	891	11	12	2	10	3
90	892	11	12	3	5	10
90	893	11	12	4	8	6
90	894	11	12	5	2	8
90	895	11	12	6	7	4
90	896	11	12	7	5	6
90	897	11	12	8	7	4
90	898	11	12	9	4	7
90	899	11	12	10	5	4
90	900	12	2	3	8	9
90	901	12	2	4	10	3
90	902	12	2	5	9	8
90	903	12	2	6	5	7
90	904	12	2	7	10	9
90	905	12	2	8	4	3
90	906	12	2	9	3	7
90	907	12	2	10	9	6
90	908	12	2	11	6	7
90	909	12	3	2	11	5
90	910	12	3	4	9	2
90	911	12	3	5	7	4
90	912	12	3	6	8	9
90	913	12	3	7	6	2
90	914	12	3	8	6	10
90	915	12	3	9	7	4
90	916	12	3	10	5	11
90	917	12	3	11	6	4
90	918	12	4	2	9	5
90	919	12	4	3	5	8
90	920	12	4	5	6	8
90	921	12	4	6	3	2
90	922	12	4	7	8	9
90	923	12	4	8	7	5
90	924	12	4	9	7	10
90	925	12	4	10	6	2
90	926	12	4	11	2	6
90	927	12	5	2	11	8
90	928	12	5	3	8	9
90	929	12	5	4	8	2
90	930	12	5	6	8	4
90	931	12	5	7	6	9
90	932	12	5	8	10	11
90	933	12	5	9	11	7
90	934	12	5	10	11	2
90	935	12	5	11	7	8
90	936	12	6	2	10	7
90	937	12	6	3	4	5
90	938	12	6	4	7	9
90	939	12	6	5	4	7
90	940	12	6	7	8	11
90	941	12	6	8	3	7
90	942	12	6	9	11	7
90	943	12	6	10	5	4
90	944	12	6	11	7	4
90	945	12	7	2	9	11
90	946	12	7	3	10	6
90	947	12	7	4	10	8
90	948	12	7	5	2	8
90	949	12	7	6	4	3
90	950	12	7	8	6	2
90	951	12	7	9	10	4
90	952	12	7	10	8	3
90	953	12	7	11	3	2
90	954	12	8	2	5	7
90	955	12	8	3	2	9
90	956	12	8	4	9	7
90	957	12	8	5	9	3
90	958	12	8	6	2	11
90	959	12	8	7	3	6
90	960	12	8	9	6	11
90	961	12	8	10	9	4
90	962	12	8	11	10	2
90	963	12	9	2	4	8
90	964	12	9	3	8	10
90	965	12	9	4	2	7
90	966	12	9	5	10	2
90	967	12	9	6	7	4
90	968	12	9	7	11	2
90	969	12	9	8	10	7
90	970	12	9	10	6	11
90	971	12	9	11	8	7
90	972	12	10	2	5	7
90	973	12	10	3	7	9
90	974	12	10	4	8	11
90	975	12	10	5	11	4
90	976	12	10	6	3	11
90	977	12	10	7	3	4
90	978	12	10	8	2	3
90	979	12	10	9	8	4
90	980	12	10	11	3	5
90	981	12	11	2	3	4
90	982	12	11	3	8	10
90	983	12	11	4	9	2
90	984	12	11	5	6	10
90	985	12	11	6	3	8
90	986	12	11	7	5	3
90	987	12	11	8	5	7
90	988	12	11	9	10	4
90	989	12	11	10	4	2
99	0	2	3	4	8	6
99	1	2	3	5	10	6
99	2	2	3	6	7	5
99	3	2	3	7	9	10
99	4	2	3	8	10	5
99	5	2	3	9	6	5
99	6	2	3	10	5	7
99	7	2	3	11	4	8
99	8	2	3	12	6	5
99	9	2	4	3	10	5
99	10	2	4	5	8	12
99	11	2	4	6	10	11
99	12	2	4	7	10	9
99	13	2	4	8	11	6
99	14	2	4	9	12	6
99	15	2	4	10	9	8
99	16	2	4	11	8	7
99	17	2	4	12	10	6
99	18	2	5	3	11	6
99	19	2	5	4	8	3
99	20	2	5	6	9	11
99	21	2	5	7	3	10
99	22	2	5	8	3	10
99	23	2	5	9	4	3
99	24	2	5	10	6	9
99	25	2	5	11	7	8
99	26	2	5	12	4	3
99	27	2	6	3	4	11
99	28	2	6	4	7	3
99	29	2	6	5	9	4
99	30	2	6	7	5	11
99	31	2	6	8	3	12
99	32	2	6	9	10	8
99	33	2	6	10	8	12
99	34	2	6	11	7	3
99	35	2	6	12	9	4
99	36	2	7	3	12	10
99	37	2	7	4	11	5
99	38	2	7	5	11	12
99	39	2	7	6	12	8
99	40	2	7	8	5	6
99	41	2	7	9	12	6
99	42	2	7	10	8	11
99	43	2	7	11	3	9
99	44	2	7	12	5	9
99	45	2	8	3	6	9
99	46	2	8	4	5	9
99	47	2	8	5	10	9
99	48	2	8	6	12	11
99	49	2	8	7	5	11
99	50	2	8	9	5	4
99	51	2	8	10	6	9
99	52	2	8	11	7	12
99	53	2	8	12	7	5
99	54	2	9	3	10	12
99	55	2	9	4	11	10
99	56	2	9	5	12	3
99	57	2	9	6	11	7
99	58	2	9	7	5	4
99	59	2	9	8	10	7
99	60	2	9	10	3	8
99	61	2	9	11	10	4
99	62	2	9	12	11	4
99	63	2	10	3	11	12
99	64	2	10	4	3	8
99	65	2	10	5	9	12
99	66	2	10	6	3	5
99	67	2	10	7	11	8
99	68	2	10	8	4	5
99	69	2	10	9	7	5
99	70	2	10	11	5	12
99	71	2	10	12	11	7
99	72	2	11	3	9	8
99	73	2	11	4	9	3
99	74	2	11	5	12	7
99	75	2	11	6	8	12
99	76	2	11	7	3	6
99	77	2	11	8	9	12
99	78	2	11	9	8	10
99	79	2	11	10	4	3
99	80	2	11	12	10	4
99	81	2	12	3	6	7
99	82	2	12	4	10	7
99	83	2	12	5	3	7
99	84	2	12	6	8	10
99	85	2	12	7	10	3
99	86	2	12	8	6	4
99	87	2	12	9	4	8
99	88	2	12	10	7	9
99	89	2	12	11	4	8
99	90	3	2	4	11	5
99	91	3	2	5	12	11
99	92	3	2	6	9	10
99	93	3	2	7	12	5
99	94	3	2	8	12	11
99	95	3	2	9	11	4
99	96	3	2	10	7	11
99	97	3	2	11	12	9
99	98	3	2	12	11	9
99	99	3	4	2	7	12
99	100	3	4	5	8	12
99	101	3	4	6	2	7
99	102	3	4	7	8	12
99	103	3	4	8	12	7
99	104	3	4	9	5	8
99	105	3	4	10	7	9
99	106	3	4	11	6	5
99	107	3	4	12	10	8
99	108	3	5	2	10	8
99	109	3	5	4	6	12
99	110	3	5	6	9	12
99	111	3	5	7	4	6
99	112	3	5	8	10	7
99	113	3	5	9	7	8
99	114	3	5	10	11	12
99	115	3	5	11	4	2
99	116	3	5	12	6	8
99	117	3	6	2	4	7
99	118	3	6	4	12	10
99	119	3	6	5	2	7
99	120	3	6	7	2	12
99	121	3	6	8	2	4
99	122	3	6	9	5	8
99	123	3	6	10	9	7
99	124	3	6	11	8	4
99	125	3	6	12	9	11
99	126	3	7	2	8	11
99	127	3	7	4	10	12
99	128	3	7	5	10	4
99	129	3	7	6	8	12
99	130	3	7	8	4	2
99	131	3	7	9	8	12
99	132	3	7	10	8	12
99	133	3	7	11	8	2
99	134	3	7	12	5	2
99	135	3	8	2	11	9
99	136	3	8	4	9	5
99	137	3	8	5	7	12
99	138	3	8	6	10	12
99	139	3	8	7	11	12
99	140	3	8	9	2	11
99	141	3	8	10	11	5
99	142	3	8	11	6	5
99	143	3	8	12	4	6
99	144	3	9	2	4	11
99	145	3	9	4	7	5
99	146	3	9	5	8	6
99	147	3	9	6	10	2
99	148	3	9	7	5	2
99	149	3	9	8	4	2
99	150	3	9	10	6	2
99	151	3	9	11	4	8
99	152	3	9	12	4	11
99	153	3	10	2	6	11
99	154	3	10	4	8	5
99	155	3	10	5	8	6
99	156	3	10	6	9	4
99	157	3	10	7	4	2
99	158	3	10	8	12	6
99	159	3	10	9	7	6
99	160	3	10	11	8	9
99	161	3	10	12	7	4
99	162	3	11	2	6	12
99	163	3	11	4	7	12
99	164	3	11	5	12	9
99	165	3	11	6	2	8
99	166	3	11	7	4	12
99	167	3	11	8	5	10
99	168	3	11	9	8	6
99	169	3	11	10	12	7
99	170	3	11	12	8	10
99	171	3	12	2	11	4
99	172	3	12	4	10	6
99	173	3	12	5	10	4
99	174	3	12	6	11	9
99	175	3	12	7	11	5
99	176	3	12	8	2	7
99	177	3	12	9	5	8
99	178	3	12	10	6	4
99	179	3	12	11	2	10
99	180	4	2	3	6	8
99	181	4	2	5	9	12
99	182	4	2	6	8	11
99	183	4	2	7	12	11
99	184	4	2	8	11	12
99	185	4	2	9	6	11
99	186	4	2	10	12	7
99	187	4	2	11	7	8
99	188	4	2	12	10	5
99	189	4	3	2	12	7
99	190	4	3	5	6	9
99	191	4	3	6	5	8
99	192	4	3	7	11	6
99	193	4	3	8	9	7
99	194	4	3	9	7	12
99	195	4	3	10	5	12
99	196	4	3	11	8	5
99	197	4	3	12	6	11
99	198	4	5	2	9	3
99	199	4	5	3	12	7
99	200	4	5	6	2	8
99	201	4	5	7	10	3
99	202	4	5	8	9	3
99	203	4	5	9	7	2
99	204	4	5	10	9	7
99	205	4	5	11	10	9
99	206	4	5	12	9	11
99	207	4	6	2	7	8
99	208	4	6	3	9	2
99	209	4	6	5	12	11
99	210	4	6	7	3	8
99	211	4	6	8	3	11
99	212	4	6	9	2	12
99	213	4	6	10	5	9
99	214	4	6	11	3	5
99	215	4	6	12	9	5
99	216	4	7	2	6	12
99	217	4	7	3	11	12
99	218	4	7	5	8	12
99	219	4	7	6	9	5
99	220	4	7	8	12	5
99	221	4	7	9	2	5
99	222	4	7	10	5	6
99	223	4	7	11	8	6
99	224	4	7	12	3	5
99	225	4	8	2	6	5
99	226	4	8	3	10	12
99	227	4	8	5	11	9
99	228	4	8	6	3	12
99	229	4	8	7	2	9
99	230	4	8	9	12	5
99	231	4	8	10	11	12
99	232	4	8	11	3	7
99	233	4	8	12	3	11
99	234	4	9	2	7	12
99	235	4	9	3	8	6
99	236	4	9	5	7	8
99	237	4	9	6	5	2
99	238	4	9	7	11	8
99	239	4	9	8	12	3
99	240	4	9	10	11	8
99	241	4	9	11	12	6
99	242	4	9	12	5	3
99	243	4	10	2	6	5
99	244	4	10	3	6	8
99	245	4	10	5	3	8
99	246	4	10	6	9	12
99	247	4	10	7	12	6
99	248	4	10	8	3	12
99	249	4	10	9	2	3
99	250	4	10	11	9	8
99	251	4	10	12	5	9
99	252	4	11	2	10	12
99	253	4	11	3	8	9
99	254	4	11	5	6	8
99	255	4	11	6	7	10
99	256	4	11	7	3	5
99	257	4	11	8	5	10
99	258	4	11	9	5	3
99	259	4	11	10	9	8
99	260	4	11	12	7	10
99	261	4	12	2	5	3
99	262	4	12	3	7	10
99	263	4	12	5	3	8
99	264	4	12	6	3	11
99	265	4	12	7	8	3
99	266	4	12	8	9	6
99	267	4	12	9	2	7
99	268	4	12	10	8	5
99	269	4	12	11	5	8
99	270	5	2	3	8	12
99	271	5	2	4	12	9
99	272	5	2	6	7	8
99	273	5	2	7	3	8
99	274	5	2	8	11	3
99	275	5	2	9	6	11
99	276	5	2	10	6	3
99	277	5	2	11	3	10
99	278	5	2	12	3	4
99	279	5	3	2	10	11
99	280	5	3	4	12	2
99	281	5	3	6	2	4
99	282	5	3	7	9	2
99	283	5	3	8	12	4
99	284	5	3	9	10	7
99	285	5	3	10	12	9
99	286	5	3	11	4	12
99	287	5	3	12	6	2
99	288	5	4	2	8	12
99	289	5	4	3	10	2
99	290	5	4	6	3	9
99	291	5	4	7	3	11
99	292	5	4	8	10	2
99	293	5	4	9	11	8
99	294	5	4	10	6	12
99	295	5	4	11	12	10
99	296	5	4	12	3	9
99	297	5	6	2	7	12
99	298	5	6	3	9	12
99	299	5	6	4	12	3
99	300	5	6	7	8	3
99	301	5	6	8	4	10
99	302	5	6	9	4	3
99	303	5	6	10	2	4
99	304	5	6	11	8	2
99	305	5	6	12	11	8
99	306	5	7	2	6	9
99	307	5	7	3	12	2
99	308	5	7	4	3	12
99	309	5	7	6	2	12
99	310	5	7	8	4	10
99	311	5	7	9	11	6
99	312	5	7	10	6	4
99	313	5	7	11	6	4
99	314	5	7	12	10	3
99	315	5	8	2	3	6
99	316	5	8	3	9	12
99	317	5	8	4	12	9
99	318	5	8	6	7	4
99	319	5	8	7	4	12
99	320	5	8	9	7	10
99	321	5	8	10	4	11
99	322	5	8	11	2	4
99	323	5	8	12	4	7
99	324	5	9	2	11	10
99	325	5	9	3	10	7
99	326	5	9	4	6	12
99	327	5	9	6	10	3
99	328	5	9	7	4	11
99	329	5	9	8	10	12
99	330	5	9	10	2	6
99	331	5	9	11	8	6
99	332	5	9	12	7	11
99	333	5	10	2	11	12
99	334	5	10	3	8	4
99	335	5	10	4	8	7
99	336	5	10	6	8	3
99	337	5	10	7	2	6
99	338	5	10	8	7	9
99	339	5	10	9	3	12
99	340	5	10	11	7	12
99	341	5	10	12	2	3
99	342	5	11	2	6	8
99	343	5	11	3	7	4
99	344	5	11	4	7	2
99	345	5	11	6	3	8
99	346	5	11	7	4	9
99	347	5	11	8	2	3
99	348	5	11	9	12	6
99	349	5	11	10	8	3
99	350	5	11	12	9	8
99	351	5	12	2	6	3
99	352	5	12	3	7	4
99	353	5	12	4	10	9
99	354	5	12	6	11	10
99	355	5	12	7	4	10
99	356	5	12	8	11	2
99	357	5	12	9	10	4
99	358	5	12	10	4	7
99	359	5	12	11	9	7
99	360	6	2	3	10	5
99	361	6	2	4	12	10
99	362	6	2	5	12	11
99	363	6	2	7	5	9
99	364	6	2	8	12	11
99	365	6	2	9	5	11
99	366	6	2	10	7	12
99	367	6	2	11	8	12
99	368	6	2	12	4	10
99	369	6	3	2	7	8
99	370	6	3	4	5	9
99	371	6	3	5	11	7
99	372	6	3	7	9	2
99	373	6	3	8	9	12
99	374	6	3	9	7	12
99	375	6	3	10	11	8
99	376	6	3	11	9	10
99	377	6	3	12	5	7
99	378	6	4	2	12	5
99	379	6	4	3	8	2
99	380	6	4	5	7	11
99	381	6	4	7	9	3
99	382	6	4	8	2	3
99	383	6	4	9	8	11
99	384	6	4	10	5	11
99	385	6	4	11	2	9
99	386	6	4	12	10	3
99	387	6	5	2	7	8
99	388	6	5	3	4	2
99	389	6	5	4	11	9
99	390	6	5	7	2	9
99	391	6	5	8	12	10
99	392	6	5	9	4	7
99	393	6	5	10	12	7
99	394	6	5	11	10	7
99	395	6	5	12	8	11
99	396	6	7	2	4	9
99	397	6	7	3	9	12
99	398	6	7	4	5	8
99	399	6	7	5	10	8
99	400	6	7	8	11	10
99	401	6	7	9	4	5
99	402	6	7	10	5	3
99	403	6	7	11	3	10
99	404	6	7	12	10	8
99	405	6	8	2	10	5
99	406	6	8	3	10	4
99	407	6	8	4	12	5
99	408	6	8	5	12	10
99	409	6	8	7	11	5
99	410	6	8	9	4	5
99	411	6	8	10	2	12
99	412	6	8	11	2	12
99	413	6	8	12	3	11
99	414	6	9	2	3	7
99	415	6	9	3	4	11
99	416	6	9	4	12	5
99	417	6	9	5	3	2
99	418	6	9	7	12	5
99	419	6	9	8	5	10
99	420	6	9	10	2	12
99	421	6	9	11	3	2
99	422	6	9	12	7	8
99	423	6	10	2	9	11
99	424	6	10	3	5	12
99	425	6	10	4	3	2
99	426	6	10	5	8	12
99	427	6	10	7	3	11
99	428	6	10	8	2	12
99	429	6	10	9	5	4
99	430	6	10	11	3	4
99	431	6	10	12	4	7
99	432	6	11	2	12	10
99	433	6	11	3	9	10
99	434	6	11	4	3	9
99	435	6	11	5	7	3
99	436	6	11	7	2	10
99	437	6	11	8	2	7
99	438	6	11	9	5	7
99	439	6	11	10	2	8
99	440	6	11	12	10	2
99	441	6	12	2	3	4
99	442	6	12	3	4	11
99	443	6	12	4	9	11
99	444	6	12	5	2	9
99	445	6	12	7	8	3
99	446	6	12	8	3	7
99	447	6	12	9	8	11
99	448	6	12	10	11	3
99	449	6	12	11	5	8
99	450	7	2	3	12	8
99	451	7	2	4	9	11
99	452	7	2	5	10	12
99	453	7	2	6	9	10
99	454	7	2	8	6	3
99	455	7	2	9	12	6
99	456	7	2	10	5	6
99	457	7	2	11	10	6
99	458	7	2	12	8	5
99	459	7	3	2	4	11
99	460	7	3	4	10	8
99	461	7	3	5	12	9
99	462	7	3	6	12	4
99	463	7	3	8	6	9
99	464	7	3	9	10	4
99	465	7	3	10	5	4
99	466	7	3	11	2	5
99	467	7	3	12	6	5
99	468	7	4	2	3	6
99	469	7	4	3	6	12
99	470	7	4	5	2	3
99	471	7	4	6	9	3
99	472	7	4	8	12	11
99	473	7	4	9	11	12
99	474	7	4	10	8	9
99	475	7	4	11	3	6
99	476	7	4	12	11	5
99	477	7	5	2	10	11
99	478	7	5	3	8	10
99	479	7	5	4	3	8
99	480	7	5	6	12	2
99	481	7	5	8	10	6
99	482	7	5	9	10	3
99	483	7	5	10	6	2
99	484	7	5	11	4	6
99	485	7	5	12	11	4
99	486	7	6	2	5	3
99	487	7	6	3	2	9
99	488	7	6	4	5	9
99	489	7	6	5	4	10
99	490	7	6	8	12	3
99	491	7	6	9	2	5
99	492	7	6	10	8	3
99	493	7	6	11	2	5
99	494	7	6	12	2	10
99	495	7	8	2	4	3
99	496	7	8	3	12	4
99	497	7	8	4	3	2
99	498	7	8	5	3	4
99	499	7	8	6	11	10
99	500	7	8	9	2	12
99	501	7	8	10	9	5
99	502	7	8	11	12	4
99	503	7	8	12	3	2
99	504	7	9	2	3	4
99	505	7	9	3	4	2
99	506	7	9	4	10	8
99	507	7	9	5	6	12
99	508	7	9	6	11	5
99	509	7	9	8	12	2
99	510	7	9	10	12	11
99	511	7	9	11	3	6
99	512	7	9	12	11	4
99	513	7	10	2	6	9
99	514	7	10	3	11	5
99	515	7	10	4	2	6
99	516	7	10	5	11	3
99	517	7	10	6	3	9
99	518	7	10	8	12	11
99	519	7	10	9	11	4
99	520	7	10	11	4	5
99	521	7	10	12	3	9
99	522	7	11	2	6	8
99	523	7	11	3	12	9
99	524	7	11	4	3	5
99	525	7	11	5	9	4
99	526	7	11	6	2	9
99	527	7	11	8	10	6
99	528	7	11	9	6	10
99	529	7	11	10	9	8
99	530	7	11	12	10	4
99	531	7	12	2	9	5
99	532	7	12	3	10	11
99	533	7	12	4	6	11
99	534	7	12	5	4	2
99	535	7	12	6	2	3
99	536	7	12	8	9	10
99	537	7	12	9	6	2
99	538	7	12	10	4	11
99	539	7	12	11	3	8
99	540	8	2	3	7	5
99	541	8	2	4	3	5
99	542	8	2	5	4	10
99	543	8	2	6	11	9
99	544	8	2	7	9	4
99	545	8	2	9	7	5
99	546	8	2	10	6	11
99	547	8	2	11	10	4
99	548	8	2	12	3	5
99	549	8	3	2	6	11
99	550	8	3	4	7	12
99	551	8	3	5	6	11
99	552	8	3	6	2	12
99	553	8	3	7	9	2
99	554	8	3	9	12	7
99	555	8	3	10	12	11
99	556	8	3	11	6	10
99	557	8	3	12	10	5
99	558	8	4	2	5	9
99	559	8	4	3	2	7
99	560	8	4	5	11	9
99	561	8	4	6	11	9
99	562	8	4	7	5	3
99	563	8	4	9	3	11
99	564	8	4	10	6	12
99	565	8	4	11	2	7
99	566	8	4	12	10	11
99	567	8	5	2	4	10
99	568	8	5	3	4	9
99	569	8	5	4	11	9
99	570	8	5	6	4	2
99	571	8	5	7	12	3
99	572	8	5	9	3	6
99	573	8	5	10	2	6
99	574	8	5	11	6	12
99	575	8	5	12	6	2
99	576	8	6	2	7	5
99	577	8	6	3	10	12
99	578	8	6	4	2	5
99	579	8	6	5	12	10
99	580	8	6	7	12	3
99	581	8	6	9	7	3
99	582	8	6	10	12	5
99	583	8	6	11	12	9
99	584	8	6	12	11	5
99	585	8	7	2	11	9
99	586	8	7	3	4	2
99	587	8	7	4	11	9
99	588	8	7	5	12	6
99	589	8	7	6	12	3
99	590	8	7	9	12	5
99	591	8	7	10	3	5
99	592	8	7	11	2	12
99	593	8	7	12	3	2
99	594	8	9	2	12	4
99	595	8	9	3	2	10
99	596	8	9	4	11	6
99	597	8	9	5	7	3
99	598	8	9	6	11	12
99	599	8	9	7	4	2
99	600	8	9	10	7	2
99	601	8	9	11	2	3
99	602	8	9	12	6	3
99	603	8	10	2	6	7
99	604	8	10	3	11	4
99	605	8	10	4	12	6
99	606	8	10	5	6	12
99	607	8	10	6	12	11
99	608	8	10	7	9	6
99	609	8	10	9	5	6
99	610	8	10	11	9	2
99	611	8	10	12	2	4
99	612	8	11	2	4	12
99	613	8	11	3	4	10
99	614	8	11	4	5	7
99	615	8	11	5	12	3
99	616	8	11	6	5	10
99	617	8	11	7	9	2
99	618	8	11	9	3	12
99	619	8	11	10	3	12
99	620	8	11	12	5	10
99	621	8	12	2	6	11
99	622	8	12	3	2	10
99	623	8	12	4	3	11
99	624	8	12	5	7	3
99	625	8	12	6	2	5
99	626	8	12	7	3	5
99	627	8	12	9	6	2
99	628	8	12	10	4	7
99	629	8	12	11	10	4
99	630	9	2	3	11	4
99	631	9	2	4	3	10
99	632	9	2	5	4	3
99	633	9	2	6	3	8
99	634	9	2	7	8	4
99	635	9	2	8	6	11
99	636	9	2	10	11	3
99	637	9	2	11	5	4
99	638	9	2	12	4	10
99	639	9	3	2	10	7
99	640	9	3	4	7	6
99	641	9	3	5	7	12
99	642	9	3	6	5	2
99	643	9	3	7	5	12
99	644	9	3	8	11	12
99	645	9	3	10	5	6
99	646	9	3	11	4	10
99	647	9	3	12	11	10
99	648	9	4	2	10	3
99	649	9	4	3	7	5
99	650	9	4	5	11	2
99	651	9	4	6	2	8
99	652	9	4	7	2	8
99	653	9	4	8	6	2
99	654	9	4	10	2	3
99	655	9	4	11	10	8
99	656	9	4	12	6	3
99	657	9	5	2	10	7
99	658	9	5	3	6	4
99	659	9	5	4	3	8
99	660	9	5	6	7	8
99	661	9	5	7	6	3
99	662	9	5	8	2	7
99	663	9	5	10	8	7
99	664	9	5	11	6	10
99	665	9	5	12	7	6
99	666	9	6	2	12	3
99	667	9	6	3	4	7
99	668	9	6	4	5	11
99	669	9	6	5	12	7
99	670	9	6	7	12	5
99	671	9	6	8	4	7
99	672	9	6	10	2	4
99	673	9	6	11	5	8
99	674	9	6	12	4	2
99	675	9	7	2	5	6
99	676	9	7	3	10	5
99	677	9	7	4	12	6
99	678	9	7	5	4	6
99	679	9	7	6	8	12
99	680	9	7	8	10	5
99	681	9	7	10	12	8
99	682	9	7	11	8	12
99	683	9	7	12	6	2
99	684	9	8	2	12	10
99	685	9	8	3	12	11
99	686	9	8	4	12	10
99	687	9	8	5	3	2
99	688	9	8	6	2	11
99	689	9	8	7	6	10
99	690	9	8	10	12	7
99	691	9	8	11	12	7
99	692	9	8	12	5	2
99	693	9	10	2	7	8
99	694	9	10	3	5	8
99	695	9	10	4	11	7
99	696	9	10	5	3	2
99	697	9	10	6	4	3
99	698	9	10	7	4	6
99	699	9	10	8	3	4
99	700	9	10	11	8	7
99	701	9	10	12	3	2
99	702	9	11	2	8	6
99	703	9	11	3	6	5
99	704	9	11	4	3	5
99	705	9	11	5	8	2
99	706	9	11	6	10	4
99	707	9	11	7	10	8
99	708	9	11	8	5	10
99	709	9	11	10	6	5
99	710	9	11	12	8	7
99	711	9	12	2	6	3
99	712	9	12	3	4	8
99	713	9	12	4	10	5
99	714	9	12	5	10	7
99	715	9	12	6	4	8
99	716	9	12	7	5	3
99	717	9	12	8	11	7
99	718	9	12	10	5	3
99	719	9	12	11	4	7
99	720	10	2	3	7	4
99	721	10	2	4	11	3
99	722	10	2	5	9	3
99	723	10	2	6	12	7
99	724	10	2	7	12	11
99	725	10	2	8	3	5
99	726	10	2	9	3	5
99	727	10	2	11	12	9
99	728	10	2	12	9	4
99	729	10	3	2	7	4
99	730	10	3	4	7	11
99	731	10	3	5	2	6
99	732	10	3	6	11	4
99	733	10	3	7	2	5
99	734	10	3	8	2	5
99	735	10	3	9	12	2
99	736	10	3	11	8	12
99	737	10	3	12	6	4
99	738	10	4	2	7	12
99	739	10	4	3	6	9
99	740	10	4	5	11	3
99	741	10	4	6	3	9
99	742	10	4	7	6	5
99	743	10	4	8	12	5
99	744	10	4	9	5	6
99	745	10	4	11	8	12
99	746	10	4	12	11	8
99	747	10	5	2	4	12
99	748	10	5	3	11	8
99	749	10	5	4	2	7
99	750	10	5	6	11	3
99	751	10	5	7	8	12
99	752	10	5	8	9	7
99	753	10	5	9	8	4
99	754	10	5	11	8	3
99	755	10	5	12	3	4
99	756	10	6	2	8	4
99	757	10	6	3	8	5
99	758	10	6	4	2	5
99	759	10	6	5	7	12
99	760	10	6	7	2	11
99	761	10	6	8	9	12
99	762	10	6	9	4	3
99	763	10	6	11	8	9
99	764	10	6	12	4	11
99	765	10	7	2	12	9
99	766	10	7	3	6	11
99	767	10	7	4	11	12
99	768	10	7	5	6	8
99	769	10	7	6	8	4
99	770	10	7	8	9	3
99	771	10	7	9	5	11
99	772	10	7	11	9	3
99	773	10	7	12	4	11
99	774	10	8	2	11	12
99	775	10	8	3	2	7
99	776	10	8	4	12	6
99	777	10	8	5	4	2
99	778	10	8	6	3	5
99	779	10	8	7	6	4
99	780	10	8	9	3	7
99	781	10	8	11	9	6
99	782	10	8	12	4	3
99	783	10	9	2	12	7
99	784	10	9	3	12	8
99	785	10	9	4	12	5
99	786	10	9	5	2	11
99	787	10	9	6	12	8
99	788	10	9	7	12	11
99	789	10	9	8	5	2
99	790	10	9	11	12	6
99	791	10	9	12	8	7
99	792	10	11	2	6	9
99	793	10	11	3	2	12
99	794	10	11	4	5	6
99	795	10	11	5	2	8
99	796	10	11	6	12	8
99	797	10	11	7	3	5
99	798	10	11	8	9	12
99	799	10	11	9	3	4
99	800	10	11	12	8	5
99	801	10	12	2	7	6
99	802	10	12	3	11	7
99	803	10	12	4	2	6
99	804	10	12	5	4	11
99	805	10	12	6	9	11
99	806	10	12	7	2	6
99	807	10	12	8	5	3
99	808	10	12	9	4	6
99	809	10	12	11	3	6
99	810	11	2	3	12	8
99	811	11	2	4	8	9
99	812	11	2	5	8	6
99	813	11	2	6	8	7
99	814	11	2	7	8	6
99	815	11	2	8	9	10
99	816	11	2	9	5	4
99	817	11	2	10	3	12
99	818	11	2	12	7	8
99	819	11	3	2	10	7
99	820	11	3	4	8	7
99	821	11	3	5	4	7
99	822	11	3	6	9	7
99	823	11	3	7	9	5
99	824	11	3	8	7	9
99	825	11	3	9	5	6
99	826	11	3	10	12	9
99	827	11	3	12	4	7
99	828	11	4	2	10	8
99	829	11	4	3	9	5
99	830	11	4	5	6	7
99	831	11	4	6	5	2
99	832	11	4	7	10	2
99	833	11	4	8	3	2
99	834	11	4	9	7	10
99	835	11	4	10	8	12
99	836	11	4	12	3	7
99	837	11	5	2	12	8
99	838	11	5	3	6	10
99	839	11	5	4	8	7
99	840	11	5	6	7	9
99	841	11	5	7	10	8
99	842	11	5	8	3	10
99	843	11	5	9	8	6
99	844	11	5	10	12	8
99	845	11	5	12	7	3
99	846	11	6	2	10	7
99	847	11	6	3	2	12
99	848	11	6	4	10	12
99	849	11	6	5	8	10
99	850	11	6	7	5	2
99	851	11	6	8	2	7
99	852	11	6	9	3	5
99	853	11	6	10	4	2
99	854	11	6	12	4	2
99	855	11	7	2	9	4
99	856	11	7	3	6	4
99	857	11	7	4	12	8
99	858	11	7	5	6	4
99	859	11	7	6	5	2
99	860	11	7	8	5	9
99	861	11	7	9	4	10
99	862	11	7	10	3	5
99	863	11	7	12	8	6
99	864	11	8	2	9	12
99	865	11	8	3	10	9
99	866	11	8	4	10	7
99	867	11	8	5	7	9
99	868	11	8	6	5	3
99	869	11	8	7	2	12
99	870	11	8	9	3	12
99	871	11	8	10	9	5
99	872	11	8	12	5	10
99	873	11	9	2	4	12
99	874	11	9	3	8	10
99	875	11	9	4	2	6
99	876	11	9	5	7	10
99	877	11	9	6	7	3
99	878	11	9	7	6	8
99	879	11	9	8	2	3
99	880	11	9	10	6	7
99	881	11	9	12	2	5
99	882	11	10	2	3	9
99	883	11	10	3	7	5
99	884	11	10	4	3	12
99	885	11	10	5	3	4
99	886	11	10	6	9	7
99	887	11	10	7	8	2
99	888	11	10	8	6	2
99	889	11	10	9	8	6
99	890	11	10	12	5	7
99	891	11	12	2	9	4
99	892	11	12	3	9	4
99	893	11	12	4	9	2
99	894	11	12	5	3	2
99	895	11	12	6	5	7
99	896	11	12	7	9	3
99	897	11	12	8	7	9
99	898	11	12	9	7	10
99	899	11	12	10	7	4
99	900	12	2	3	6	9
99	901	12	2	4	11	6
99	902	12	2	5	4	8
99	903	12	2	6	5	4
99	904	12	2	7	5	9
99	905	12	2	8	6	9
99	906	12	2	9	3	10
99	907	12	2	10	3	9
99	908	12	2	11	9	10
99	909	12	3	2	4	8
99	910	12	3	4	9	11
99	911	12	3	5	9	8
99	912	12	3	6	11	8
99	913	12	3	7	2	9
99	914	12	3	8	4	11
99	915	12	3	9	5	8
99	916	12	3	10	11	5
99	917	12	3	11	4	8
99	918	12	4	2	11	6
99	919	12	4	3	8	10
99	920	12	4	5	10	3
99	921	12	4	6	5	3
99	922	12	4	7	9	3
99	923	12	4	8	10	5
99	924	12	4	9	8	5
99	925	12	4	10	6	11
99	926	12	4	11	10	6
99	927	12	5	2	7	9
99	928	12	5	3	6	4
99	929	12	5	4	3	9
99	930	12	5	6	7	3
99	931	12	5	7	10	8
99	932	12	5	8	2	9
99	933	12	5	9	7	2
99	934	12	5	10	11	7
99	935	12	5	11	7	4
99	936	12	6	2	4	9
99	937	12	6	3	8	11
99	938	12	6	4	8	9
99	939	12	6	5	7	2
99	940	12	6	7	4	3
99	941	12	6	8	5	3
99	942	12	6	9	4	8
99	943	12	6	10	2	3
99	944	12	6	11	8	4
99	945	12	7	2	4	10
99	946	12	7	3	6	8
99	947	12	7	4	11	3
99	948	12	7	5	8	9
99	949	12	7	6	4	11
99	950	12	7	8	9	4
99	951	12	7	9	10	6
99	952	12	7	10	4	11
99	953	12	7	11	2	9
99	954	12	8	2	10	5
99	955	12	8	3	4	5
99	956	12	8	4	9	11
99	957	12	8	5	11	10
99	958	12	8	6	9	3
99	959	12	8	7	9	10
99	960	12	8	9	5	7
99	961	12	8	10	11	5
99	962	12	8	11	7	6
99	963	12	9	2	4	7
99	964	12	9	3	8	2
99	965	12	9	4	11	7
99	966	12	9	5	11	4
99	967	12	9	6	8	5
99	968	12	9	7	4	8
99	969	12	9	8	2	7
99	970	12	9	10	8	11
99	971	12	9	11	4	10
99	972	12	10	2	11	4
99	973	12	10	3	11	7
99	974	12	10	4	9	8
99	975	12	10	5	3	2
99	976	12	10	6	3	4
99	977	12	10	7	11	2
99	978	12	10	8	9	7
99	979	12	10	9	4	7
99	980	12	10	11	3	2
99	981	12	11	2	5	10
99	982	12	11	3	7	8
99	983	12	11	4	3	2
99	984	12	11	5	10	9
99	985	12	11	6	4	2
99	986	12	11	7	6	8
99	987	12	11	8	6	4
99	988	12	11	9	6	7
99	989	12	11	10	4	5
104	0	2	3	4	10	9
104	1	2	3	5	4	9
104	2	2	3	6	11	4
104	3	2	3	7	5	6
104	4	2	3	8	5	11
104	5	2	3	9	10	11
104	6	2	3	10	9	7
104	7	2	3	11	12	9
104	8	2	3	12	5	10
104	9	2	4	3	7	5
104	10	2	4	5	8	12
104	11	2	4	6	7	10
104	12	2	4	7	11	5
104	13	2	4	8	11	10
104	14	2	4	9	10	11
104	15	2	4	10	8	11
104	16	2	4	11	8	12
104	17	2	4	12	8	9
104	18	2	5	3	10	7
104	19	2	5	4	12	9
104	20	2	5	6	3	12
104	21	2	5	7	9	3
104	22	2	5	8	3	10
104	23	2	5	9	10	11
104	24	2	5	10	7	3
104	25	2	5	11	8	10
104	26	2	5	12	10	8
104	27	2	6	3	9	4
104	28	2	6	4	12	8
104	29	2	6	5	3	9
104	30	2	6	7	12	8
104	31	2	6	8	4	9
104	32	2	6	9	11	5
104	33	2	6	10	9	4
104	34	2	6	11	10	3
104	35	2	6	12	8	10
104	36	2	7	3	5	8
104	37	2	7	4	12	5
104	38	2	7	5	3	9
104	39	2	7	6	5	4
104	40	2	7	8	5	11
104	41	2	7	9	10	12
104	42	2	7	10	6	8
104	43	2	7	11	4	5
104	44	2	7	12	10	5
104	45	2	8	3	11	5
104	46	2	8	4	11	7
104	47	2	8	5	4	6
104	48	2	8	6	4	7
104	49	2	8	7	4	5
104	50	2	8	9	5	6
104	51	2	8	10	7	3
104	52	2	8	11	4	3
104	53	2	8	12	6	7
104	54	2	9	3	8	4
104	55	2	9	4	12	8
104	56	2	9	5	10	11
104	57	2	9	6	12	10
104	58	2	9	7	6	11
104	59	2	9	8	3	12
104	60	2	9	10	3	8
104	61	2	9	11	6	12
104	62	2	9	12	8	4
104	63	2	10	3	9	6
104	64	2	10	4	6	8
104	65	2	10	5	3	6
104	66	2	10	6	3	5
104	67	2	10	7	6	5
104	68	2	10	8	11	5
104	69	2	10	9	11	8
104	70	2	10	11	4	6
104	71	2	10	12	6	7
104	72	2	11	3	8	6
104	73	2	11	4	5	8
104	74	2	11	5	12	8
104	75	2	11	6	12	9
104	76	2	11	7	9	12
104	77	2	11	8	5	6
104	78	2	11	9	7	3
104	79	2	11	10	8	3
104	80	2	11	12	9	8
104	81	2	12	3	10	11
104	82	2	12	4	3	10
104	83	2	12	5	10	11
104	84	2	12	6	10	4
104	85	2	12	7	11	3
104	86	2	12	8	11	7
104	87	2	12	9	8	11
104	88	2	12	10	4	9
104	89	2	12	11	6	5
104	90	3	2	4	6	10
104	91	3	2	5	7	12
104	92	3	2	6	11	10
104	93	3	2	7	8	9
104	94	3	2	8	7	9
104	95	3	2	9	10	12
104	96	3	2	10	6	12
104	97	3	2	11	8	5
104	98	3	2	12	10	7
104	99	3	4	2	8	6
104	100	3	4	5	8	12
104	101	3	4	6	5	11
104	102	3	4	7	10	5
104	103	3	4	8	7	6
104	104	3	4	9	7	6
104	105	3	4	10	11	6
104	106	3	4	11	6	2
104	107	3	4	12	11	8
104	108	3	5	2	11	6
104	109	3	5	4	12	7
104	110	3	5	6	9	7
104	111	3	5	7	9	2
104	112	3	5	8	12	6
104	113	3	5	9	10	6
104	114	3	5	10	12	8
104	115	3	5	11	10	9
104	116	3	5	12	9	7
104	117	3	6	2	12	11
104	118	3	6	4	7	2
104	119	3	6	5	11	8
104	120	3	6	7	12	5
104	121	3	6	8	10	11
104	122	3	6	9	12	10
104	123	3	6	10	5	9
104	124	3	6	11	4	8
104	125	3	6	12	5	8
104	126	3	7	2	10	11
104	127	3	7	4	2	11
104	128	3	7	5	9	10
104	129	3	7	6	5	4
104	130	3	7	8	5	6
104	131	3	7	9	10	12
104	132	3	7	10	11	4
104	133	3	7	11	12	2
104	134	3	7	12	9	4
104	135	3	8	2	4	6
104	136	3	8	4	11	10
104	137	3	8	5	9	4
104	138	3	8	6	11	12
104	139	3	8	7	4	11
104	140	3	8	9	6	12
104	141	3	8	10	4	11
104	142	3	8	11	7	6
104	143	3	8	12	5	6
104	144	3	9	2	8	11
104	145	3	9	4	10	6
104	146	3	9	5	10	2
104	147	3	9	6	4	12
104	148	3	9	7	10	5
104	149	3	9	8	5	7
104	150	3	9	10	12	11
104	151	3	9	11	6	12
104	152	3	9	12	7	8
104	153	3	10	2	9	12
104	154	3	10	4	9	8
104	155	3	10	5	7	12
104	156	3	10	6	2	12
104	157	3	10	7	12	4
104	158	3	10	8	6	7
104	159	3	10	9	11	7
104	160	3	10	11	2	4
104	161	3	10	12	9	6
104	162	3	11	2	4	6
104	163	3	11	4	8	2
104	164	3	11	5	8	7
104	165	3	11	6	2	12
104	166	3	11	7	9	4
104	167	3	11	8	6	12
104	168	3	11	9	8	7
104	169	3	11	10	6	12
104	170	3	11	12	8	10
104	171	3	12	2	4	8
104	172	3	12	4	5	8
104	173	3	12	5	7	9
104	174	3	12	6	7	4
104	175	3	12	7	10	8
104	176	3	12	8	6	4
104	177	3	12	9	7	4
104	178	3	12	10	5	9
104	179	3	12	11	2	10
104	180	4	2	3	12	7
104	181	4	2	5	11	10
104	182	4	2	6	7	5
104	183	4	2	7	3	8
104	184	4	2	8	3	7
104	185	4	2	9	10	7
104	186	4	2	10	7	8
104	187	4	2	11	5	8
104	188	4	2	12	11	10
104	189	4	3	2	12	6
104	190	4	3	5	12	8
104	191	4	3	6	8	5
104	192	4	3	7	6	8
104	193	4	3	8	7	9
104	194	4	3	9	6	8
104	195	4	3	10	9	7
104	196	4	3	11	5	9
104	197	4	3	12	8	5
104	198	4	5	2	11	3
104	199	4	5	3	11	12
104	200	4	5	6	2	11
104	201	4	5	7	11	6
104	202	4	5	8	9	7
104	203	4	5	9	2	7
104	204	4	5	10	9	3
104	205	4	5	11	2	6
104	206	4	5	12	10	6
104	207	4	6	2	10	5
104	208	4	6	3	8	5
104	209	4	6	5	10	11
104	210	4	6	7	2	12
104	211	4	6	8	2	9
104	212	4	6	9	5	7
104	213	4	6	10	3	7
104	214	4	6	11	2	12
104	215	4	6	12	8	7
104	216	4	7	2	6	11
104	217	4	7	3	8	10
104	218	4	7	5	10	12
104	219	4	7	6	2	3
104	220	4	7	8	12	5
104	221	4	7	9	8	6
104	222	4	7	10	12	2
104	223	4	7	11	5	8
104	224	4	7	12	10	3
104	225	4	8	2	5	11
104	226	4	8	3	5	6
104	227	4	8	5	11	3
104	228	4	8	6	5	10
104	229	4	8	7	3	9
104	230	4	8	9	2	5
104	231	4	8	10	12	9
104	232	4	8	11	7	9
104	233	4	8	12	2	5
104	234	4	9	2	6	12
104	235	4	9	3	8	10
104	236	4	9	5	11	2
104	237	4	9	6	3	2
104	238	4	9	7	6	12
104	239	4	9	8	6	7
104	240	4	9	10	3	5
104	241	4	9	11	2	5
104	242	4	9	12	5	7
104	243	4	10	2	5	11
104	244	4	10	3	6	11
104	245	4	10	5	2	3
104	246	4	10	6	12	8
104	247	4	10	7	5	6
104	248	4	10	8	12	5
104	249	4	10	9	3	2
104	250	4	10	11	2	5
104	251	4	10	12	7	11
104	252	4	11	2	9	5
104	253	4	11	3	8	9
104	254	4	11	5	3	10
104	255	4	11	6	3	7
104	256	4	11	7	6	2
104	257	4	11	8	10	6
104	258	4	11	9	10	2
104	259	4	11	10	5	6
104	260	4	11	12	3	8
104	261	4	12	2	6	8
104	262	4	12	3	5	11
104	263	4	12	5	10	6
104	264	4	12	6	8	11
104	265	4	12	7	2	8
104	266	4	12	8	6	7
104	267	4	12	9	10	2
104	268	4	12	10	9	3
104	269	4	12	11	10	2
104	270	5	2	3	4	9
104	271	5	2	4	6	11
104	272	5	2	6	10	12
104	273	5	2	7	3	4
104	274	5	2	8	6	4
104	275	5	2	9	12	6
104	276	5	2	10	11	9
104	277	5	2	11	8	4
104	278	5	2	12	7	6
104	279	5	3	2	6	4
104	280	5	3	4	7	10
104	281	5	3	6	4	2
104	282	5	3	7	4	10
104	283	5	3	8	7	2
104	284	5	3	9	11	4
104	285	5	3	10	12	7
104	286	5	3	11	10	12
104	287	5	3	12	9	7
104	288	5	4	2	9	12
104	289	5	4	3	6	2
104	290	5	4	6	9	11
104	291	5	4	7	8	12
104	292	5	4	8	9	11
104	293	5	4	9	3	11
104	294	5	4	10	12	6
104	295	5	4	11	8	10
104	296	5	4	12	10	6
104	297	5	6	2	8	4
104	298	5	6	3	2	4
104	299	5	6	4	2	12
104	300	5	6	7	10	12
104	301	5	6	8	11	12
104	302	5	6	9	4	8
104	303	5	6	10	3	2
104	304	5	6	11	3	2
104	305	5	6	12	4	11
104	306	5	7	2	4	8
104	307	5	7	3	12	2
104	308	5	7	4	10	11
104	309	5	7	6	10	9
104	310	5	7	8	6	11
104	311	5	7	9	12	8
104	312	5	7	10	12	8
104	313	5	7	11	2	9
104	314	5	7	12	6	10
104	315	5	8	2	4	10
104	316	5	8	3	11	2
104	317	5	8	4	11	10
104	318	5	8	6	3	11
104	319	5	8	7	6	12
104	320	5	8	9	7	4
104	321	5	8	10	12	7
104	322	5	8	11	6	12
104	323	5	8	12	6	4
104	324	5	9	2	3	12
104	325	5	9	3	11	10
104	326	5	9	4	11	6
104	327	5	9	6	10	12
104	328	5	9	7	4	6
104	329	5	9	8	2	6
104	330	5	9	10	8	7
104	331	5	9	11	12	2
104	332	5	9	12	7	11
104	333	5	10	2	11	3
104	334	5	10	3	6	9
104	335	5	10	4	8	6
104	336	5	10	6	7	2
104	337	5	10	7	12	6
104	338	5	10	8	11	4
104	339	5	10	9	12	4
104	340	5	10	11	7	3
104	341	5	10	12	11	4
104	342	5	11	2	6	9
104	343	5	11	3	9	7
104	344	5	11	4	10	9
104	345	5	11	6	2	9
104	346	5	11	7	9	3
104	347	5	11	8	7	12
104	348	5	11	9	10	7
104	349	5	11	10	4	9
104	350	5	11	12	2	7
104	351	5	12	2	10	6
104	352	5	12	3	2	7
104	353	5	12	4	6	7
104	354	5	12	6	8	7
104	355	5	12	7	9	4
104	356	5	12	8	10	4
104	357	5	12	9	6	3
104	358	5	12	10	11	8
104	359	5	12	11	2	6
104	360	6	2	3	12	10
104	361	6	2	4	8	9
104	362	6	2	5	10	9
104	363	6	2	7	3	8
104	364	6	2	8	9	5
104	365	6	2	9	12	4
104	366	6	2	10	4	7
104	367	6	2	11	9	7
104	368	6	2	12	3	5
104	369	6	3	2	4	10
104	370	6	3	4	2	11
104	371	6	3	5	2	10
104	372	6	3	7	10	9
104	373	6	3	8	10	5
104	374	6	3	9	10	7
104	375	6	3	10	7	12
104	376	6	3	11	9	2
104	377	6	3	12	11	10
104	378	6	4	2	10	7
104	379	6	4	3	11	10
104	380	6	4	5	7	10
104	381	6	4	7	12	11
104	382	6	4	8	11	7
104	383	6	4	9	8	7
104	384	6	4	10	11	9
104	385	6	4	11	8	7
104	386	6	4	12	7	10
104	387	6	5	2	7	9
104	388	6	5	3	11	4
104	389	6	5	4	9	7
104	390	6	5	7	11	4
104	391	6	5	8	2	3
104	392	6	5	9	12	4
104	393	6	5	10	4	7
104	394	6	5	11	2	12
104	395	6	5	12	4	10
104	396	6	7	2	4	9
104	397	6	7	3	11	2
104	398	6	7	4	2	11
104	399	6	7	5	4	10
104	400	6	7	8	9	3
104	401	6	7	9	4	10
104	402	6	7	10	5	11
104	403	6	7	11	8	3
104	404	6	7	12	10	3
104	405	6	8	2	9	11
104	406	6	8	3	11	4
104	407	6	8	4	12	7
104	408	6	8	5	4	11
104	409	6	8	7	4	11
104	410	6	8	9	4	7
104	411	6	8	10	11	3
104	412	6	8	11	4	12
104	413	6	8	12	9	10
104	414	6	9	2	3	12
104	415	6	9	3	8	7
104	416	6	9	4	12	11
104	417	6	9	5	11	7
104	418	6	9	7	12	2
104	419	6	9	8	2	3
104	420	6	9	10	4	5
104	421	6	9	11	4	2
104	422	6	9	12	10	7
104	423	6	10	2	7	5
104	424	6	10	3	11	9
104	425	6	10	4	3	2
104	426	6	10	5	2	8
104	427	6	10	7	3	5
104	428	6	10	8	4	12
104	429	6	10	9	7	3
104	430	6	10	11	5	2
104	431	6	10	12	2	9
104	432	6	11	2	5	10
104	433	6	11	3	2	7
104	434	6	11	4	12	2
104	435	6	11	5	10	2
104	436	6	11	7	9	3
104	437	6	11	8	4	3
104	438	6	11	9	12	8
104	439	6	11	10	9	8
104	440	6	11	12	3	5
104	441	6	12	2	7	9
104	442	6	12	3	2	11
104	443	6	12	4	7	3
104	444	6	12	5	8	3
104	445	6	12	7	9	11
104	446	6	12	8	2	4
104	447	6	12	9	5	7
104	448	6	12	10	8	9
104	449	6	12	11	9	10
104	450	7	2	3	11	10
104	451	7	2	4	11	8
104	452	7	2	5	4	9
104	453	7	2	6	11	9
104	454	7	2	8	3	5
104	455	7	2	9	4	11
104	456	7	2	10	9	8
104	457	7	2	11	5	8
104	458	7	2	12	8	10
104	459	7	3	2	8	11
104	460	7	3	4	11	12
104	461	7	3	5	4	11
104	462	7	3	6	8	9
104	463	7	3	8	10	4
104	464	7	3	9	5	6
104	465	7	3	10	6	12
104	466	7	3	11	4	6
104	467	7	3	12	10	2
104	468	7	4	2	11	12
104	469	7	4	3	6	9
104	470	7	4	5	9	2
104	471	7	4	6	12	5
104	472	7	4	8	10	9
104	473	7	4	9	12	3
104	474	7	4	10	9	3
104	475	7	4	11	3	12
104	476	7	4	12	10	3
104	477	7	5	2	8	12
104	478	7	5	3	8	4
104	479	7	5	4	10	9
104	480	7	5	6	2	12
104	481	7	5	8	12	10
104	482	7	5	9	10	2
104	483	7	5	10	8	4
104	484	7	5	11	12	2
104	485	7	5	12	4	2
104	486	7	6	2	10	8
104	487	7	6	3	12	10
104	488	7	6	4	8	11
104	489	7	6	5	3	9
104	490	7	6	8	9	3
104	491	7	6	9	11	3
104	492	7	6	10	3	11
104	493	7	6	11	5	10
104	494	7	6	12	11	9
104	495	7	8	2	11	6
104	496	7	8	3	11	5
104	497	7	8	4	3	5
104	498	7	8	5	6	11
104	499	7	8	6	10	3
104	500	7	8	9	2	3
104	501	7	8	10	4	12
104	502	7	8	11	12	9
104	503	7	8	12	10	3
104	504	7	9	2	8	3
104	505	7	9	3	2	10
104	506	7	9	4	5	6
104	507	7	9	5	4	10
104	508	7	9	6	8	3
104	509	7	9	8	12	6
104	510	7	9	10	4	6
104	511	7	9	11	2	5
104	512	7	9	12	5	4
104	513	7	10	2	6	12
104	514	7	10	3	8	2
104	515	7	10	4	9	2
104	516	7	10	5	2	8
104	517	7	10	6	3	9
104	518	7	10	8	9	3
104	519	7	10	9	6	11
104	520	7	10	11	2	12
104	521	7	10	12	8	3
104	522	7	11	2	12	3
104	523	7	11	3	5	2
104	524	7	11	4	9	8
104	525	7	11	5	8	12
104	526	7	11	6	10	8
104	527	7	11	8	2	9
104	528	7	11	9	10	3
104	529	7	11	10	2	12
104	530	7	11	12	5	9
104	531	7	12	2	11	5
104	532	7	12	3	4	5
104	533	7	12	4	9	10
104	534	7	12	5	10	9
104	535	7	12	6	10	4
104	536	7	12	8	10	11
104	537	7	12	9	4	3
104	538	7	12	10	3	8
104	539	7	12	11	4	2
104	540	8	2	3	7	12
104	541	8	2	4	3	11
104	542	8	2	5	9	3
104	543	8	2	6	11	4
104	544	8	2	7	6	4
104	545	8	2	9	6	4
104	546	8	2	10	7	4
104	547	8	2	11	6	9
104	548	8	2	12	6	10
104	549	8	3	2	5	6
104	550	8	3	4	5	12
104	551	8	3	5	2	4
104	552	8	3	6	10	11
104	553	8	3	7	5	4
104	554	8	3	9	4	5
104	555	8	3	10	5	2
104	556	8	3	11	6	4
104	557	8	3	12	9	7
104	558	8	4	2	9	6
104	559	8	4	3	2	5
104	560	8	4	5	2	11
104	561	8	4	6	3	10
104	562	8	4	7	2	10
104	563	8	4	9	12	5
104	564	8	4	10	11	12
104	565	8	4	11	12	5
104	566	8	4	12	9	3
104	567	8	5	2	7	12
104	568	8	5	3	6	12
104	569	8	5	4	10	7
104	570	8	5	6	7	2
104	571	8	5	7	9	3
104	572	8	5	9	11	10
104	573	8	5	10	12	3
104	574	8	5	11	9	12
104	575	8	5	12	2	7
104	576	8	6	2	4	7
104	577	8	6	3	5	9
104	578	8	6	4	5	3
104	579	8	6	5	12	11
104	580	8	6	7	2	11
104	581	8	6	9	4	7
104	582	8	6	10	2	3
104	583	8	6	11	3	5
104	584	8	6	12	11	7
104	585	8	7	2	3	12
104	586	8	7	3	11	9
104	587	8	7	4	5	6
104	588	8	7	5	6	4
104	589	8	7	6	5	2
104	590	8	7	9	4	2
104	591	8	7	10	11	2
104	592	8	7	11	6	10
104	593	8	7	12	3	2
104	594	8	9	2	5	3
104	595	8	9	3	4	12
104	596	8	9	4	2	7
104	597	8	9	5	7	6
104	598	8	9	6	3	12
104	599	8	9	7	6	3
104	600	8	9	10	11	6
104	601	8	9	11	2	3
104	602	8	9	12	2	11
104	603	8	10	2	7	5
104	604	8	10	3	4	9
104	605	8	10	4	5	12
104	606	8	10	5	11	2
104	607	8	10	6	7	3
104	608	8	10	7	12	11
104	609	8	10	9	7	6
104	610	8	10	11	3	2
104	611	8	10	12	3	11
104	612	8	11	2	4	6
104	613	8	11	3	5	7
104	614	8	11	4	7	5
104	615	8	11	5	6	3
104	616	8	11	6	9	2
104	617	8	11	7	10	4
104	618	8	11	9	2	4
104	619	8	11	10	6	2
104	620	8	11	12	9	5
104	621	8	12	2	3	11
104	622	8	12	3	7	2
104	623	8	12	4	10	3
104	624	8	12	5	6	7
104	625	8	12	6	7	10
104	626	8	12	7	5	2
104	627	8	12	9	5	2
104	628	8	12	10	4	11
104	629	8	12	11	9	10
104	630	9	2	3	5	11
104	631	9	2	4	5	12
104	632	9	2	5	7	11
104	633	9	2	6	10	5
104	634	9	2	7	12	8
104	635	9	2	8	11	12
104	636	9	2	10	7	12
104	637	9	2	11	4	10
104	638	9	2	12	4	7
104	639	9	3	2	4	6
104	640	9	3	4	6	7
104	641	9	3	5	11	2
104	642	9	3	6	4	2
104	643	9	3	7	12	8
104	644	9	3	8	4	7
104	645	9	3	10	6	11
104	646	9	3	11	10	4
104	647	9	3	12	2	5
104	648	9	4	2	7	8
104	649	9	4	3	6	2
104	650	9	4	5	12	8
104	651	9	4	6	11	12
104	652	9	4	7	6	2
104	653	9	4	8	10	3
104	654	9	4	10	3	6
104	655	9	4	11	10	6
104	656	9	4	12	10	11
104	657	9	5	2	12	8
104	658	9	5	3	2	8
104	659	9	5	4	7	2
104	660	9	5	6	4	3
104	661	9	5	7	8	11
104	662	9	5	8	10	7
104	663	9	5	10	7	6
104	664	9	5	11	7	12
104	665	9	5	12	6	7
104	666	9	6	2	7	3
104	667	9	6	3	10	7
104	668	9	6	4	11	7
104	669	9	6	5	4	8
104	670	9	6	7	5	2
104	671	9	6	8	5	12
104	672	9	6	10	5	3
104	673	9	6	11	4	10
104	674	9	6	12	8	4
104	675	9	7	2	5	4
104	676	9	7	3	2	5
104	677	9	7	4	6	3
104	678	9	7	5	6	4
104	679	9	7	6	5	11
104	680	9	7	8	3	10
104	681	9	7	10	5	3
104	682	9	7	11	5	6
104	683	9	7	12	10	2
104	684	9	8	2	12	5
104	685	9	8	3	12	7
104	686	9	8	4	12	5
104	687	9	8	5	12	11
104	688	9	8	6	11	2
104	689	9	8	7	10	5
104	690	9	8	10	5	6
104	691	9	8	11	2	6
104	692	9	8	12	4	10
104	693	9	10	2	11	8
104	694	9	10	3	5	7
104	695	9	10	4	8	11
104	696	9	10	5	12	3
104	697	9	10	6	7	5
104	698	9	10	7	6	5
104	699	9	10	8	7	12
104	700	9	10	11	3	6
104	701	9	10	12	8	5
104	702	9	11	2	4	10
104	703	9	11	3	10	5
104	704	9	11	4	3	12
104	705	9	11	5	4	6
104	706	9	11	6	7	5
104	707	9	11	7	12	10
104	708	9	11	8	3	10
104	709	9	11	10	6	7
104	710	9	11	12	4	3
104	711	9	12	2	8	7
104	712	9	12	3	7	6
104	713	9	12	4	6	10
104	714	9	12	5	6	3
104	715	9	12	6	8	4
104	716	9	12	7	11	5
104	717	9	12	8	4	10
104	718	9	12	10	6	5
104	719	9	12	11	5	10
104	720	10	2	3	12	11
104	721	10	2	4	7	6
104	722	10	2	5	7	3
104	723	10	2	6	5	11
104	724	10	2	7	12	8
104	725	10	2	8	5	11
104	726	10	2	9	8	4
104	727	10	2	11	7	4
104	728	10	2	12	8	3
104	729	10	3	2	11	5
104	730	10	3	4	8	12
104	731	10	3	5	11	9
104	732	10	3	6	5	2
104	733	10	3	7	2	6
104	734	10	3	8	2	6
104	735	10	3	9	5	12
104	736	10	3	11	2	6
104	737	10	3	12	5	11
104	738	10	4	2	6	3
104	739	10	4	3	5	12
104	740	10	4	5	9	2
104	741	10	4	6	5	11
104	742	10	4	7	6	5
104	743	10	4	8	7	9
104	744	10	4	9	8	6
104	745	10	4	11	8	9
104	746	10	4	12	11	7
104	747	10	5	2	9	11
104	748	10	5	3	11	6
104	749	10	5	4	7	8
104	750	10	5	6	8	3
104	751	10	5	7	9	12
104	752	10	5	8	2	4
104	753	10	5	9	3	8
104	754	10	5	11	3	8
104	755	10	5	12	7	2
104	756	10	6	2	4	8
104	757	10	6	3	8	5
104	758	10	6	4	3	7
104	759	10	6	5	11	7
104	760	10	6	7	8	4
104	761	10	6	8	5	11
104	762	10	6	9	7	12
104	763	10	6	11	7	4
104	764	10	6	12	4	7
104	765	10	7	2	11	5
104	766	10	7	3	11	6
104	767	10	7	4	12	2
104	768	10	7	5	12	2
104	769	10	7	6	12	11
104	770	10	7	8	4	3
104	771	10	7	9	11	2
104	772	10	7	11	2	8
104	773	10	7	12	3	9
104	774	10	8	2	9	4
104	775	10	8	3	9	4
104	776	10	8	4	9	5
104	777	10	8	5	4	7
104	778	10	8	6	9	11
104	779	10	8	7	4	6
104	780	10	8	9	11	3
104	781	10	8	11	6	7
104	782	10	8	12	4	6
104	783	10	9	2	7	4
104	784	10	9	3	8	5
104	785	10	9	4	3	2
104	786	10	9	5	4	2
104	787	10	9	6	4	5
104	788	10	9	7	8	6
104	789	10	9	8	2	11
104	790	10	9	11	2	12
104	791	10	9	12	4	7
104	792	10	11	2	6	8
104	793	10	11	3	8	4
104	794	10	11	4	2	3
104	795	10	11	5	8	4
104	796	10	11	6	7	3
104	797	10	11	7	5	8
104	798	10	11	8	9	7
104	799	10	11	9	3	8
104	800	10	11	12	6	2
104	801	10	12	2	3	5
104	802	10	12	3	7	4
104	803	10	12	4	11	9
104	804	10	12	5	6	7
104	805	10	12	6	8	4
104	806	10	12	7	6	11
104	807	10	12	8	4	5
104	808	10	12	9	2	6
104	809	10	12	11	2	4
104	810	11	2	3	6	9
104	811	11	2	4	9	8
104	812	11	2	5	8	9
104	813	11	2	6	9	5
104	814	11	2	7	10	9
104	815	11	2	8	9	3
104	816	11	2	9	10	6
104	817	11	2	10	9	6
104	818	11	2	12	10	9
104	819	11	3	2	5	9
104	820	11	3	4	2	8
104	821	11	3	5	7	9
104	822	11	3	6	8	2
104	823	11	3	7	6	10
104	824	11	3	8	10	6
104	825	11	3	9	2	12
104	826	11	3	10	8	5
104	827	11	3	12	4	5
104	828	11	4	2	6	7
104	829	11	4	3	5	9
104	830	11	4	5	8	9
104	831	11	4	6	10	12
104	832	11	4	7	12	6
104	833	11	4	8	7	12
104	834	11	4	9	10	12
104	835	11	4	10	7	6
104	836	11	4	12	7	10
104	837	11	5	2	4	9
104	838	11	5	3	4	7
104	839	11	5	4	12	9
104	840	11	5	6	12	3
104	841	11	5	7	4	12
104	842	11	5	8	12	7
104	843	11	5	9	8	4
104	844	11	5	10	2	3
104	845	11	5	12	10	7
104	846	11	6	2	10	9
104	847	11	6	3	2	4
104	848	11	6	4	5	9
104	849	11	6	5	9	8
104	850	11	6	7	4	12
104	851	11	6	8	4	12
104	852	11	6	9	10	3
104	853	11	6	10	9	7
104	854	11	6	12	4	10
104	855	11	7	2	8	12
104	856	11	7	3	2	12
104	857	11	7	4	8	5
104	858	11	7	5	8	10
104	859	11	7	6	2	12
104	860	11	7	8	9	2
104	861	11	7	9	5	8
104	862	11	7	10	8	4
104	863	11	7	12	9	4
104	864	11	8	2	12	5
104	865	11	8	3	7	4
104	866	11	8	4	10	3
104	867	11	8	5	9	4
104	868	11	8	6	5	7
104	869	11	8	7	6	3
104	870	11	8	9	10	3
104	871	11	8	10	9	5
104	872	11	8	12	4	3
104	873	11	9	2	4	6
104	874	11	9	3	12	5
104	875	11	9	4	12	7
104	876	11	9	5	10	3
104	877	11	9	6	10	12
104	878	11	9	7	2	4
104	879	11	9	8	5	7
104	880	11	9	10	12	5
104	881	11	9	12	6	2
104	882	11	10	2	12	6
104	883	11	10	3	8	6
104	884	11	10	4	8	7
104	885	11	10	5	7	9
104	886	11	10	6	5	2
104	887	11	10	7	5	4
104	888	11	10	8	6	5
104	889	11	10	9	5	4
104	890	11	10	12	5	6
104	891	11	12	2	6	7
104	892	11	12	3	10	2
104	893	11	12	4	5	7
104	894	11	12	5	4	6
104	895	11	12	6	4	5
104	896	11	12	7	4	9
104	897	11	12	8	6	4
104	898	11	12	9	10	4
104	899	11	12	10	7	4
104	900	12	2	3	11	8
104	901	12	2	4	9	11
104	902	12	2	5	4	10
104	903	12	2	6	9	3
104	904	12	2	7	8	6
104	905	12	2	8	4	5
104	906	12	2	9	6	8
104	907	12	2	10	9	7
104	908	12	2	11	7	6
104	909	12	3	2	10	9
104	910	12	3	4	10	5
104	911	12	3	5	7	8
104	912	12	3	6	2	7
104	913	12	3	7	8	9
104	914	12	3	8	5	11
104	915	12	3	9	5	10
104	916	12	3	10	7	6
104	917	12	3	11	7	4
104	918	12	4	2	8	10
104	919	12	4	3	10	6
104	920	12	4	5	9	3
104	921	12	4	6	3	8
104	922	12	4	7	11	9
104	923	12	4	8	5	2
104	924	12	4	9	5	6
104	925	12	4	10	6	11
104	926	12	4	11	10	5
104	927	12	5	2	3	11
104	928	12	5	3	4	9
104	929	12	5	4	7	9
104	930	12	5	6	11	4
104	931	12	5	7	3	11
104	932	12	5	8	4	7
104	933	12	5	9	10	8
104	934	12	5	10	3	11
104	935	12	5	11	4	6
104	936	12	6	2	3	8
104	937	12	6	3	2	10
104	938	12	6	4	5	11
104	939	12	6	5	2	4
104	940	12	6	7	11	2
104	941	12	6	8	2	4
104	942	12	6	9	3	10
104	943	12	6	10	2	3
104	944	12	6	11	7	5
104	945	12	7	2	3	5
104	946	12	7	3	4	5
104	947	12	7	4	5	8
104	948	12	7	5	8	3
104	949	12	7	6	8	10
104	950	12	7	8	3	11
104	951	12	7	9	11	5
104	952	12	7	10	4	6
104	953	12	7	11	4	2
104	954	12	8	2	9	6
104	955	12	8	3	7	5
104	956	12	8	4	2	10
104	957	12	8	5	9	6
104	958	12	8	6	7	3
104	959	12	8	7	6	5
104	960	12	8	9	11	6
104	961	12	8	10	6	5
104	962	12	8	11	5	9
104	963	12	9	2	3	7
104	964	12	9	3	10	11
104	965	12	9	4	8	6
104	966	12	9	5	6	4
104	967	12	9	6	8	3
104	968	12	9	7	8	4
104	969	12	9	8	3	5
104	970	12	9	10	3	7
104	971	12	9	11	6	3
104	972	12	10	2	9	8
104	973	12	10	3	2	8
104	974	12	10	4	11	6
104	975	12	10	5	6	2
104	976	12	10	6	2	5
104	977	12	10	7	4	11
104	978	12	10	8	2	6
104	979	12	10	9	7	3
104	980	12	10	11	7	2
104	981	12	11	2	9	7
104	982	12	11	3	2	8
104	983	12	11	4	2	10
104	984	12	11	5	4	8
104	985	12	11	6	5	7
104	986	12	11	7	6	3
104	987	12	11	8	3	5
104	988	12	11	9	3	6
104	989	12	11	10	8	3
116	0	2	3	4	6	9
116	1	2	3	5	10	7
116	2	2	3	6	8	7
116	3	2	3	7	11	8
116	4	2	3	8	5	12
116	5	2	3	9	12	7
116	6	2	3	10	7	4
116	7	2	3	11	9	12
116	8	2	3	12	5	8
116	9	2	4	3	5	8
116	10	2	4	5	10	7
116	11	2	4	6	8	7
116	12	2	4	7	9	5
116	13	2	4	8	10	12
116	14	2	4	9	8	3
116	15	2	4	10	3	8
116	16	2	4	11	6	9
116	17	2	4	12	8	3
116	18	2	5	3	9	11
116	19	2	5	4	6	7
116	20	2	5	6	7	12
116	21	2	5	7	6	9
116	22	2	5	8	9	11
116	23	2	5	9	8	12
116	24	2	5	10	3	12
116	25	2	5	11	12	7
116	26	2	5	12	9	4
116	27	2	6	3	12	5
116	28	2	6	4	10	11
116	29	2	6	5	7	8
116	30	2	6	7	3	12
116	31	2	6	8	5	3
116	32	2	6	9	8	3
116	33	2	6	10	7	8
116	34	2	6	11	8	7
116	35	2	6	12	8	7
116	36	2	7	3	4	6
116	37	2	7	4	10	5
116	38	2	7	5	6	10
116	39	2	7	6	12	10
116	40	2	7	8	9	5
116	41	2	7	9	3	4
116	42	2	7	10	12	3
116	43	2	7	11	6	5
116	44	2	7	12	11	4
116	45	2	8	3	7	10
116	46	2	8	4	10	12
116	47	2	8	5	7	12
116	48	2	8	6	11	10
116	49	2	8	7	11	12
116	50	2	8	9	7	11
116	51	2	8	10	3	12
116	52	2	8	11	6	5
116	53	2	8	12	3	6
116	54	2	9	3	5	10
116	55	2	9	4	5	10
116	56	2	9	5	8	11
116	57	2	9	6	4	12
116	58	2	9	7	3	4
116	59	2	9	8	6	3
116	60	2	9	10	11	7
116	61	2	9	11	7	8
116	62	2	9	12	11	4
116	63	2	10	3	6	11
116	64	2	10	4	3	8
116	65	2	10	5	4	11
116	66	2	10	6	12	5
116	67	2	10	7	5	8
116	68	2	10	8	11	5
116	69	2	10	9	8	6
116	70	2	10	11	12	3
116	71	2	10	12	9	6
116	72	2	11	3	4	9
116	73	2	11	4	3	7
116	74	2	11	5	4	9
116	75	2	11	6	5	7
116	76	2	11	7	3	5
116	77	2	11	8	4	7
116	78	2	11	9	3	6
116	79	2	11	10	7	3
116	80	2	11	12	4	3
116	81	2	12	3	10	6
116	82	2	12	4	3	6
116	83	2	12	5	3	8
116	84	2	12	6	3	4
116	85	2	12	7	8	5
116	86	2	12	8	6	3
116	87	2	12	9	11	8
116	88	2	12	10	11	5
116	89	2	12	11	5	10
116	90	3	2	4	6	10
116	91	3	2	5	4	8
116	92	3	2	6	4	9
116	93	3	2	7	5	4
116	94	3	2	8	4	10
116	95	3	2	9	11	12
116	96	3	2	10	11	6
116	97	3	2	11	6	4
116	98	3	2	12	5	8
116	99	3	4	2	12	10
116	100	3	4	5	9	10
116	101	3	4	6	9	11
116	102	3	4	7	10	5
116	103	3	4	8	12	6
116	104	3	4	9	5	10
116	105	3	4	10	12	5
116	106	3	4	11	6	7
116	107	3	4	12	6	2
116	108	3	5	2	10	11
116	109	3	5	4	10	6
116	110	3	5	6	7	2
116	111	3	5	7	11	10
116	112	3	5	8	10	12
116	113	3	5	9	7	10
116	114	3	5	10	2	4
116	115	3	5	11	12	10
116	116	3	5	12	8	2
116	117	3	6	2	12	11
116	118	3	6	4	9	2
116	119	3	6	5	10	8
116	120	3	6	7	4	11
116	121	3	6	8	4	12
116	122	3	6	9	5	8
116	123	3	6	10	8	4
116	124	3	6	11	5	8
116	125	3	6	12	10	5
116	126	3	7	2	4	10
116	127	3	7	4	11	8
116	128	3	7	5	8	9
116	129	3	7	6	8	11
116	130	3	7	8	4	2
116	131	3	7	9	6	5
116	132	3	7	10	11	12
116	133	3	7	11	4	8
116	134	3	7	12	10	11
116	135	3	8	2	6	4
116	136	3	8	4	7	10
116	137	3	8	5	10	12
116	138	3	8	6	7	10
116	139	3	8	7	4	6
116	140	3	8	9	5	6
116	141	3	8	10	7	5
116	142	3	8	11	6	7
116	143	3	8	12	5	6
116	144	3	9	2	7	11
116	145	3	9	4	11	12
116	146	3	9	5	4	10
116	147	3	9	6	2	8
116	148	3	9	7	6	12
116	149	3	9	8	5	4
116	150	3	9	10	11	8
116	151	3	9	11	4	10
116	152	3	9	12	5	11
116	153	3	10	2	6	7
116	154	3	10	4	12	7
116	155	3	10	5	2	4
116	156	3	10	6	8	11
116	157	3	10	7	6	12
116	158	3	10	8	9	7
116	159	3	10	9	2	6
116	160	3	10	11	6	9
116	161	3	10	12	5	4
116	162	3	11	2	12	4
116	163	3	11	4	8	5
116	164	3	11	5	9	4
116	165	3	11	6	5	4
116	166	3	11	7	9	8
116	167	3	11	8	4	6
116	168	3	11	9	10	4
116	169	3	11	10	12	8
116	170	3	11	12	9	2
116	171	3	12	2	6	11
116	172	3	12	4	6	2
116	173	3	12	5	7	11
116	174	3	12	6	8	11
116	175	3	12	7	11	5
116	176	3	12	8	7	10
116	177	3	12	9	7	4
116	178	3	12	10	2	8
116	179	3	12	11	5	9
116	180	4	2	3	8	11
116	181	4	2	5	9	7
116	182	4	2	6	12	9
116	183	4	2	7	9	6
116	184	4	2	8	7	11
116	185	4	2	9	12	3
116	186	4	2	10	6	5
116	187	4	2	11	8	9
116	188	4	2	12	5	11
116	189	4	3	2	7	11
116	190	4	3	5	6	2
116	191	4	3	6	7	10
116	192	4	3	7	6	2
116	193	4	3	8	9	12
116	194	4	3	9	7	12
116	195	4	3	10	9	2
116	196	4	3	11	12	5
116	197	4	3	12	2	8
116	198	4	5	2	9	3
116	199	4	5	3	10	12
116	200	4	5	6	11	9
116	201	4	5	7	6	10
116	202	4	5	8	10	2
116	203	4	5	9	8	7
116	204	4	5	10	3	8
116	205	4	5	11	2	7
116	206	4	5	12	6	2
116	207	4	6	2	11	10
116	208	4	6	3	8	2
116	209	4	6	5	9	8
116	210	4	6	7	11	5
116	211	4	6	8	3	5
116	212	4	6	9	3	11
116	213	4	6	10	2	9
116	214	4	6	11	8	12
116	215	4	6	12	7	10
116	216	4	7	2	8	9
116	217	4	7	3	2	11
116	218	4	7	5	10	6
116	219	4	7	6	11	2
116	220	4	7	8	12	6
116	221	4	7	9	10	8
116	222	4	7	10	11	6
116	223	4	7	11	3	8
116	224	4	7	12	8	10
116	225	4	8	2	6	9
116	226	4	8	3	9	7
116	227	4	8	5	3	7
116	228	4	8	6	2	10
116	229	4	8	7	6	5
116	230	4	8	9	12	11
116	231	4	8	10	6	12
116	232	4	8	11	7	9
116	233	4	8	12	5	11
116	234	4	9	2	5	12
116	235	4	9	3	5	8
116	236	4	9	5	7	12
116	237	4	9	6	7	11
116	238	4	9	7	11	6
116	239	4	9	8	5	2
116	240	4	9	10	8	6
116	241	4	9	11	7	12
116	242	4	9	12	2	11
116	243	4	10	2	6	12
116	244	4	10	3	6	7
116	245	4	10	5	11	2
116	246	4	10	6	11	3
116	247	4	10	7	6	11
116	248	4	10	8	12	7
116	249	4	10	9	8	11
116	250	4	10	11	8	5
116	251	4	10	12	8	9
116	252	4	11	2	5	9
116	253	4	11	3	6	10
116	254	4	11	5	8	9
116	255	4	11	6	7	10
116	256	4	11	7	12	5
116	257	4	11	8	10	2
116	258	4	11	9	12	7
116	259	4	11	10	7	9
116	260	4	11	12	10	3
116	261	4	12	2	10	11
116	262	4	12	3	5	8
116	263	4	12	5	3	2
116	264	4	12	6	10	5
116	265	4	12	7	8	6
116	266	4	12	8	11	3
116	267	4	12	9	8	6
116	268	4	12	10	2	9
116	269	4	12	11	9	10
116	270	5	2	3	4	11
116	271	5	2	4	9	12
116	272	5	2	6	11	9
116	273	5	2	7	12	8
116	274	5	2	8	7	9
116	275	5	2	9	3	11
116	276	5	2	10	3	9
116	277	5	2	11	4	6
116	278	5	2	12	4	11
116	279	5	3	2	10	9
116	280	5	3	4	8	10
116	281	5	3	6	4	8
116	282	5	3	7	11	4
116	283	5	3	8	10	4
116	284	5	3	9	8	11
116	285	5	3	10	11	4
116	286	5	3	11	12	10
116	287	5	3	12	4	8
116	288	5	4	2	8	9
116	289	5	4	3	2	8
116	290	5	4	6	2	9
116	291	5	4	7	11	3
116	292	5	4	8	2	12
116	293	5	4	9	8	7
116	294	5	4	10	6	2
116	295	5	4	11	12	8
116	296	5	4	12	6	7
116	297	5	6	2	7	11
116	298	5	6	3	12	4
116	299	5	6	4	11	10
116	300	5	6	7	9	12
116	301	5	6	8	2	3
116	302	5	6	9	2	10
116	303	5	6	10	4	9
116	304	5	6	11	7	2
116	305	5	6	12	3	2
116	306	5	7	2	11	10
116	307	5	7	3	8	12
116	308	5	7	4	9	6
116	309	5	7	6	2	9
116	310	5	7	8	4	10
116	311	5	7	9	12	2
116	312	5	7	10	11	3
116	313	5	7	11	10	12
116	314	5	7	12	2	11
116	315	5	8	2	7	6
116	316	5	8	3	2	9
116	317	5	8	4	12	7
116	318	5	8	6	10	3
116	319	5	8	7	2	6
116	320	5	8	9	12	7
116	321	5	8	10	2	7
116	322	5	8	11	12	6
116	323	5	8	12	3	6
116	324	5	9	2	4	8
116	325	5	9	3	6	4
116	326	5	9	4	12	8
116	327	5	9	6	7	8
116	328	5	9	7	10	4
116	329	5	9	8	12	11
116	330	5	9	10	2	6
116	331	5	9	11	7	12
116	332	5	9	12	2	6
116	333	5	10	2	9	6
116	334	5	10	3	6	11
116	335	5	10	4	8	12
116	336	5	10	6	4	7
116	337	5	10	7	8	6
116	338	5	10	8	9	7
116	339	5	10	9	12	11
116	340	5	10	11	8	7
116	341	5	10	12	9	7
116	342	5	11	2	12	9
116	343	5	11	3	9	8
116	344	5	11	4	2	10
116	345	5	11	6	10	2
116	346	5	11	7	8	10
116	347	5	11	8	2	9
116	348	5	11	9	10	3
116	349	5	11	10	9	12
116	350	5	11	12	6	4
116	351	5	12	2	7	9
116	352	5	12	3	9	8
116	353	5	12	4	8	11
116	354	5	12	6	2	8
116	355	5	12	7	3	8
116	356	5	12	8	9	6
116	357	5	12	9	7	11
116	358	5	12	10	11	6
116	359	5	12	11	8	7
116	360	6	2	3	7	11
116	361	6	2	4	12	3
116	362	6	2	5	8	11
116	363	6	2	7	8	3
116	364	6	2	8	3	12
116	365	6	2	9	10	3
116	366	6	2	10	3	12
116	367	6	2	11	3	7
116	368	6	2	12	10	7
116	369	6	3	2	4	8
116	370	6	3	4	5	7
116	371	6	3	5	7	8
116	372	6	3	7	9	2
116	373	6	3	8	4	11
116	374	6	3	9	11	8
116	375	6	3	10	11	5
116	376	6	3	11	12	2
116	377	6	3	12	10	5
116	378	6	4	2	5	8
116	379	6	4	3	2	8
116	380	6	4	5	11	10
116	381	6	4	7	12	10
116	382	6	4	8	12	7
116	383	6	4	9	7	12
116	384	6	4	10	11	9
116	385	6	4	11	8	7
116	386	6	4	12	11	3
116	387	6	5	2	4	10
116	388	6	5	3	12	2
116	389	6	5	4	8	10
116	390	6	5	7	10	2
116	391	6	5	8	2	11
116	392	6	5	9	4	11
116	393	6	5	10	3	4
116	394	6	5	11	8	10
116	395	6	5	12	7	9
116	396	6	7	2	3	8
116	397	6	7	3	12	5
116	398	6	7	4	11	10
116	399	6	7	5	8	3
116	400	6	7	8	9	11
116	401	6	7	9	11	12
116	402	6	7	10	3	8
116	403	6	7	11	3	4
116	404	6	7	12	10	11
116	405	6	8	2	7	10
116	406	6	8	3	4	11
116	407	6	8	4	9	12
116	408	6	8	5	9	12
116	409	6	8	7	4	3
116	410	6	8	9	11	4
116	411	6	8	10	7	5
116	412	6	8	11	3	12
116	413	6	8	12	4	9
116	414	6	9	2	11	7
116	415	6	9	3	12	2
116	416	6	9	4	7	11
116	417	6	9	5	10	11
116	418	6	9	7	5	8
116	419	6	9	8	12	3
116	420	6	9	10	2	4
116	421	6	9	11	2	5
116	422	6	9	12	5	10
116	423	6	10	2	4	11
116	424	6	10	3	4	8
116	425	6	10	4	9	3
116	426	6	10	5	3	12
116	427	6	10	7	11	8
116	428	6	10	8	7	11
116	429	6	10	9	3	5
116	430	6	10	11	4	9
116	431	6	10	12	8	4
116	432	6	11	2	10	4
116	433	6	11	3	7	2
116	434	6	11	4	5	7
116	435	6	11	5	7	9
116	436	6	11	7	10	3
116	437	6	11	8	9	2
116	438	6	11	9	12	4
116	439	6	11	10	9	5
116	440	6	11	12	10	2
116	441	6	12	2	10	9
116	442	6	12	3	9	5
116	443	6	12	4	3	9
116	444	6	12	5	4	11
116	445	6	12	7	8	9
116	446	6	12	8	11	3
116	447	6	12	9	5	10
116	448	6	12	10	11	4
116	449	6	12	11	10	4
116	450	7	2	3	5	11
116	451	7	2	4	8	9
116	452	7	2	5	4	11
116	453	7	2	6	3	4
116	454	7	2	8	3	6
116	455	7	2	9	6	4
116	456	7	2	10	3	11
116	457	7	2	11	12	8
116	458	7	2	12	6	5
116	459	7	3	2	10	5
116	460	7	3	4	11	8
116	461	7	3	5	11	12
116	462	7	3	6	4	9
116	463	7	3	8	10	2
116	464	7	3	9	5	8
116	465	7	3	10	12	4
116	466	7	3	11	6	10
116	467	7	3	12	6	4
116	468	7	4	2	6	8
116	469	7	4	3	5	2
116	470	7	4	5	11	12
116	471	7	4	6	12	10
116	472	7	4	8	6	3
116	473	7	4	9	3	12
116	474	7	4	10	2	9
116	475	7	4	11	2	6
116	476	7	4	12	3	11
116	477	7	5	2	3	10
116	478	7	5	3	9	2
116	479	7	5	4	8	6
116	480	7	5	6	2	10
116	481	7	5	8	3	11
116	482	7	5	9	4	6
116	483	7	5	10	8	4
116	484	7	5	11	8	10
116	485	7	5	12	11	2
116	486	7	6	2	12	4
116	487	7	6	3	11	9
116	488	7	6	4	10	5
116	489	7	6	5	2	9
116	490	7	6	8	2	12
116	491	7	6	9	10	8
116	492	7	6	10	9	12
116	493	7	6	11	4	10
116	494	7	6	12	4	10
116	495	7	8	2	3	11
116	496	7	8	3	6	5
116	497	7	8	4	10	9
116	498	7	8	5	4	10
116	499	7	8	6	2	11
116	500	7	8	9	2	10
116	501	7	8	10	12	9
116	502	7	8	11	12	10
116	503	7	8	12	9	4
116	504	7	9	2	6	5
116	505	7	9	3	11	5
116	506	7	9	4	2	6
116	507	7	9	5	11	4
116	508	7	9	6	12	11
116	509	7	9	8	12	11
116	510	7	9	10	5	2
116	511	7	9	11	3	10
116	512	7	9	12	2	3
116	513	7	10	2	11	12
116	514	7	10	3	8	12
116	515	7	10	4	9	6
116	516	7	10	5	12	3
116	517	7	10	6	3	4
116	518	7	10	8	5	11
116	519	7	10	9	12	2
116	520	7	10	11	3	8
116	521	7	10	12	5	3
116	522	7	11	2	4	5
116	523	7	11	3	2	8
116	524	7	11	4	3	6
116	525	7	11	5	6	12
116	526	7	11	6	10	9
116	527	7	11	8	2	4
116	528	7	11	9	2	8
116	529	7	11	10	4	3
116	530	7	11	12	4	10
116	531	7	12	2	5	4
116	532	7	12	3	8	11
116	533	7	12	4	5	8
116	534	7	12	5	10	8
116	535	7	12	6	3	4
116	536	7	12	8	11	10
116	537	7	12	9	4	11
116	538	7	12	10	6	2
116	539	7	12	11	6	9
116	540	8	2	3	9	7
116	541	8	2	4	11	10
116	542	8	2	5	12	9
116	543	8	2	6	11	7
116	544	8	2	7	6	5
116	545	8	2	9	6	7
116	546	8	2	10	5	3
116	547	8	2	11	10	4
116	548	8	2	12	11	3
116	549	8	3	2	9	5
116	550	8	3	4	6	2
116	551	8	3	5	10	2
116	552	8	3	6	11	4
116	553	8	3	7	12	6
116	554	8	3	9	2	10
116	555	8	3	10	9	7
116	556	8	3	11	5	12
116	557	8	3	12	4	10
116	558	8	4	2	5	9
116	559	8	4	3	11	5
116	560	8	4	5	11	10
116	561	8	4	6	5	7
116	562	8	4	7	9	11
116	563	8	4	9	7	10
116	564	8	4	10	11	7
116	565	8	4	11	3	5
116	566	8	4	12	3	5
116	567	8	5	2	9	10
116	568	8	5	3	6	7
116	569	8	5	4	7	10
116	570	8	5	6	3	10
116	571	8	5	7	11	10
116	572	8	5	9	6	2
116	573	8	5	10	6	9
116	574	8	5	11	9	2
116	575	8	5	12	11	2
116	576	8	6	2	12	3
116	577	8	6	3	11	4
116	578	8	6	4	3	11
116	579	8	6	5	2	11
116	580	8	6	7	3	2
116	581	8	6	9	12	11
116	582	8	6	10	4	5
116	583	8	6	11	2	7
116	584	8	6	12	5	11
116	585	8	7	2	4	9
116	586	8	7	3	9	12
116	587	8	7	4	11	10
116	588	8	7	5	3	2
116	589	8	7	6	12	11
116	590	8	7	9	2	12
116	591	8	7	10	12	2
116	592	8	7	11	4	9
116	593	8	7	12	2	5
116	594	8	9	2	4	6
116	595	8	9	3	5	12
116	596	8	9	4	11	5
116	597	8	9	5	2	6
116	598	8	9	6	5	7
116	599	8	9	7	11	3
116	600	8	9	10	11	7
116	601	8	9	11	10	12
116	602	8	9	12	10	7
116	603	8	10	2	6	5
116	604	8	10	3	2	6
116	605	8	10	4	12	11
116	606	8	10	5	9	2
116	607	8	10	6	2	9
116	608	8	10	7	11	3
116	609	8	10	9	11	7
116	610	8	10	11	4	12
116	611	8	10	12	6	11
116	612	8	11	2	3	10
116	613	8	11	3	9	10
116	614	8	11	4	5	6
116	615	8	11	5	2	3
116	616	8	11	6	4	10
116	617	8	11	7	3	9
116	618	8	11	9	10	2
116	619	8	11	10	7	6
116	620	8	11	12	7	3
116	621	8	12	2	7	3
116	622	8	12	3	7	11
116	623	8	12	4	9	3
116	624	8	12	5	3	10
116	625	8	12	6	4	2
116	626	8	12	7	9	5
116	627	8	12	9	3	2
116	628	8	12	10	7	4
116	629	8	12	11	7	3
116	630	9	2	3	11	8
116	631	9	2	4	10	3
116	632	9	2	5	6	7
116	633	9	2	6	4	8
116	634	9	2	7	4	5
116	635	9	2	8	7	11
116	636	9	2	10	8	11
116	637	9	2	11	12	10
116	638	9	2	12	5	4
116	639	9	3	2	7	11
116	640	9	3	4	2	11
116	641	9	3	5	8	4
116	642	9	3	6	12	2
116	643	9	3	7	2	12
116	644	9	3	8	5	12
116	645	9	3	10	7	6
116	646	9	3	11	2	7
116	647	9	3	12	4	11
116	648	9	4	2	7	12
116	649	9	4	3	8	10
116	650	9	4	5	3	6
116	651	9	4	6	3	5
116	652	9	4	7	11	2
116	653	9	4	8	3	10
116	654	9	4	10	5	12
116	655	9	4	11	10	7
116	656	9	4	12	10	6
116	657	9	5	2	12	6
116	658	9	5	3	10	7
116	659	9	5	4	2	7
116	660	9	5	6	11	7
116	661	9	5	7	4	11
116	662	9	5	8	11	12
116	663	9	5	10	11	2
116	664	9	5	11	8	7
116	665	9	5	12	8	10
116	666	9	6	2	12	7
116	667	9	6	3	7	10
116	668	9	6	4	7	8
116	669	9	6	5	4	7
116	670	9	6	7	8	3
116	671	9	6	8	2	5
116	672	9	6	10	12	11
116	673	9	6	11	4	8
116	674	9	6	12	4	10
116	675	9	7	2	10	5
116	676	9	7	3	10	6
116	677	9	7	4	5	12
116	678	9	7	5	2	11
116	679	9	7	6	12	3
116	680	9	7	8	4	11
116	681	9	7	10	4	5
116	682	9	7	11	8	3
116	683	9	7	12	8	6
116	684	9	8	2	5	10
116	685	9	8	3	4	5
116	686	9	8	4	2	3
116	687	9	8	5	4	2
116	688	9	8	6	10	12
116	689	9	8	7	2	12
116	690	9	8	10	4	2
116	691	9	8	11	3	5
116	692	9	8	12	11	10
116	693	9	10	2	7	8
116	694	9	10	3	6	7
116	695	9	10	4	6	7
116	696	9	10	5	12	7
116	697	9	10	6	8	11
116	698	9	10	7	2	4
116	699	9	10	8	3	2
116	700	9	10	11	5	4
116	701	9	10	12	3	5
116	702	9	11	2	8	7
116	703	9	11	3	10	7
116	704	9	11	4	7	3
116	705	9	11	5	4	8
116	706	9	11	6	10	4
116	707	9	11	7	4	10
116	708	9	11	8	7	10
116	709	9	11	10	8	5
116	710	9	11	12	10	5
116	711	9	12	2	10	11
116	712	9	12	3	8	7
116	713	9	12	4	11	3
116	714	9	12	5	3	8
116	715	9	12	6	2	4
116	716	9	12	7	5	11
116	717	9	12	8	5	3
116	718	9	12	10	6	8
116	719	9	12	11	4	5
116	720	10	2	3	11	5
116	721	10	2	4	5	8
116	722	10	2	5	6	7
116	723	10	2	6	7	11
116	724	10	2	7	6	4
116	725	10	2	8	12	5
116	726	10	2	9	6	7
116	727	10	2	11	9	4
116	728	10	2	12	4	3
116	729	10	3	2	12	6
116	730	10	3	4	9	2
116	731	10	3	5	9	4
116	732	10	3	6	12	7
116	733	10	3	7	11	2
116	734	10	3	8	9	7
116	735	10	3	9	5	6
116	736	10	3	11	12	9
116	737	10	3	12	8	9
116	738	10	4	2	8	7
116	739	10	4	3	8	2
116	740	10	4	5	6	12
116	741	10	4	6	8	7
116	742	10	4	7	8	3
116	743	10	4	8	7	6
116	744	10	4	9	11	3
116	745	10	4	11	3	6
116	746	10	4	12	2	7
116	747	10	5	2	12	9
116	748	10	5	3	11	6
116	749	10	5	4	12	7
116	750	10	5	6	9	4
116	751	10	5	7	11	9
116	752	10	5	8	2	6
116	753	10	5	9	7	3
116	754	10	5	11	12	2
116	755	10	5	12	4	3
116	756	10	6	2	9	8
116	757	10	6	3	7	5
116	758	10	6	4	9	7
116	759	10	6	5	8	2
116	760	10	6	7	12	9
116	761	10	6	8	2	7
116	762	10	6	9	4	11
116	763	10	6	11	9	12
116	764	10	6	12	2	5
116	765	10	7	2	4	3
116	766	10	7	3	9	2
116	767	10	7	4	2	8
116	768	10	7	5	2	3
116	769	10	7	6	2	5
116	770	10	7	8	12	6
116	771	10	7	9	11	4
116	772	10	7	11	9	5
116	773	10	7	12	2	4
116	774	10	8	2	7	4
116	775	10	8	3	7	9
116	776	10	8	4	6	2
116	777	10	8	5	9	11
116	778	10	8	6	3	9
116	779	10	8	7	2	11
116	780	10	8	9	12	3
116	781	10	8	11	6	5
116	782	10	8	12	4	3
116	783	10	9	2	12	6
116	784	10	9	3	11	2
116	785	10	9	4	5	11
116	786	10	9	5	6	7
116	787	10	9	6	4	8
116	788	10	9	7	8	4
116	789	10	9	8	5	4
116	790	10	9	11	12	6
116	791	10	9	12	2	8
116	792	10	11	2	8	9
116	793	10	11	3	4	12
116	794	10	11	4	5	7
116	795	10	11	5	7	6
116	796	10	11	6	9	3
116	797	10	11	7	3	4
116	798	10	11	8	12	3
116	799	10	11	9	3	4
116	800	10	11	12	9	3
116	801	10	12	2	8	5
116	802	10	12	3	11	9
116	803	10	12	4	2	5
116	804	10	12	5	4	2
116	805	10	12	6	7	3
116	806	10	12	7	4	11
116	807	10	12	8	11	9
116	808	10	12	9	4	2
116	809	10	12	11	2	3
116	810	11	2	3	5	6
116	811	11	2	4	8	7
116	812	11	2	5	6	10
116	813	11	2	6	5	9
116	814	11	2	7	10	9
116	815	11	2	8	4	9
116	816	11	2	9	3	5
116	817	11	2	10	12	6
116	818	11	2	12	7	8
116	819	11	3	2	4	6
116	820	11	3	4	8	6
116	821	11	3	5	9	7
116	822	11	3	6	12	10
116	823	11	3	7	2	5
116	824	11	3	8	10	4
116	825	11	3	9	4	12
116	826	11	3	10	12	8
116	827	11	3	12	5	10
116	828	11	4	2	10	9
116	829	11	4	3	9	7
116	830	11	4	5	2	3
116	831	11	4	6	3	2
116	832	11	4	7	9	12
116	833	11	4	8	9	5
116	834	11	4	9	8	6
116	835	11	4	10	2	7
116	836	11	4	12	10	2
116	837	11	5	2	8	10
116	838	11	5	3	2	8
116	839	11	5	4	12	7
116	840	11	5	6	7	2
116	841	11	5	7	12	2
116	842	11	5	8	3	7
116	843	11	5	9	3	12
116	844	11	5	10	12	9
116	845	11	5	12	3	9
116	846	11	6	2	8	3
116	847	11	6	3	2	5
116	848	11	6	4	5	12
116	849	11	6	5	12	9
116	850	11	6	7	9	2
116	851	11	6	8	10	5
116	852	11	6	9	8	4
116	853	11	6	10	5	9
116	854	11	6	12	5	8
116	855	11	7	2	10	12
116	856	11	7	3	5	4
116	857	11	7	4	5	9
116	858	11	7	5	2	6
116	859	11	7	6	8	12
116	860	11	7	8	9	6
116	861	11	7	9	5	3
116	862	11	7	10	3	9
116	863	11	7	12	5	3
116	864	11	8	2	6	3
116	865	11	8	3	2	12
116	866	11	8	4	6	10
116	867	11	8	5	2	6
116	868	11	8	6	2	3
116	869	11	8	7	4	12
116	870	11	8	9	12	6
116	871	11	8	10	3	9
116	872	11	8	12	2	6
116	873	11	9	2	6	4
116	874	11	9	3	2	7
116	875	11	9	4	3	7
116	876	11	9	5	8	10
116	877	11	9	6	12	4
116	878	11	9	7	5	12
116	879	11	9	8	3	2
116	880	11	9	10	8	7
116	881	11	9	12	6	8
116	882	11	10	2	6	9
116	883	11	10	3	2	6
116	884	11	10	4	6	7
116	885	11	10	5	2	9
116	886	11	10	6	7	4
116	887	11	10	7	4	12
116	888	11	10	8	5	12
116	889	11	10	9	12	2
116	890	11	10	12	8	6
116	891	11	12	2	3	10
116	892	11	12	3	6	5
116	893	11	12	4	2	3
116	894	11	12	5	6	4
116	895	11	12	6	8	9
116	896	11	12	7	4	3
116	897	11	12	8	2	9
116	898	11	12	9	4	2
116	899	11	12	10	7	3
116	900	12	2	3	10	5
116	901	12	2	4	5	8
116	902	12	2	5	9	4
116	903	12	2	6	10	9
116	904	12	2	7	8	3
116	905	12	2	8	3	4
116	906	12	2	9	4	8
116	907	12	2	10	3	9
116	908	12	2	11	10	9
116	909	12	3	2	4	6
116	910	12	3	4	7	2
116	911	12	3	5	9	7
116	912	12	3	6	7	5
116	913	12	3	7	6	5
116	914	12	3	8	6	9
116	915	12	3	9	8	10
116	916	12	3	10	9	11
116	917	12	3	11	10	5
116	918	12	4	2	6	9
116	919	12	4	3	8	7
116	920	12	4	5	2	8
116	921	12	4	6	2	3
116	922	12	4	7	5	2
116	923	12	4	8	7	6
116	924	12	4	9	5	11
116	925	12	4	10	5	9
116	926	12	4	11	9	7
116	927	12	5	2	9	10
116	928	12	5	3	4	2
116	929	12	5	4	2	6
116	930	12	5	6	4	3
116	931	12	5	7	9	6
116	932	12	5	8	7	2
116	933	12	5	9	6	2
116	934	12	5	10	6	4
116	935	12	5	11	7	4
116	936	12	6	2	9	3
116	937	12	6	3	10	2
116	938	12	6	4	10	9
116	939	12	6	5	3	9
116	940	12	6	7	9	4
116	941	12	6	8	5	10
116	942	12	6	9	10	8
116	943	12	6	10	5	11
116	944	12	6	11	8	3
116	945	12	7	2	9	11
116	946	12	7	3	4	10
116	947	12	7	4	10	11
116	948	12	7	5	8	6
116	949	12	7	6	10	4
116	950	12	7	8	2	6
116	951	12	7	9	8	5
116	952	12	7	10	2	4
116	953	12	7	11	3	8
116	954	12	8	2	9	4
116	955	12	8	3	11	4
116	956	12	8	4	7	10
116	957	12	8	5	9	7
116	958	12	8	6	9	11
116	959	12	8	7	6	5
116	960	12	8	9	3	6
116	961	12	8	10	4	11
116	962	12	8	11	4	6
116	963	12	9	2	10	6
116	964	12	9	3	5	7
116	965	12	9	4	11	2
116	966	12	9	5	4	3
116	967	12	9	6	10	11
116	968	12	9	7	5	8
116	969	12	9	8	6	5
116	970	12	9	10	5	6
116	971	12	9	11	5	8
116	972	12	10	2	3	8
116	973	12	10	3	7	11
116	974	12	10	4	8	6
116	975	12	10	5	8	3
116	976	12	10	6	8	7
116	977	12	10	7	11	4
116	978	12	10	8	5	3
116	979	12	10	9	7	5
116	980	12	10	11	7	4
116	981	12	11	2	7	3
116	982	12	11	3	10	5
116	983	12	11	4	10	9
116	984	12	11	5	7	8
116	985	12	11	6	7	9
116	986	12	11	7	5	3
116	987	12	11	8	10	5
116	988	12	11	9	5	10
116	989	12	11	10	2	5
120	0	2	3	4	8	7
120	1	2	3	5	4	12
120	2	2	3	6	5	7
120	3	2	3	7	12	10
120	4	2	3	8	10	9
120	5	2	3	9	8	12
120	6	2	3	10	12	5
120	7	2	3	11	5	7
120	8	2	3	12	4	7
120	9	2	4	3	11	6
120	10	2	4	5	12	9
120	11	2	4	6	7	5
120	12	2	4	7	10	9
120	13	2	4	8	3	6
120	14	2	4	9	5	10
120	15	2	4	10	5	11
120	16	2	4	11	12	5
120	17	2	4	12	8	5
120	18	2	5	3	10	8
120	19	2	5	4	3	11
120	20	2	5	6	12	9
120	21	2	5	7	12	10
120	22	2	5	8	9	10
120	23	2	5	9	12	10
120	24	2	5	10	6	4
120	25	2	5	11	7	9
120	26	2	5	12	4	9
120	27	2	6	3	8	4
120	28	2	6	4	10	8
120	29	2	6	5	10	9
120	30	2	6	7	3	5
120	31	2	6	8	9	11
120	32	2	6	9	11	10
120	33	2	6	10	12	9
120	34	2	6	11	12	4
120	35	2	6	12	8	7
120	36	2	7	3	9	12
120	37	2	7	4	11	6
120	38	2	7	5	4	12
120	39	2	7	6	8	12
120	40	2	7	8	3	10
120	41	2	7	9	12	8
120	42	2	7	10	5	3
120	43	2	7	11	5	6
120	44	2	7	12	5	3
120	45	2	8	3	9	4
120	46	2	8	4	7	6
120	47	2	8	5	11	4
120	48	2	8	6	3	10
120	49	2	8	7	10	6
120	50	2	8	9	5	3
120	51	2	8	10	6	3
120	52	2	8	11	9	4
120	53	2	8	12	7	11
120	54	2	9	3	4	8
120	55	2	9	4	11	12
120	56	2	9	5	11	7
120	57	2	9	6	7	10
120	58	2	9	7	8	3
120	59	2	9	8	3	7
120	60	2	9	10	8	6
120	61	2	9	11	3	7
120	62	2	9	12	3	6
120	63	2	10	3	7	8
120	64	2	10	4	8	7
120	65	2	10	5	9	3
120	66	2	10	6	12	7
120	67	2	10	7	6	12
120	68	2	10	8	3	5
120	69	2	10	9	7	6
120	70	2	10	11	5	7
120	71	2	10	12	9	8
120	72	2	11	3	10	6
120	73	2	11	4	10	3
120	74	2	11	5	4	3
120	75	2	11	6	9	3
120	76	2	11	7	12	6
120	77	2	11	8	4	10
120	78	2	11	9	3	8
120	79	2	11	10	7	4
120	80	2	11	12	6	7
120	81	2	12	3	6	9
120	82	2	12	4	10	9
120	83	2	12	5	8	4
120	84	2	12	6	8	9
120	85	2	12	7	3	9
120	86	2	12	8	6	5
120	87	2	12	9	6	5
120	88	2	12	10	4	5
120	89	2	12	11	3	4
120	90	3	2	4	8	12
120	91	3	2	5	11	7
120	92	3	2	6	11	12
120	93	3	2	7	12	11
120	94	3	2	8	10	9
120	95	3	2	9	4	12
120	96	3	2	10	8	12
120	97	3	2	11	4	10
120	98	3	2	12	7	11
120	99	3	4	2	5	11
120	100	3	4	5	6	11
120	101	3	4	6	5	8
120	102	3	4	7	6	9
120	103	3	4	8	10	2
120	104	3	4	9	2	10
120	105	3	4	10	5	9
120	106	3	4	11	8	12
120	107	3	4	12	7	5
120	108	3	5	2	10	12
120	109	3	5	4	8	6
120	110	3	5	6	8	4
120	111	3	5	7	8	2
120	112	3	5	8	7	4
120	113	3	5	9	7	10
120	114	3	5	10	12	2
120	115	3	5	11	2	10
120	116	3	5	12	9	6
120	117	3	6	2	5	10
120	118	3	6	4	8	5
120	119	3	6	5	7	10
120	120	3	6	7	10	5
120	121	3	6	8	12	4
120	122	3	6	9	2	12
120	123	3	6	10	4	5
120	124	3	6	11	8	2
120	125	3	6	12	7	8
120	126	3	7	2	6	8
120	127	3	7	4	8	2
120	128	3	7	5	8	2
120	129	3	7	6	5	9
120	130	3	7	8	2	9
120	131	3	7	9	4	5
120	132	3	7	10	5	6
120	133	3	7	11	9	8
120	134	3	7	12	2	9
120	135	3	8	2	4	9
120	136	3	8	4	2	7
120	137	3	8	5	6	2
120	138	3	8	6	5	7
120	139	3	8	7	9	6
120	140	3	8	9	6	11
120	141	3	8	10	2	12
120	142	3	8	11	6	5
120	143	3	8	12	11	2
120	144	3	9	2	7	6
120	145	3	9	4	6	10
120	146	3	9	5	4	6
120	147	3	9	6	4	7
120	148	3	9	7	6	10
120	149	3	9	8	5	4
120	150	3	9	10	7	2
120	151	3	9	11	8	2
120	152	3	9	12	2	6
120	153	3	10	2	4	11
120	154	3	10	4	5	9
120	155	3	10	5	2	6
120	156	3	10	6	2	4
120	157	3	10	7	6	4
120	158	3	10	8	5	4
120	159	3	10	9	11	12
120	160	3	10	11	4	6
120	161	3	10	12	2	11
120	162	3	11	2	7	6
120	163	3	11	4	5	12
120	164	3	11	5	2	4
120	165	3	11	6	9	2
120	166	3	11	7	10	12
120	167	3	11	8	10	6
120	168	3	11	9	6	5
120	169	3	11	10	5	7
120	170	3	11	12	10	5
120	171	3	12	2	6	5
120	172	3	12	4	7	8
120	173	3	12	5	2	11
120	174	3	12	6	9	4
120	175	3	12	7	8	5
120	176	3	12	8	7	5
120	177	3	12	9	4	11
120	178	3	12	10	2	7
120	179	3	12	11	9	7
120	180	4	2	3	7	8
120	181	4	2	5	8	3
120	182	4	2	6	9	7
120	183	4	2	7	10	6
120	184	4	2	8	7	3
120	185	4	2	9	12	5
120	186	4	2	10	8	5
120	187	4	2	11	8	6
120	188	4	2	12	11	7
120	189	4	3	2	5	12
120	190	4	3	5	12	9
120	191	4	3	6	5	11
120	192	4	3	7	8	2
120	193	4	3	8	9	10
120	194	4	3	9	12	8
120	195	4	3	10	9	7
120	196	4	3	11	6	2
120	197	4	3	12	10	6
120	198	4	5	2	3	12
120	199	4	5	3	2	10
120	200	4	5	6	11	12
120	201	4	5	7	6	10
120	202	4	5	8	7	11
120	203	4	5	9	12	11
120	204	4	5	10	3	6
120	205	4	5	11	8	2
120	206	4	5	12	9	8
120	207	4	6	2	8	3
120	208	4	6	3	2	10
120	209	4	6	5	9	2
120	210	4	6	7	12	2
120	211	4	6	8	10	5
120	212	4	6	9	2	5
120	213	4	6	10	8	5
120	214	4	6	11	2	8
120	215	4	6	12	10	11
120	216	4	7	2	5	9
120	217	4	7	3	11	9
120	218	4	7	5	2	8
120	219	4	7	6	12	3
120	220	4	7	8	6	11
120	221	4	7	9	11	12
120	222	4	7	10	6	2
120	223	4	7	11	8	12
120	224	4	7	12	8	6
120	225	4	8	2	3	5
120	226	4	8	3	6	5
120	227	4	8	5	2	6
120	228	4	8	6	10	11
120	229	4	8	7	3	2
120	230	4	8	9	5	12
120	231	4	8	10	12	6
120	232	4	8	11	3	5
120	233	4	8	12	7	3
120	234	4	9	2	5	11
120	235	4	9	3	2	8
120	236	4	9	5	10	2
120	237	4	9	6	10	12
120	238	4	9	7	5	2
120	239	4	9	8	5	3
120	240	4	9	10	12	6
120	241	4	9	11	7	10
120	242	4	9	12	8	11
120	243	4	10	2	7	9
120	244	4	10	3	6	11
120	245	4	10	5	3	6
120	246	4	10	6	2	3
120	247	4	10	7	8	6
120	248	4	10	8	5	9
120	249	4	10	9	11	6
120	250	4	10	11	7	2
120	251	4	10	12	5	6
120	252	4	11	2	12	7
120	253	4	11	3	12	5
120	254	4	11	5	3	9
120	255	4	11	6	3	2
120	256	4	11	7	2	12
120	257	4	11	8	5	3
120	258	4	11	9	7	6
120	259	4	11	10	3	7
120	260	4	11	12	3	10
120	261	4	12	2	3	5
120	262	4	12	3	7	2
120	263	4	12	5	11	2
120	264	4	12	6	3	11
120	265	4	12	7	8	9
120	266	4	12	8	3	7
120	267	4	12	9	5	3
120	268	4	12	10	6	7
120	269	4	12	11	10	8
120	270	5	2	3	10	6
120	271	5	2	4	7	10
120	272	5	2	6	7	11
120	273	5	2	7	9	6
120	274	5	2	8	10	9
120	275	5	2	9	6	11
120	276	5	2	10	8	4
120	277	5	2	11	8	9
120	278	5	2	12	4	8
120	279	5	3	2	11	8
120	280	5	3	4	6	8
120	281	5	3	6	2	7
120	282	5	3	7	4	9
120	283	5	3	8	12	4
120	284	5	3	9	4	7
120	285	5	3	10	2	11
120	286	5	3	11	12	9
120	287	5	3	12	2	10
120	288	5	4	2	7	11
120	289	5	4	3	9	2
120	290	5	4	6	7	8
120	291	5	4	7	12	3
120	292	5	4	8	7	9
120	293	5	4	9	11	7
120	294	5	4	10	3	11
120	295	5	4	11	8	2
120	296	5	4	12	9	10
120	297	5	6	2	7	4
120	298	5	6	3	9	10
120	299	5	6	4	2	8
120	300	5	6	7	10	4
120	301	5	6	8	10	12
120	302	5	6	9	7	11
120	303	5	6	10	12	2
120	304	5	6	11	4	3
120	305	5	6	12	10	8
120	306	5	7	2	8	11
120	307	5	7	3	8	11
120	308	5	7	4	12	3
120	309	5	7	6	8	11
120	310	5	7	8	11	12
120	311	5	7	9	11	12
120	312	5	7	10	8	9
120	313	5	7	11	2	4
120	314	5	7	12	11	6
120	315	5	8	2	7	6
120	316	5	8	3	12	9
120	317	5	8	4	2	10
120	318	5	8	6	4	2
120	319	5	8	7	2	6
120	320	5	8	9	2	4
120	321	5	8	10	4	9
120	322	5	8	11	10	2
120	323	5	8	12	2	6
120	324	5	9	2	4	6
120	325	5	9	3	4	11
120	326	5	9	4	6	8
120	327	5	9	6	4	11
120	328	5	9	7	4	6
120	329	5	9	8	12	10
120	330	5	9	10	3	12
120	331	5	9	11	10	8
120	332	5	9	12	8	3
120	333	5	10	2	3	7
120	334	5	10	3	8	9
120	335	5	10	4	11	12
120	336	5	10	6	4	2
120	337	5	10	7	4	9
120	338	5	10	8	4	2
120	339	5	10	9	12	11
120	340	5	10	11	9	12
120	341	5	10	12	7	4
120	342	5	11	2	7	6
120	343	5	11	3	8	6
120	344	5	11	4	10	6
120	345	5	11	6	12	4
120	346	5	11	7	6	9
120	347	5	11	8	9	12
120	348	5	11	9	2	12
120	349	5	11	10	3	12
120	350	5	11	12	3	8
120	351	5	12	2	4	6
120	352	5	12	3	2	7
120	353	5	12	4	9	3
120	354	5	12	6	10	8
120	355	5	12	7	2	10
120	356	5	12	8	6	3
120	357	5	12	9	8	2
120	358	5	12	10	9	2
120	359	5	12	11	7	6
120	360	6	2	3	4	10
120	361	6	2	4	3	9
120	362	6	2	5	9	4
120	363	6	2	7	5	11
120	364	6	2	8	3	12
120	365	6	2	9	7	4
120	366	6	2	10	8	9
120	367	6	2	11	12	9
120	368	6	2	12	4	8
120	369	6	3	2	7	10
120	370	6	3	4	8	12
120	371	6	3	5	10	8
120	372	6	3	7	2	12
120	373	6	3	8	4	5
120	374	6	3	9	4	8
120	375	6	3	10	8	7
120	376	6	3	11	10	12
120	377	6	3	12	2	11
120	378	6	4	2	11	5
120	379	6	4	3	7	8
120	380	6	4	5	12	2
120	381	6	4	7	9	5
120	382	6	4	8	7	9
120	383	6	4	9	2	10
120	384	6	4	10	8	12
120	385	6	4	11	2	9
120	386	6	4	12	9	10
120	387	6	5	2	10	8
120	388	6	5	3	9	12
120	389	6	5	4	8	10
120	390	6	5	7	12	9
120	391	6	5	8	9	12
120	392	6	5	9	2	3
120	393	6	5	10	9	8
120	394	6	5	11	3	8
120	395	6	5	12	7	8
120	396	6	7	2	3	4
120	397	6	7	3	8	11
120	398	6	7	4	11	9
120	399	6	7	5	11	2
120	400	6	7	8	11	9
120	401	6	7	9	11	10
120	402	6	7	10	4	11
120	403	6	7	11	2	10
120	404	6	7	12	10	4
120	405	6	8	2	12	11
120	406	6	8	3	4	12
120	407	6	8	4	5	10
120	408	6	8	5	10	2
120	409	6	8	7	12	2
120	410	6	8	9	12	4
120	411	6	8	10	12	9
120	412	6	8	11	3	9
120	413	6	8	12	2	4
120	414	6	9	2	8	10
120	415	6	9	3	4	2
120	416	6	9	4	10	3
120	417	6	9	5	3	8
120	418	6	9	7	4	11
120	419	6	9	8	3	10
120	420	6	9	10	2	11
120	421	6	9	11	8	12
120	422	6	9	12	3	2
120	423	6	10	2	7	8
120	424	6	10	3	9	4
120	425	6	10	4	12	9
120	426	6	10	5	12	3
120	427	6	10	7	2	3
120	428	6	10	8	11	5
120	429	6	10	9	3	8
120	430	6	10	11	4	3
120	431	6	10	12	5	4
120	432	6	11	2	3	8
120	433	6	11	3	7	8
120	434	6	11	4	5	2
120	435	6	11	5	12	10
120	436	6	11	7	2	10
120	437	6	11	8	5	7
120	438	6	11	9	2	12
120	439	6	11	10	7	9
120	440	6	11	12	4	2
120	441	6	12	2	4	11
120	442	6	12	3	9	5
120	443	6	12	4	2	5
120	444	6	12	5	7	8
120	445	6	12	7	3	4
120	446	6	12	8	10	3
120	447	6	12	9	10	8
120	448	6	12	10	7	9
120	449	6	12	11	9	7
120	450	7	2	3	10	4
120	451	7	2	4	5	9
120	452	7	2	5	11	8
120	453	7	2	6	11	8
120	454	7	2	8	6	10
120	455	7	2	9	6	11
120	456	7	2	10	5	3
120	457	7	2	11	3	4
120	458	7	2	12	5	9
120	459	7	3	2	9	12
120	460	7	3	4	9	5
120	461	7	3	5	6	12
120	462	7	3	6	12	8
120	463	7	3	8	12	5
120	464	7	3	9	6	2
120	465	7	3	10	9	4
120	466	7	3	11	4	12
120	467	7	3	12	9	5
120	468	7	4	2	12	11
120	469	7	4	3	6	12
120	470	7	4	5	2	6
120	471	7	4	6	11	2
120	472	7	4	8	11	10
120	473	7	4	9	11	2
120	474	7	4	10	2	8
120	475	7	4	11	12	6
120	476	7	4	12	5	6
120	477	7	5	2	12	10
120	478	7	5	3	2	10
120	479	7	5	4	10	2
120	480	7	5	6	8	4
120	481	7	5	8	12	9
120	482	7	5	9	4	2
120	483	7	5	10	6	3
120	484	7	5	11	9	12
120	485	7	5	12	9	2
120	486	7	6	2	11	5
120	487	7	6	3	11	5
120	488	7	6	4	12	10
120	489	7	6	5	12	8
120	490	7	6	8	9	12
120	491	7	6	9	10	4
120	492	7	6	10	4	5
120	493	7	6	11	9	2
120	494	7	6	12	3	4
120	495	7	8	2	9	12
120	496	7	8	3	11	4
120	497	7	8	4	9	3
120	498	7	8	5	12	11
120	499	7	8	6	10	12
120	500	7	8	9	4	6
120	501	7	8	10	2	3
120	502	7	8	11	9	10
120	503	7	8	12	9	2
120	504	7	9	2	12	11
120	505	7	9	3	12	5
120	506	7	9	4	10	5
120	507	7	9	5	11	6
120	508	7	9	6	10	4
120	509	7	9	8	3	10
120	510	7	9	10	11	5
120	511	7	9	11	2	6
120	512	7	9	12	10	2
120	513	7	10	2	5	12
120	514	7	10	3	5	11
120	515	7	10	4	9	11
120	516	7	10	5	9	12
120	517	7	10	6	12	4
120	518	7	10	8	6	2
120	519	7	10	9	6	2
120	520	7	10	11	8	9
120	521	7	10	12	8	2
120	522	7	11	2	10	4
120	523	7	11	3	8	4
120	524	7	11	4	8	6
120	525	7	11	5	12	8
120	526	7	11	6	12	9
120	527	7	11	8	10	12
120	528	7	11	9	4	3
120	529	7	11	10	2	12
120	530	7	11	12	4	8
120	531	7	12	2	10	4
120	532	7	12	3	11	5
120	533	7	12	4	6	11
120	534	7	12	5	8	4
120	535	7	12	6	10	4
120	536	7	12	8	6	9
120	537	7	12	9	5	2
120	538	7	12	10	8	6
120	539	7	12	11	3	10
120	540	8	2	3	5	12
120	541	8	2	4	12	5
120	542	8	2	5	9	6
120	543	8	2	6	4	9
120	544	8	2	7	6	12
120	545	8	2	9	6	10
120	546	8	2	10	3	12
120	547	8	2	11	7	6
120	548	8	2	12	6	3
120	549	8	3	2	10	4
120	550	8	3	4	6	11
120	551	8	3	5	6	7
120	552	8	3	6	4	12
120	553	8	3	7	4	2
120	554	8	3	9	10	7
120	555	8	3	10	6	4
120	556	8	3	11	7	5
120	557	8	3	12	5	10
120	558	8	4	2	12	10
120	559	8	4	3	12	9
120	560	8	4	5	9	6
120	561	8	4	6	12	2
120	562	8	4	7	11	5
120	563	8	4	9	11	10
120	564	8	4	10	11	3
120	565	8	4	11	2	12
120	566	8	4	12	3	10
120	567	8	5	2	4	6
120	568	8	5	3	7	6
120	569	8	5	4	10	2
120	570	8	5	6	11	9
120	571	8	5	7	4	2
120	572	8	5	9	10	3
120	573	8	5	10	2	11
120	574	8	5	11	7	4
120	575	8	5	12	9	4
120	576	8	6	2	12	4
120	577	8	6	3	9	11
120	578	8	6	4	3	12
120	579	8	6	5	3	9
120	580	8	6	7	10	12
120	581	8	6	9	11	12
120	582	8	6	10	7	11
120	583	8	6	11	9	10
120	584	8	6	12	11	10
120	585	8	7	2	4	10
120	586	8	7	3	11	4
120	587	8	7	4	11	6
120	588	8	7	5	4	11
120	589	8	7	6	11	9
120	590	8	7	9	10	5
120	591	8	7	10	3	11
120	592	8	7	11	2	10
120	593	8	7	12	2	10
120	594	8	9	2	4	7
120	595	8	9	3	4	5
120	596	8	9	4	2	11
120	597	8	9	5	10	2
120	598	8	9	6	7	3
120	599	8	9	7	12	3
120	600	8	9	10	6	7
120	601	8	9	11	12	5
120	602	8	9	12	5	4
120	603	8	10	2	4	3
120	604	8	10	3	9	6
120	605	8	10	4	5	7
120	606	8	10	5	6	12
120	607	8	10	6	2	4
120	608	8	10	7	4	12
120	609	8	10	9	2	6
120	610	8	10	11	6	3
120	611	8	10	12	4	3
120	612	8	11	2	4	6
120	613	8	11	3	9	4
120	614	8	11	4	9	12
120	615	8	11	5	10	2
120	616	8	11	6	7	10
120	617	8	11	7	4	10
120	618	8	11	9	3	6
120	619	8	11	10	9	3
120	620	8	11	12	4	3
120	621	8	12	2	4	7
120	622	8	12	3	10	4
120	623	8	12	4	6	10
120	624	8	12	5	2	9
120	625	8	12	6	10	11
120	626	8	12	7	2	9
120	627	8	12	9	2	6
120	628	8	12	10	4	3
120	629	8	12	11	9	2
120	630	9	2	3	4	5
120	631	9	2	4	10	3
120	632	9	2	5	8	12
120	633	9	2	6	5	3
120	634	9	2	7	6	12
120	635	9	2	8	6	10
120	636	9	2	10	4	8
120	637	9	2	11	4	6
120	638	9	2	12	11	6
120	639	9	3	2	4	12
120	640	9	3	4	6	10
120	641	9	3	5	7	12
120	642	9	3	6	10	7
120	643	9	3	7	2	11
120	644	9	3	8	7	2
120	645	9	3	10	11	12
120	646	9	3	11	2	5
120	647	9	3	12	8	6
120	648	9	4	2	10	5
120	649	9	4	3	12	8
120	650	9	4	5	10	7
120	651	9	4	6	11	12
120	652	9	4	7	5	3
120	653	9	4	8	2	6
120	654	9	4	10	8	7
120	655	9	4	11	7	6
120	656	9	4	12	10	3
120	657	9	5	2	6	11
120	658	9	5	3	7	12
120	659	9	5	4	12	3
120	660	9	5	6	12	10
120	661	9	5	7	8	11
120	662	9	5	8	10	2
120	663	9	5	10	2	7
120	664	9	5	11	3	2
120	665	9	5	12	8	2
120	666	9	6	2	10	11
120	667	9	6	3	7	4
120	668	9	6	4	5	3
120	669	9	6	5	11	7
120	670	9	6	7	10	12
120	671	9	6	8	12	4
120	672	9	6	10	4	12
120	673	9	6	11	10	4
120	674	9	6	12	11	7
120	675	9	7	2	5	8
120	676	9	7	3	11	8
120	677	9	7	4	10	3
120	678	9	7	5	8	3
120	679	9	7	6	12	5
120	680	9	7	8	6	2
120	681	9	7	10	12	11
120	682	9	7	11	12	6
120	683	9	7	12	8	5
120	684	9	8	2	4	3
120	685	9	8	3	6	2
120	686	9	8	4	11	7
120	687	9	8	5	10	11
120	688	9	8	6	12	5
120	689	9	8	7	2	12
120	690	9	8	10	5	11
120	691	9	8	11	12	7
120	692	9	8	12	6	3
120	693	9	10	2	4	7
120	694	9	10	3	8	2
120	695	9	10	4	7	8
120	696	9	10	5	7	4
120	697	9	10	6	3	8
120	698	9	10	7	5	4
120	699	9	10	8	11	6
120	700	9	10	11	8	5
120	701	9	10	12	8	4
120	702	9	11	2	3	7
120	703	9	11	3	6	4
120	704	9	11	4	7	5
120	705	9	11	5	12	8
120	706	9	11	6	8	2
120	707	9	11	7	4	10
120	708	9	11	8	3	2
120	709	9	11	10	5	7
120	710	9	11	12	5	3
120	711	9	12	2	3	5
120	712	9	12	3	5	8
120	713	9	12	4	11	7
120	714	9	12	5	11	10
120	715	9	12	6	11	2
120	716	9	12	7	5	3
120	717	9	12	8	7	11
120	718	9	12	10	7	3
120	719	9	12	11	10	8
120	720	10	2	3	5	12
120	721	10	2	4	11	7
120	722	10	2	5	9	12
120	723	10	2	6	8	11
120	724	10	2	7	4	3
120	725	10	2	8	3	9
120	726	10	2	9	6	7
120	727	10	2	11	7	3
120	728	10	2	12	3	9
120	729	10	3	2	9	6
120	730	10	3	4	9	8
120	731	10	3	5	7	6
120	732	10	3	6	5	2
120	733	10	3	7	11	6
120	734	10	3	8	4	2
120	735	10	3	9	8	12
120	736	10	3	11	6	8
120	737	10	3	12	7	11
120	738	10	4	2	6	7
120	739	10	4	3	12	7
120	740	10	4	5	12	11
120	741	10	4	6	5	3
120	742	10	4	7	3	11
120	743	10	4	8	12	6
120	744	10	4	9	6	2
120	745	10	4	11	5	12
120	746	10	4	12	5	8
120	747	10	5	2	4	8
120	748	10	5	3	6	9
120	749	10	5	4	7	2
120	750	10	5	6	9	4
120	751	10	5	7	9	3
120	752	10	5	8	9	6
120	753	10	5	9	8	7
120	754	10	5	11	3	8
120	755	10	5	12	11	4
120	756	10	6	2	7	11
120	757	10	6	3	2	12
120	758	10	6	4	5	11
120	759	10	6	5	2	7
120	760	10	6	7	12	9
120	761	10	6	8	2	4
120	762	10	6	9	7	12
120	763	10	6	11	4	5
120	764	10	6	12	9	3
120	765	10	7	2	11	6
120	766	10	7	3	5	8
120	767	10	7	4	3	8
120	768	10	7	5	4	12
120	769	10	7	6	11	8
120	770	10	7	8	4	9
120	771	10	7	9	4	12
120	772	10	7	11	9	6
120	773	10	7	12	8	2
120	774	10	8	2	3	5
120	775	10	8	3	6	2
120	776	10	8	4	2	3
120	777	10	8	5	7	3
120	778	10	8	6	11	9
120	779	10	8	7	9	4
120	780	10	8	9	6	12
120	781	10	8	11	12	7
120	782	10	8	12	11	2
120	783	10	9	2	8	12
120	784	10	9	3	12	7
120	785	10	9	4	7	11
120	786	10	9	5	7	2
120	787	10	9	6	3	11
120	788	10	9	7	5	11
120	789	10	9	8	11	4
120	790	10	9	11	6	7
120	791	10	9	12	2	5
120	792	10	11	2	12	6
120	793	10	11	3	8	9
120	794	10	11	4	2	9
120	795	10	11	5	8	6
120	796	10	11	6	5	8
120	797	10	11	7	2	8
120	798	10	11	8	9	6
120	799	10	11	9	6	3
120	800	10	11	12	8	5
120	801	10	12	2	5	8
120	802	10	12	3	6	9
120	803	10	12	4	3	2
120	804	10	12	5	9	4
120	805	10	12	6	9	3
120	806	10	12	7	5	6
120	807	10	12	8	7	6
120	808	10	12	9	7	5
120	809	10	12	11	3	7
120	810	11	2	3	4	7
120	811	11	2	4	9	7
120	812	11	2	5	10	6
120	813	11	2	6	10	5
120	814	11	2	7	12	6
120	815	11	2	8	7	9
120	816	11	2	9	5	4
120	817	11	2	10	4	9
120	818	11	2	12	3	5
120	819	11	3	2	12	10
120	820	11	3	4	2	9
120	821	11	3	5	9	8
120	822	11	3	6	12	10
120	823	11	3	7	9	12
120	824	11	3	8	4	10
120	825	11	3	9	5	8
120	826	11	3	10	7	8
120	827	11	3	12	6	9
120	828	11	4	2	9	3
120	829	11	4	3	2	9
120	830	11	4	5	2	6
120	831	11	4	6	8	2
120	832	11	4	7	9	3
120	833	11	4	8	12	5
120	834	11	4	9	12	7
120	835	11	4	10	9	5
120	836	11	4	12	9	8
120	837	11	5	2	6	8
120	838	11	5	3	7	10
120	839	11	5	4	10	9
120	840	11	5	6	7	3
120	841	11	5	7	12	10
120	842	11	5	8	10	12
120	843	11	5	9	2	3
120	844	11	5	10	4	2
120	845	11	5	12	7	2
120	846	11	6	2	12	3
120	847	11	6	3	8	4
120	848	11	6	4	2	8
120	849	11	6	5	4	9
120	850	11	6	7	5	3
120	851	11	6	8	4	3
120	852	11	6	9	8	5
120	853	11	6	10	5	3
120	854	11	6	12	2	5
120	855	11	7	2	12	9
120	856	11	7	3	8	12
120	857	11	7	4	3	8
120	858	11	7	5	4	10
120	859	11	7	6	5	12
120	860	11	7	8	2	9
120	861	11	7	9	4	3
120	862	11	7	10	9	4
120	863	11	7	12	6	3
120	864	11	8	2	5	9
120	865	11	8	3	10	2
120	866	11	8	4	6	10
120	867	11	8	5	6	2
120	868	11	8	6	12	10
120	869	11	8	7	9	10
120	870	11	8	9	7	12
120	871	11	8	10	9	12
120	872	11	8	12	5	9
120	873	11	9	2	10	7
120	874	11	9	3	8	6
120	875	11	9	4	3	10
120	876	11	9	5	7	8
120	877	11	9	6	7	5
120	878	11	9	7	3	5
120	879	11	9	8	3	4
120	880	11	9	10	7	4
120	881	11	9	12	5	4
120	882	11	10	2	4	8
120	883	11	10	3	12	7
120	884	11	10	4	5	8
120	885	11	10	5	3	4
120	886	11	10	6	4	5
120	887	11	10	7	4	8
120	888	11	10	8	5	12
120	889	11	10	9	2	5
120	890	11	10	12	6	3
120	891	11	12	2	3	8
120	892	11	12	3	10	4
120	893	11	12	4	3	10
120	894	11	12	5	10	8
120	895	11	12	6	10	3
120	896	11	12	7	4	2
120	897	11	12	8	7	2
120	898	11	12	9	2	10
120	899	11	12	10	4	7
120	900	12	2	3	9	6
120	901	12	2	4	6	11
120	902	12	2	5	8	3
120	903	12	2	6	9	3
120	904	12	2	7	6	11
120	905	12	2	8	5	3
120	906	12	2	9	10	8
120	907	12	2	10	8	9
120	908	12	2	11	5	6
120	909	12	3	2	7	8
120	910	12	3	4	11	10
120	911	12	3	5	4	10
120	912	12	3	6	11	8
120	913	12	3	7	9	10
120	914	12	3	8	2	11
120	915	12	3	9	6	5
120	916	12	3	10	2	8
120	917	12	3	11	7	4
120	918	12	4	2	6	7
120	919	12	4	3	5	6
120	920	12	4	5	11	8
120	921	12	4	6	11	9
120	922	12	4	7	3	5
120	923	12	4	8	9	2
120	924	12	4	9	6	8
120	925	12	4	10	2	8
120	926	12	4	11	2	9
120	927	12	5	2	9	11
120	928	12	5	3	2	8
120	929	12	5	4	9	10
120	930	12	5	6	11	3
120	931	12	5	7	9	10
120	932	12	5	8	2	7
120	933	12	5	9	8	10
120	934	12	5	10	3	6
120	935	12	5	11	9	10
120	936	12	6	2	5	8
120	937	12	6	3	9	10
120	938	12	6	4	2	3
120	939	12	6	5	3	11
120	940	12	6	7	3	9
120	941	12	6	8	4	11
120	942	12	6	9	5	2
120	943	12	6	10	11	3
120	944	12	6	11	8	9
120	945	12	7	2	8	10
120	946	12	7	3	9	6
120	947	12	7	4	10	9
120	948	12	7	5	10	8
120	949	12	7	6	11	8
120	950	12	7	8	5	9
120	951	12	7	9	10	2
120	952	12	7	10	3	4
120	953	12	7	11	8	9
120	954	12	8	2	6	9
120	955	12	8	3	11	5
120	956	12	8	4	7	11
120	957	12	8	5	10	11
120	958	12	8	6	3	9
120	959	12	8	7	4	6
120	960	12	8	9	11	6
120	961	12	8	10	3	9
120	962	12	8	11	9	6
120	963	12	9	2	8	5
120	964	12	9	3	6	2
120	965	12	9	4	5	6
120	966	12	9	5	11	6
120	967	12	9	6	4	8
120	968	12	9	7	6	4
120	969	12	9	8	4	5
120	970	12	9	10	2	4
120	971	12	9	11	3	10
120	972	12	10	2	8	6
120	973	12	10	3	11	4
120	974	12	10	4	6	3
120	975	12	10	5	2	4
120	976	12	10	6	7	9
120	977	12	10	7	6	9
120	978	12	10	8	3	2
120	979	12	10	9	2	6
120	980	12	10	11	3	9
120	981	12	11	2	8	6
120	982	12	11	3	8	7
120	983	12	11	4	2	3
120	984	12	11	5	2	8
120	985	12	11	6	3	5
120	986	12	11	7	2	10
120	987	12	11	8	10	4
120	988	12	11	9	5	10
120	989	12	11	10	9	3
123	0	2	3	4	8	9
123	1	2	3	5	12	4
123	2	2	3	6	10	8
123	3	2	3	7	12	6
123	4	2	3	8	6	9
123	5	2	3	9	5	6
123	6	2	3	10	8	9
123	7	2	3	11	5	6
123	8	2	3	12	10	7
123	9	2	4	3	8	6
123	10	2	4	5	7	10
123	11	2	4	6	10	5
123	12	2	4	7	3	9
123	13	2	4	8	10	11
123	14	2	4	9	10	3
123	15	2	4	10	11	12
123	16	2	4	11	12	10
123	17	2	4	12	7	11
123	18	2	5	3	6	8
123	19	2	5	4	3	12
123	20	2	5	6	12	7
123	21	2	5	7	10	8
123	22	2	5	8	11	10
123	23	2	5	9	4	11
123	24	2	5	10	9	7
123	25	2	5	11	9	7
123	26	2	5	12	11	4
123	27	2	6	3	8	9
123	28	2	6	4	12	3
123	29	2	6	5	7	12
123	30	2	6	7	5	4
123	31	2	6	8	5	4
123	32	2	6	9	8	12
123	33	2	6	10	3	11
123	34	2	6	11	4	10
123	35	2	6	12	11	10
123	36	2	7	3	4	5
123	37	2	7	4	5	12
123	38	2	7	5	9	11
123	39	2	7	6	11	8
123	40	2	7	8	4	5
123	41	2	7	9	5	8
123	42	2	7	10	3	9
123	43	2	7	11	8	10
123	44	2	7	12	6	8
123	45	2	8	3	12	6
123	46	2	8	4	11	6
123	47	2	8	5	7	12
123	48	2	8	6	5	9
123	49	2	8	7	12	9
123	50	2	8	9	6	10
123	51	2	8	10	7	12
123	52	2	8	11	4	10
123	53	2	8	12	5	4
123	54	2	9	3	4	8
123	55	2	9	4	12	8
123	56	2	9	5	11	7
123	57	2	9	6	4	7
123	58	2	9	7	3	12
123	59	2	9	8	4	3
123	60	2	9	10	8	7
123	61	2	9	11	4	10
123	62	2	9	12	5	4
123	63	2	10	3	7	4
123	64	2	10	4	7	8
123	65	2	10	5	8	12
123	66	2	10	6	3	9
123	67	2	10	7	11	6
123	68	2	10	8	9	12
123	69	2	10	9	4	11
123	70	2	10	11	6	7
123	71	2	10	12	9	4
123	72	2	11	3	7	4
123	73	2	11	4	8	9
123	74	2	11	5	6	9
123	75	2	11	6	4	7
123	76	2	11	7	6	8
123	77	2	11	8	7	10
123	78	2	11	9	3	6
123	79	2	11	10	6	9
123	80	2	11	12	6	10
123	81	2	12	3	8	11
123	82	2	12	4	9	6
123	83	2	12	5	10	3
123	84	2	12	6	5	7
123	85	2	12	7	8	6
123	86	2	12	8	9	4
123	87	2	12	9	10	4
123	88	2	12	10	7	6
123	89	2	12	11	10	3
123	90	3	2	4	9	8
123	91	3	2	5	10	8
123	92	3	2	6	10	4
123	93	3	2	7	5	12
123	94	3	2	8	4	6
123	95	3	2	9	6	11
123	96	3	2	10	7	4
123	97	3	2	11	5	9
123	98	3	2	12	7	4
123	99	3	4	2	9	5
123	100	3	4	5	11	8
123	101	3	4	6	2	7
123	102	3	4	7	2	6
123	103	3	4	8	6	2
123	104	3	4	9	8	10
123	105	3	4	10	6	12
123	106	3	4	11	7	6
123	107	3	4	12	7	2
123	108	3	5	2	6	9
123	109	3	5	4	9	6
123	110	3	5	6	7	8
123	111	3	5	7	6	2
123	112	3	5	8	9	6
123	113	3	5	9	6	2
123	114	3	5	10	11	9
123	115	3	5	11	12	7
123	116	3	5	12	11	2
123	117	3	6	2	9	10
123	118	3	6	4	8	7
123	119	3	6	5	10	7
123	120	3	6	7	5	8
123	121	3	6	8	11	9
123	122	3	6	9	5	10
123	123	3	6	10	2	12
123	124	3	6	11	5	12
123	125	3	6	12	5	11
123	126	3	7	2	10	5
123	127	3	7	4	5	6
123	128	3	7	5	8	10
123	129	3	7	6	11	9
123	130	3	7	8	9	5
123	131	3	7	9	12	10
123	132	3	7	10	9	8
123	133	3	7	11	9	8
123	134	3	7	12	6	11
123	135	3	8	2	7	9
123	136	3	8	4	5	12
123	137	3	8	5	9	7
123	138	3	8	6	12	9
123	139	3	8	7	10	5
123	140	3	8	9	10	5
123	141	3	8	10	4	12
123	142	3	8	11	4	10
123	143	3	8	12	2	6
123	144	3	9	2	7	6
123	145	3	9	4	7	2
123	146	3	9	5	11	7
123	147	3	9	6	4	2
123	148	3	9	7	12	11
123	149	3	9	8	4	11
123	150	3	9	10	11	5
123	151	3	9	11	7	5
123	152	3	9	12	5	2
123	153	3	10	2	12	6
123	154	3	10	4	9	8
123	155	3	10	5	6	11
123	156	3	10	6	9	12
123	157	3	10	7	6	2
123	158	3	10	8	6	12
123	159	3	10	9	6	5
123	160	3	10	11	5	12
123	161	3	10	12	9	4
123	162	3	11	2	9	12
123	163	3	11	4	5	9
123	164	3	11	5	10	7
123	165	3	11	6	2	5
123	166	3	11	7	9	5
123	167	3	11	8	6	7
123	168	3	11	9	6	5
123	169	3	11	10	9	8
123	170	3	11	12	2	6
123	171	3	12	2	6	11
123	172	3	12	4	9	10
123	173	3	12	5	4	8
123	174	3	12	6	9	11
123	175	3	12	7	2	6
123	176	3	12	8	11	9
123	177	3	12	9	4	11
123	178	3	12	10	7	5
123	179	3	12	11	9	7
123	180	4	2	3	12	6
123	181	4	2	5	10	9
123	182	4	2	6	12	3
123	183	4	2	7	12	9
123	184	4	2	8	11	5
123	185	4	2	9	11	5
123	186	4	2	10	6	7
123	187	4	2	11	9	10
123	188	4	2	12	11	9
123	189	4	3	2	11	10
123	190	4	3	5	7	2
123	191	4	3	6	12	7
123	192	4	3	7	10	9
123	193	4	3	8	11	12
123	194	4	3	9	11	5
123	195	4	3	10	12	8
123	196	4	3	11	6	7
123	197	4	3	12	5	11
123	198	4	5	2	10	3
123	199	4	5	3	7	10
123	200	4	5	6	7	11
123	201	4	5	7	2	9
123	202	4	5	8	9	10
123	203	4	5	9	2	7
123	204	4	5	10	8	9
123	205	4	5	11	7	8
123	206	4	5	12	9	7
123	207	4	6	2	10	3
123	208	4	6	3	9	8
123	209	4	6	5	7	12
123	210	4	6	7	2	9
123	211	4	6	8	10	7
123	212	4	6	9	12	7
123	213	4	6	10	9	7
123	214	4	6	11	9	5
123	215	4	6	12	8	2
123	216	4	7	2	11	9
123	217	4	7	3	11	12
123	218	4	7	5	9	3
123	219	4	7	6	2	12
123	220	4	7	8	5	9
123	221	4	7	9	11	8
123	222	4	7	10	5	6
123	223	4	7	11	10	8
123	224	4	7	12	8	5
123	225	4	8	2	5	10
123	226	4	8	3	5	12
123	227	4	8	5	11	10
123	228	4	8	6	12	11
123	229	4	8	7	2	3
123	230	4	8	9	3	7
123	231	4	8	10	2	9
123	232	4	8	11	9	7
123	233	4	8	12	7	3
123	234	4	9	2	10	7
123	235	4	9	3	6	2
123	236	4	9	5	3	12
123	237	4	9	6	8	10
123	238	4	9	7	8	10
123	239	4	9	8	10	7
123	240	4	9	10	11	8
123	241	4	9	11	2	3
123	242	4	9	12	5	7
123	243	4	10	2	5	11
123	244	4	10	3	8	6
123	245	4	10	5	7	3
123	246	4	10	6	9	11
123	247	4	10	7	3	6
123	248	4	10	8	5	3
123	249	4	10	9	3	5
123	250	4	10	11	9	7
123	251	4	10	12	7	3
123	252	4	11	2	3	7
123	253	4	11	3	5	8
123	254	4	11	5	12	3
123	255	4	11	6	7	12
123	256	4	11	7	2	8
123	257	4	11	8	3	6
123	258	4	11	9	3	12
123	259	4	11	10	9	2
123	260	4	11	12	8	9
123	261	4	12	2	8	7
123	262	4	12	3	6	8
123	263	4	12	5	3	8
123	264	4	12	6	2	7
123	265	4	12	7	11	2
123	266	4	12	8	7	9
123	267	4	12	9	6	10
123	268	4	12	10	11	2
123	269	4	12	11	9	3
123	270	5	2	3	7	12
123	271	5	2	4	3	6
123	272	5	2	6	4	3
123	273	5	2	7	9	11
123	274	5	2	8	7	11
123	275	5	2	9	8	12
123	276	5	2	10	3	4
123	277	5	2	11	9	3
123	278	5	2	12	7	6
123	279	5	3	2	6	11
123	280	5	3	4	9	12
123	281	5	3	6	8	7
123	282	5	3	7	6	8
123	283	5	3	8	9	2
123	284	5	3	9	6	4
123	285	5	3	10	12	8
123	286	5	3	11	4	2
123	287	5	3	12	4	11
123	288	5	4	2	3	10
123	289	5	4	3	7	8
123	290	5	4	6	10	3
123	291	5	4	7	10	8
123	292	5	4	8	11	3
123	293	5	4	9	7	12
123	294	5	4	10	7	9
123	295	5	4	11	3	9
123	296	5	4	12	8	11
123	297	5	6	2	3	10
123	298	5	6	3	2	7
123	299	5	6	4	10	8
123	300	5	6	7	11	3
123	301	5	6	8	2	4
123	302	5	6	9	10	7
123	303	5	6	10	9	8
123	304	5	6	11	8	7
123	305	5	6	12	8	11
123	306	5	7	2	6	3
123	307	5	7	3	9	12
123	308	5	7	4	3	8
123	309	5	7	6	9	3
123	310	5	7	8	11	6
123	311	5	7	9	11	3
123	312	5	7	10	2	8
123	313	5	7	11	2	9
123	314	5	7	12	8	2
123	315	5	8	2	6	10
123	316	5	8	3	4	6
123	317	5	8	4	6	2
123	318	5	8	6	3	4
123	319	5	8	7	12	11
123	320	5	8	9	4	2
123	321	5	8	10	9	12
123	322	5	8	11	9	7
123	323	5	8	12	2	10
123	324	5	9	2	4	8
123	325	5	9	3	8	12
123	326	5	9	4	12	6
123	327	5	9	6	8	3
123	328	5	9	7	12	10
123	329	5	9	8	10	4
123	330	5	9	10	3	12
123	331	5	9	11	6	10
123	332	5	9	12	11	4
123	333	5	10	2	12	4
123	334	5	10	3	2	12
123	335	5	10	4	9	11
123	336	5	10	6	2	7
123	337	5	10	7	3	8
123	338	5	10	8	2	12
123	339	5	10	9	6	11
123	340	5	10	11	7	3
123	341	5	10	12	6	2
123	342	5	11	2	4	12
123	343	5	11	3	7	9
123	344	5	11	4	12	8
123	345	5	11	6	3	7
123	346	5	11	7	6	12
123	347	5	11	8	6	2
123	348	5	11	9	8	12
123	349	5	11	10	2	12
123	350	5	11	12	2	7
123	351	5	12	2	9	4
123	352	5	12	3	8	9
123	353	5	12	4	6	7
123	354	5	12	6	9	8
123	355	5	12	7	9	10
123	356	5	12	8	11	3
123	357	5	12	9	8	11
123	358	5	12	10	3	4
123	359	5	12	11	8	2
123	360	6	2	3	12	5
123	361	6	2	4	9	8
123	362	6	2	5	7	4
123	363	6	2	7	4	8
123	364	6	2	8	9	12
123	365	6	2	9	5	4
123	366	6	2	10	4	8
123	367	6	2	11	5	12
123	368	6	2	12	9	8
123	369	6	3	2	8	7
123	370	6	3	4	11	5
123	371	6	3	5	12	4
123	372	6	3	7	8	5
123	373	6	3	8	2	5
123	374	6	3	9	5	4
123	375	6	3	10	12	11
123	376	6	3	11	5	9
123	377	6	3	12	4	10
123	378	6	4	2	5	7
123	379	6	4	3	12	10
123	380	6	4	5	10	2
123	381	6	4	7	8	3
123	382	6	4	8	7	5
123	383	6	4	9	11	7
123	384	6	4	10	11	12
123	385	6	4	11	9	8
123	386	6	4	12	7	9
123	387	6	5	2	7	9
123	388	6	5	3	9	12
123	389	6	5	4	11	10
123	390	6	5	7	11	8
123	391	6	5	8	9	10
123	392	6	5	9	12	7
123	393	6	5	10	7	9
123	394	6	5	11	9	7
123	395	6	5	12	9	10
123	396	6	7	2	8	12
123	397	6	7	3	9	12
123	398	6	7	4	2	12
123	399	6	7	5	3	9
123	400	6	7	8	5	2
123	401	6	7	9	3	10
123	402	6	7	10	4	11
123	403	6	7	11	5	4
123	404	6	7	12	10	5
123	405	6	8	2	5	10
123	406	6	8	3	7	5
123	407	6	8	4	12	7
123	408	6	8	5	11	9
123	409	6	8	7	12	9
123	410	6	8	9	7	4
123	411	6	8	10	12	4
123	412	6	8	11	5	2
123	413	6	8	12	10	11
123	414	6	9	2	4	12
123	415	6	9	3	4	2
123	416	6	9	4	12	8
123	417	6	9	5	7	10
123	418	6	9	7	8	2
123	419	6	9	8	2	4
123	420	6	9	10	2	4
123	421	6	9	11	5	12
123	422	6	9	12	2	10
123	423	6	10	2	9	11
123	424	6	10	3	4	12
123	425	6	10	4	9	11
123	426	6	10	5	8	3
123	427	6	10	7	2	4
123	428	6	10	8	9	3
123	429	6	10	9	2	4
123	430	6	10	11	4	3
123	431	6	10	12	11	4
123	432	6	11	2	4	12
123	433	6	11	3	8	5
123	434	6	11	4	9	7
123	435	6	11	5	10	2
123	436	6	11	7	9	8
123	437	6	11	8	3	7
123	438	6	11	9	4	12
123	439	6	11	10	5	4
123	440	6	11	12	2	4
123	441	6	12	2	11	3
123	442	6	12	3	2	4
123	443	6	12	4	11	10
123	444	6	12	5	7	4
123	445	6	12	7	2	4
123	446	6	12	8	10	2
123	447	6	12	9	7	11
123	448	6	12	10	3	8
123	449	6	12	11	7	9
123	450	7	2	3	10	9
123	451	7	2	4	11	3
123	452	7	2	5	9	8
123	453	7	2	6	3	5
123	454	7	2	8	5	10
123	455	7	2	9	11	3
123	456	7	2	10	3	9
123	457	7	2	11	12	4
123	458	7	2	12	11	4
123	459	7	3	2	6	5
123	460	7	3	4	10	2
123	461	7	3	5	12	4
123	462	7	3	6	9	5
123	463	7	3	8	9	10
123	464	7	3	9	5	12
123	465	7	3	10	8	9
123	466	7	3	11	9	2
123	467	7	3	12	5	8
123	468	7	4	2	3	10
123	469	7	4	3	9	8
123	470	7	4	5	2	6
123	471	7	4	6	5	9
123	472	7	4	8	10	6
123	473	7	4	9	3	6
123	474	7	4	10	2	12
123	475	7	4	11	8	10
123	476	7	4	12	2	9
123	477	7	5	2	3	9
123	478	7	5	3	11	9
123	479	7	5	4	12	10
123	480	7	5	6	3	2
123	481	7	5	8	10	2
123	482	7	5	9	4	11
123	483	7	5	10	3	8
123	484	7	5	11	9	6
123	485	7	5	12	9	6
123	486	7	6	2	4	5
123	487	7	6	3	10	11
123	488	7	6	4	8	10
123	489	7	6	5	10	8
123	490	7	6	8	3	4
123	491	7	6	9	3	8
123	492	7	6	10	5	8
123	493	7	6	11	5	8
123	494	7	6	12	8	3
123	495	7	8	2	9	10
123	496	7	8	3	9	4
123	497	7	8	4	2	10
123	498	7	8	5	6	9
123	499	7	8	6	5	9
123	500	7	8	9	3	4
123	501	7	8	10	3	9
123	502	7	8	11	6	10
123	503	7	8	12	11	2
123	504	7	9	2	8	4
123	505	7	9	3	2	8
123	506	7	9	4	10	6
123	507	7	9	5	6	11
123	508	7	9	6	5	11
123	509	7	9	8	3	12
123	510	7	9	10	2	8
123	511	7	9	11	5	6
123	512	7	9	12	3	5
123	513	7	10	2	8	9
123	514	7	10	3	4	6
123	515	7	10	4	8	12
123	516	7	10	5	8	4
123	517	7	10	6	5	2
123	518	7	10	8	12	9
123	519	7	10	9	2	11
123	520	7	10	11	5	12
123	521	7	10	12	4	11
123	522	7	11	2	6	12
123	523	7	11	3	6	4
123	524	7	11	4	8	6
123	525	7	11	5	9	12
123	526	7	11	6	4	10
123	527	7	11	8	6	9
123	528	7	11	9	6	2
123	529	7	11	10	4	6
123	530	7	11	12	4	2
123	531	7	12	2	6	4
123	532	7	12	3	4	8
123	533	7	12	4	10	6
123	534	7	12	5	9	3
123	535	7	12	6	8	5
123	536	7	12	8	11	2
123	537	7	12	9	11	2
123	538	7	12	10	11	8
123	539	7	12	11	9	5
123	540	8	2	3	9	12
123	541	8	2	4	9	6
123	542	8	2	5	9	11
123	543	8	2	6	4	3
123	544	8	2	7	12	5
123	545	8	2	9	4	11
123	546	8	2	10	4	6
123	547	8	2	11	7	9
123	548	8	2	12	7	9
123	549	8	3	2	7	10
123	550	8	3	4	5	6
123	551	8	3	5	12	10
123	552	8	3	6	12	2
123	553	8	3	7	9	5
123	554	8	3	9	5	4
123	555	8	3	10	5	4
123	556	8	3	11	12	2
123	557	8	3	12	6	11
123	558	8	4	2	6	7
123	559	8	4	3	11	9
123	560	8	4	5	2	11
123	561	8	4	6	5	2
123	562	8	4	7	5	6
123	563	8	4	9	5	7
123	564	8	4	10	9	12
123	565	8	4	11	10	7
123	566	8	4	12	11	3
123	567	8	5	2	10	4
123	568	8	5	3	2	6
123	569	8	5	4	12	3
123	570	8	5	6	11	3
123	571	8	5	7	10	9
123	572	8	5	9	6	11
123	573	8	5	10	3	2
123	574	8	5	11	3	6
123	575	8	5	12	7	6
123	576	8	6	2	10	12
123	577	8	6	3	7	5
123	578	8	6	4	5	11
123	579	8	6	5	7	2
123	580	8	6	7	2	11
123	581	8	6	9	4	2
123	582	8	6	10	7	9
123	583	8	6	11	10	2
123	584	8	6	12	4	2
123	585	8	7	2	10	11
123	586	8	7	3	9	5
123	587	8	7	4	11	2
123	588	8	7	5	2	11
123	589	8	7	6	9	5
123	590	8	7	9	10	11
123	591	8	7	10	12	2
123	592	8	7	11	6	2
123	593	8	7	12	10	6
123	594	8	9	2	3	7
123	595	8	9	3	5	4
123	596	8	9	4	3	6
123	597	8	9	5	3	2
123	598	8	9	6	11	5
123	599	8	9	7	6	12
123	600	8	9	10	11	3
123	601	8	9	11	10	7
123	602	8	9	12	7	6
123	603	8	10	2	6	7
123	604	8	10	3	2	6
123	605	8	10	4	5	2
123	606	8	10	5	11	6
123	607	8	10	6	12	5
123	608	8	10	7	6	12
123	609	8	10	9	5	3
123	610	8	10	11	4	6
123	611	8	10	12	11	7
123	612	8	11	2	4	7
123	613	8	11	3	2	6
123	614	8	11	4	6	9
123	615	8	11	5	2	7
123	616	8	11	6	4	3
123	617	8	11	7	5	3
123	618	8	11	9	7	12
123	619	8	11	10	3	7
123	620	8	11	12	5	4
123	621	8	12	2	11	5
123	622	8	12	3	9	11
123	623	8	12	4	6	5
123	624	8	12	5	7	9
123	625	8	12	6	3	7
123	626	8	12	7	6	5
123	627	8	12	9	3	5
123	628	8	12	10	4	9
123	629	8	12	11	9	6
123	630	9	2	3	4	5
123	631	9	2	4	11	3
123	632	9	2	5	4	11
123	633	9	2	6	11	12
123	634	9	2	7	4	11
123	635	9	2	8	3	5
123	636	9	2	10	8	6
123	637	9	2	11	3	4
123	638	9	2	12	8	5
123	639	9	3	2	4	11
123	640	9	3	4	12	10
123	641	9	3	5	8	7
123	642	9	3	6	7	8
123	643	9	3	7	2	8
123	644	9	3	8	12	6
123	645	9	3	10	6	8
123	646	9	3	11	7	6
123	647	9	3	12	8	10
123	648	9	4	2	11	10
123	649	9	4	3	7	12
123	650	9	4	5	6	10
123	651	9	4	6	8	12
123	652	9	4	7	12	6
123	653	9	4	8	6	5
123	654	9	4	10	3	12
123	655	9	4	11	3	8
123	656	9	4	12	6	11
123	657	9	5	2	10	7
123	658	9	5	3	11	6
123	659	9	5	4	3	11
123	660	9	5	6	10	2
123	661	9	5	7	3	6
123	662	9	5	8	11	10
123	663	9	5	10	11	7
123	664	9	5	11	6	8
123	665	9	5	12	8	11
123	666	9	6	2	7	4
123	667	9	6	3	8	12
123	668	9	6	4	10	5
123	669	9	6	5	4	3
123	670	9	6	7	8	3
123	671	9	6	8	5	12
123	672	9	6	10	11	2
123	673	9	6	11	2	7
123	674	9	6	12	4	11
123	675	9	7	2	12	4
123	676	9	7	3	2	6
123	677	9	7	4	10	5
123	678	9	7	5	10	8
123	679	9	7	6	10	8
123	680	9	7	8	3	5
123	681	9	7	10	12	3
123	682	9	7	11	12	8
123	683	9	7	12	8	11
123	684	9	8	2	7	3
123	685	9	8	3	7	11
123	686	9	8	4	5	11
123	687	9	8	5	12	6
123	688	9	8	6	11	4
123	689	9	8	7	12	3
123	690	9	8	10	6	11
123	691	9	8	11	3	5
123	692	9	8	12	10	2
123	693	9	10	2	5	7
123	694	9	10	3	12	2
123	695	9	10	4	3	2
123	696	9	10	5	7	11
123	697	9	10	6	5	3
123	698	9	10	7	12	2
123	699	9	10	8	7	5
123	700	9	10	11	2	8
123	701	9	10	12	3	2
123	702	9	11	2	6	3
123	703	9	11	3	8	6
123	704	9	11	4	6	2
123	705	9	11	5	10	6
123	706	9	11	6	8	4
123	707	9	11	7	2	5
123	708	9	11	8	5	2
123	709	9	11	10	8	5
123	710	9	11	12	2	4
123	711	9	12	2	8	5
123	712	9	12	3	7	8
123	713	9	12	4	2	8
123	714	9	12	5	2	7
123	715	9	12	6	8	2
123	716	9	12	7	3	6
123	717	9	12	8	3	5
123	718	9	12	10	5	4
123	719	9	12	11	3	10
123	720	10	2	3	11	12
123	721	10	2	4	6	11
123	722	10	2	5	6	9
123	723	10	2	6	9	11
123	724	10	2	7	5	4
123	725	10	2	8	7	3
123	726	10	2	9	8	4
123	727	10	2	11	3	5
123	728	10	2	12	6	11
123	729	10	3	2	5	11
123	730	10	3	4	9	5
123	731	10	3	5	11	9
123	732	10	3	6	12	5
123	733	10	3	7	12	2
123	734	10	3	8	4	2
123	735	10	3	9	12	8
123	736	10	3	11	4	6
123	737	10	3	12	7	9
123	738	10	4	2	12	11
123	739	10	4	3	6	9
123	740	10	4	5	12	9
123	741	10	4	6	2	5
123	742	10	4	7	11	12
123	743	10	4	8	11	5
123	744	10	4	9	8	3
123	745	10	4	11	8	9
123	746	10	4	12	5	9
123	747	10	5	2	12	11
123	748	10	5	3	8	11
123	749	10	5	4	6	11
123	750	10	5	6	8	4
123	751	10	5	7	2	3
123	752	10	5	8	9	6
123	753	10	5	9	8	12
123	754	10	5	11	8	3
123	755	10	5	12	7	6
123	756	10	6	2	9	7
123	757	10	6	3	2	7
123	758	10	6	4	7	12
123	759	10	6	5	11	12
123	760	10	6	7	5	8
123	761	10	6	8	7	9
123	762	10	6	9	4	12
123	763	10	6	11	9	2
123	764	10	6	12	7	11
123	765	10	7	2	6	5
123	766	10	7	3	8	6
123	767	10	7	4	8	3
123	768	10	7	5	6	12
123	769	10	7	6	11	9
123	770	10	7	8	11	5
123	771	10	7	9	3	8
123	772	10	7	11	3	6
123	773	10	7	12	6	5
123	774	10	8	2	6	12
123	775	10	8	3	11	2
123	776	10	8	4	7	3
123	777	10	8	5	3	6
123	778	10	8	6	11	4
123	779	10	8	7	3	5
123	780	10	8	9	4	12
123	781	10	8	11	7	9
123	782	10	8	12	3	2
123	783	10	9	2	7	5
123	784	10	9	3	4	5
123	785	10	9	4	2	11
123	786	10	9	5	3	6
123	787	10	9	6	3	7
123	788	10	9	7	5	8
123	789	10	9	8	2	12
123	790	10	9	11	12	6
123	791	10	9	12	11	4
123	792	10	11	2	12	4
123	793	10	11	3	4	9
123	794	10	11	4	7	9
123	795	10	11	5	6	12
123	796	10	11	6	5	12
123	797	10	11	7	3	4
123	798	10	11	8	6	9
123	799	10	11	9	7	12
123	800	10	11	12	6	2
123	801	10	12	2	6	9
123	802	10	12	3	6	9
123	803	10	12	4	5	2
123	804	10	12	5	8	11
123	805	10	12	6	3	9
123	806	10	12	7	11	5
123	807	10	12	8	9	7
123	808	10	12	9	6	5
123	809	10	12	11	2	4
123	810	11	2	3	10	4
123	811	11	2	4	7	10
123	812	11	2	5	10	6
123	813	11	2	6	8	9
123	814	11	2	7	5	3
123	815	11	2	8	12	10
123	816	11	2	9	4	10
123	817	11	2	10	8	7
123	818	11	2	12	9	4
123	819	11	3	2	7	9
123	820	11	3	4	6	7
123	821	11	3	5	8	4
123	822	11	3	6	12	9
123	823	11	3	7	5	12
123	824	11	3	8	4	6
123	825	11	3	9	10	2
123	826	11	3	10	8	6
123	827	11	3	12	5	8
123	828	11	4	2	10	5
123	829	11	4	3	5	12
123	830	11	4	5	2	12
123	831	11	4	6	8	10
123	832	11	4	7	8	12
123	833	11	4	8	5	6
123	834	11	4	9	10	3
123	835	11	4	10	2	3
123	836	11	4	12	2	3
123	837	11	5	2	10	6
123	838	11	5	3	8	10
123	839	11	5	4	12	7
123	840	11	5	6	7	9
123	841	11	5	7	10	9
123	842	11	5	8	7	3
123	843	11	5	9	12	4
123	844	11	5	10	12	6
123	845	11	5	12	3	9
123	846	11	6	2	4	8
123	847	11	6	3	10	4
123	848	11	6	4	10	7
123	849	11	6	5	2	9
123	850	11	6	7	5	8
123	851	11	6	8	4	5
123	852	11	6	9	2	7
123	853	11	6	10	9	3
123	854	11	6	12	8	4
123	855	11	7	2	5	4
123	856	11	7	3	8	10
123	857	11	7	4	12	6
123	858	11	7	5	9	2
123	859	11	7	6	5	2
123	860	11	7	8	10	9
123	861	11	7	9	4	8
123	862	11	7	10	5	8
123	863	11	7	12	8	4
123	864	11	8	2	4	5
123	865	11	8	3	2	7
123	866	11	8	4	12	10
123	867	11	8	5	7	6
123	868	11	8	6	5	2
123	869	11	8	7	5	12
123	870	11	8	9	3	5
123	871	11	8	10	9	5
123	872	11	8	12	4	3
123	873	11	9	2	10	7
123	874	11	9	3	2	8
123	875	11	9	4	12	3
123	876	11	9	5	8	2
123	877	11	9	6	3	2
123	878	11	9	7	12	6
123	879	11	9	8	7	10
123	880	11	9	10	7	5
123	881	11	9	12	8	5
123	882	11	10	2	8	3
123	883	11	10	3	8	7
123	884	11	10	4	6	5
123	885	11	10	5	8	7
123	886	11	10	6	12	7
123	887	11	10	7	12	2
123	888	11	10	8	12	3
123	889	11	10	9	12	8
123	890	11	10	12	9	4
123	891	11	12	2	7	3
123	892	11	12	3	8	6
123	893	11	12	4	8	10
123	894	11	12	5	4	8
123	895	11	12	6	4	8
123	896	11	12	7	10	3
123	897	11	12	8	2	10
123	898	11	12	9	5	2
123	899	11	12	10	5	4
123	900	12	2	3	7	4
123	901	12	2	4	7	6
123	902	12	2	5	9	8
123	903	12	2	6	3	4
123	904	12	2	7	4	3
123	905	12	2	8	10	7
123	906	12	2	9	7	3
123	907	12	2	10	4	11
123	908	12	2	11	6	3
123	909	12	3	2	6	11
123	910	12	3	4	9	11
123	911	12	3	5	10	7
123	912	12	3	6	2	4
123	913	12	3	7	6	10
123	914	12	3	8	11	6
123	915	12	3	9	7	6
123	916	12	3	10	2	7
123	917	12	3	11	5	9
123	918	12	4	2	11	6
123	919	12	4	3	6	9
123	920	12	4	5	10	6
123	921	12	4	6	9	7
123	922	12	4	7	9	2
123	923	12	4	8	6	11
123	924	12	4	9	5	2
123	925	12	4	10	5	2
123	926	12	4	11	5	6
123	927	12	5	2	8	11
123	928	12	5	3	10	4
123	929	12	5	4	9	2
123	930	12	5	6	3	7
123	931	12	5	7	2	4
123	932	12	5	8	11	10
123	933	12	5	9	3	8
123	934	12	5	10	3	6
123	935	12	5	11	8	3
123	936	12	6	2	7	5
123	937	12	6	3	11	10
123	938	12	6	4	9	7
123	939	12	6	5	7	8
123	940	12	6	7	10	9
123	941	12	6	8	2	7
123	942	12	6	9	7	2
123	943	12	6	10	9	5
123	944	12	6	11	2	9
123	945	12	7	2	6	5
123	946	12	7	3	4	6
123	947	12	7	4	10	5
123	948	12	7	5	9	6
123	949	12	7	6	3	11
123	950	12	7	8	9	10
123	951	12	7	9	5	8
123	952	12	7	10	4	11
123	953	12	7	11	10	9
123	954	12	8	2	11	5
123	955	12	8	3	2	6
123	956	12	8	4	2	7
123	957	12	8	5	11	2
123	958	12	8	6	9	10
123	959	12	8	7	11	2
123	960	12	8	9	2	3
123	961	12	8	10	2	4
123	962	12	8	11	3	10
123	963	12	9	2	8	4
123	964	12	9	3	10	6
123	965	12	9	4	6	11
123	966	12	9	5	10	4
123	967	12	9	6	5	3
123	968	12	9	7	11	3
123	969	12	9	8	2	3
123	970	12	9	10	3	2
123	971	12	9	11	2	5
123	972	12	10	2	5	8
123	973	12	10	3	9	6
123	974	12	10	4	2	5
123	975	12	10	5	7	11
123	976	12	10	6	11	7
123	977	12	10	7	5	3
123	978	12	10	8	4	5
123	979	12	10	9	11	5
123	980	12	10	11	8	6
123	981	12	11	2	8	7
123	982	12	11	3	4	10
123	983	12	11	4	8	5
123	984	12	11	5	2	8
123	985	12	11	6	9	7
123	986	12	11	7	8	6
123	987	12	11	8	5	10
123	988	12	11	9	6	10
123	989	12	11	10	6	2
124	0	2	3	4	8	5
124	1	2	3	5	4	10
124	2	2	3	6	7	11
124	3	2	3	7	4	9
124	4	2	3	8	12	7
124	5	2	3	9	8	6
124	6	2	3	10	5	11
124	7	2	3	11	12	4
124	8	2	3	12	6	10
124	9	2	4	3	5	8
124	10	2	4	5	7	10
124	11	2	4	6	10	5
124	12	2	4	7	5	11
124	13	2	4	8	6	5
124	14	2	4	9	11	5
124	15	2	4	10	12	11
124	16	2	4	11	5	10
124	17	2	4	12	9	3
124	18	2	5	3	6	7
124	19	2	5	4	3	8
124	20	2	5	6	4	3
124	21	2	5	7	6	3
124	22	2	5	8	6	12
124	23	2	5	9	11	6
124	24	2	5	10	3	9
124	25	2	5	11	4	12
124	26	2	5	12	4	9
124	27	2	6	3	10	11
124	28	2	6	4	8	5
124	29	2	6	5	4	8
124	30	2	6	7	5	3
124	31	2	6	8	9	4
124	32	2	6	9	3	10
124	33	2	6	10	7	11
124	34	2	6	11	7	5
124	35	2	6	12	3	4
124	36	2	7	3	5	11
124	37	2	7	4	6	8
124	38	2	7	5	8	4
124	39	2	7	6	3	12
124	40	2	7	8	11	10
124	41	2	7	9	10	12
124	42	2	7	10	12	8
124	43	2	7	11	5	12
124	44	2	7	12	4	5
124	45	2	8	3	5	10
124	46	2	8	4	12	7
124	47	2	8	5	6	7
124	48	2	8	6	7	3
124	49	2	8	7	3	4
124	50	2	8	9	3	6
124	51	2	8	10	9	11
124	52	2	8	11	9	6
124	53	2	8	12	5	3
124	54	2	9	3	6	5
124	55	2	9	4	3	7
124	56	2	9	5	6	7
124	57	2	9	6	8	12
124	58	2	9	7	6	5
124	59	2	9	8	11	5
124	60	2	9	10	8	3
124	61	2	9	11	12	7
124	62	2	9	12	11	10
124	63	2	10	3	11	5
124	64	2	10	4	12	11
124	65	2	10	5	6	12
124	66	2	10	6	8	7
124	67	2	10	7	11	3
124	68	2	10	8	3	11
124	69	2	10	9	7	6
124	70	2	10	11	3	4
124	71	2	10	12	8	5
124	72	2	11	3	12	10
124	73	2	11	4	5	9
124	74	2	11	5	3	8
124	75	2	11	6	10	3
124	76	2	11	7	3	5
124	77	2	11	8	9	12
124	78	2	11	9	7	4
124	79	2	11	10	7	9
124	80	2	11	12	4	7
124	81	2	12	3	11	8
124	82	2	12	4	8	7
124	83	2	12	5	8	10
124	84	2	12	6	7	10
124	85	2	12	7	8	3
124	86	2	12	8	5	3
124	87	2	12	9	3	10
124	88	2	12	10	11	7
124	89	2	12	11	9	5
124	90	3	2	4	8	6
124	91	3	2	5	6	11
124	92	3	2	6	11	10
124	93	3	2	7	4	8
124	94	3	2	8	10	7
124	95	3	2	9	12	5
124	96	3	2	10	12	7
124	97	3	2	11	5	10
124	98	3	2	12	7	4
124	99	3	4	2	10	12
124	100	3	4	5	10	9
124	101	3	4	6	9	10
124	102	3	4	7	6	8
124	103	3	4	8	10	7
124	104	3	4	9	8	10
124	105	3	4	10	11	7
124	106	3	4	11	6	10
124	107	3	4	12	11	7
124	108	3	5	2	7	11
124	109	3	5	4	2	10
124	110	3	5	6	12	7
124	111	3	5	7	2	8
124	112	3	5	8	4	12
124	113	3	5	9	8	10
124	114	3	5	10	9	6
124	115	3	5	11	8	6
124	116	3	5	12	2	7
124	117	3	6	2	9	5
124	118	3	6	4	5	7
124	119	3	6	5	12	8
124	120	3	6	7	2	5
124	121	3	6	8	7	9
124	122	3	6	9	10	12
124	123	3	6	10	7	2
124	124	3	6	11	2	4
124	125	3	6	12	10	5
124	126	3	7	2	12	11
124	127	3	7	4	9	10
124	128	3	7	5	9	4
124	129	3	7	6	5	10
124	130	3	7	8	2	10
124	131	3	7	9	2	10
124	132	3	7	10	11	8
124	133	3	7	11	10	2
124	134	3	7	12	2	8
124	135	3	8	2	6	5
124	136	3	8	4	2	5
124	137	3	8	5	7	10
124	138	3	8	6	2	12
124	139	3	8	7	4	2
124	140	3	8	9	2	4
124	141	3	8	10	5	12
124	142	3	8	11	12	5
124	143	3	8	12	9	11
124	144	3	9	2	6	8
124	145	3	9	4	8	11
124	146	3	9	5	7	10
124	147	3	9	6	12	5
124	148	3	9	7	5	4
124	149	3	9	8	5	11
124	150	3	9	10	11	2
124	151	3	9	11	6	10
124	152	3	9	12	6	4
124	153	3	10	2	5	6
124	154	3	10	4	8	9
124	155	3	10	5	11	6
124	156	3	10	6	8	2
124	157	3	10	7	9	8
124	158	3	10	8	9	7
124	159	3	10	9	2	7
124	160	3	10	11	7	4
124	161	3	10	12	11	6
124	162	3	11	2	4	9
124	163	3	11	4	10	5
124	164	3	11	5	9	8
124	165	3	11	6	2	7
124	166	3	11	7	9	5
124	167	3	11	8	2	4
124	168	3	11	9	4	2
124	169	3	11	10	12	8
124	170	3	11	12	2	6
124	171	3	12	2	8	9
124	172	3	12	4	7	6
124	173	3	12	5	6	2
124	174	3	12	6	10	8
124	175	3	12	7	2	11
124	176	3	12	8	5	2
124	177	3	12	9	8	10
124	178	3	12	10	11	9
124	179	3	12	11	5	4
124	180	4	2	3	11	6
124	181	4	2	5	3	10
124	182	4	2	6	12	9
124	183	4	2	7	8	6
124	184	4	2	8	3	12
124	185	4	2	9	8	3
124	186	4	2	10	3	6
124	187	4	2	11	8	9
124	188	4	2	12	6	10
124	189	4	3	2	5	9
124	190	4	3	5	12	9
124	191	4	3	6	5	10
124	192	4	3	7	2	11
124	193	4	3	8	10	11
124	194	4	3	9	10	7
124	195	4	3	10	9	8
124	196	4	3	11	8	5
124	197	4	3	12	10	11
124	198	4	5	2	9	6
124	199	4	5	3	9	8
124	200	4	5	6	2	10
124	201	4	5	7	9	8
124	202	4	5	8	6	11
124	203	4	5	9	7	10
124	204	4	5	10	8	9
124	205	4	5	11	6	9
124	206	4	5	12	7	6
124	207	4	6	2	3	10
124	208	4	6	3	7	8
124	209	4	6	5	12	2
124	210	4	6	7	2	10
124	211	4	6	8	12	2
124	212	4	6	9	5	3
124	213	4	6	10	9	2
124	214	4	6	11	10	12
124	215	4	6	12	9	11
124	216	4	7	2	10	3
124	217	4	7	3	11	12
124	218	4	7	5	10	8
124	219	4	7	6	9	8
124	220	4	7	8	6	11
124	221	4	7	9	5	8
124	222	4	7	10	9	6
124	223	4	7	11	10	6
124	224	4	7	12	11	5
124	225	4	8	2	5	7
124	226	4	8	3	9	6
124	227	4	8	5	11	10
124	228	4	8	6	7	3
124	229	4	8	7	10	5
124	230	4	8	9	11	2
124	231	4	8	10	3	5
124	232	4	8	11	7	9
124	233	4	8	12	6	11
124	234	4	9	2	3	7
124	235	4	9	3	8	2
124	236	4	9	5	10	2
124	237	4	9	6	3	11
124	238	4	9	7	8	6
124	239	4	9	8	5	7
124	240	4	9	10	3	11
124	241	4	9	11	2	10
124	242	4	9	12	2	3
124	243	4	10	2	7	11
124	244	4	10	3	6	7
124	245	4	10	5	11	12
124	246	4	10	6	8	7
124	247	4	10	7	2	8
124	248	4	10	8	11	2
124	249	4	10	9	6	5
124	250	4	10	11	12	8
124	251	4	10	12	3	5
124	252	4	11	2	7	9
124	253	4	11	3	9	7
124	254	4	11	5	12	10
124	255	4	11	6	3	10
124	256	4	11	7	8	9
124	257	4	11	8	10	9
124	258	4	11	9	5	2
124	259	4	11	10	9	2
124	260	4	11	12	2	9
124	261	4	12	2	11	3
124	262	4	12	3	11	5
124	263	4	12	5	6	10
124	264	4	12	6	10	3
124	265	4	12	7	11	5
124	266	4	12	8	6	2
124	267	4	12	9	6	11
124	268	4	12	10	5	11
124	269	4	12	11	10	7
124	270	5	2	3	7	6
124	271	5	2	4	7	8
124	272	5	2	6	7	3
124	273	5	2	7	10	11
124	274	5	2	8	11	12
124	275	5	2	9	4	3
124	276	5	2	10	6	7
124	277	5	2	11	8	6
124	278	5	2	12	9	3
124	279	5	3	2	6	8
124	280	5	3	4	7	11
124	281	5	3	6	7	2
124	282	5	3	7	12	8
124	283	5	3	8	9	10
124	284	5	3	9	10	12
124	285	5	3	10	11	4
124	286	5	3	11	7	2
124	287	5	3	12	7	6
124	288	5	4	2	10	6
124	289	5	4	3	9	12
124	290	5	4	6	10	12
124	291	5	4	7	6	11
124	292	5	4	8	9	6
124	293	5	4	9	12	10
124	294	5	4	10	6	12
124	295	5	4	11	12	7
124	296	5	4	12	9	11
124	297	5	6	2	12	4
124	298	5	6	3	10	12
124	299	5	6	4	9	3
124	300	5	6	7	8	4
124	301	5	6	8	10	7
124	302	5	6	9	4	11
124	303	5	6	10	2	3
124	304	5	6	11	2	9
124	305	5	6	12	8	2
124	306	5	7	2	12	8
124	307	5	7	3	4	11
124	308	5	7	4	10	9
124	309	5	7	6	10	2
124	310	5	7	8	10	2
124	311	5	7	9	2	11
124	312	5	7	10	3	8
124	313	5	7	11	10	2
124	314	5	7	12	10	3
124	315	5	8	2	6	9
124	316	5	8	3	6	12
124	317	5	8	4	11	9
124	318	5	8	6	12	9
124	319	5	8	7	11	10
124	320	5	8	9	12	7
124	321	5	8	10	3	7
124	322	5	8	11	7	9
124	323	5	8	12	10	6
124	324	5	9	2	3	7
124	325	5	9	3	11	2
124	326	5	9	4	11	7
124	327	5	9	6	2	4
124	328	5	9	7	12	4
124	329	5	9	8	10	2
124	330	5	9	10	2	7
124	331	5	9	11	4	8
124	332	5	9	12	7	4
124	333	5	10	2	12	6
124	334	5	10	3	8	4
124	335	5	10	4	8	9
124	336	5	10	6	9	7
124	337	5	10	7	12	3
124	338	5	10	8	12	11
124	339	5	10	9	6	7
124	340	5	10	11	3	9
124	341	5	10	12	8	4
124	342	5	11	2	4	10
124	343	5	11	3	10	7
124	344	5	11	4	3	10
124	345	5	11	6	8	3
124	346	5	11	7	6	12
124	347	5	11	8	9	12
124	348	5	11	9	7	10
124	349	5	11	10	12	4
124	350	5	11	12	10	9
124	351	5	12	2	7	11
124	352	5	12	3	7	2
124	353	5	12	4	8	2
124	354	5	12	6	11	3
124	355	5	12	7	10	4
124	356	5	12	8	11	2
124	357	5	12	9	7	6
124	358	5	12	10	6	3
124	359	5	12	11	4	6
124	360	6	2	3	5	12
124	361	6	2	4	10	7
124	362	6	2	5	9	7
124	363	6	2	7	12	8
124	364	6	2	8	5	10
124	365	6	2	9	7	10
124	366	6	2	10	3	12
124	367	6	2	11	8	5
124	368	6	2	12	8	10
124	369	6	3	2	10	8
124	370	6	3	4	10	2
124	371	6	3	5	10	4
124	372	6	3	7	12	4
124	373	6	3	8	2	10
124	374	6	3	9	10	8
124	375	6	3	10	5	12
124	376	6	3	11	4	10
124	377	6	3	12	9	4
124	378	6	4	2	11	12
124	379	6	4	3	9	8
124	380	6	4	5	3	10
124	381	6	4	7	12	5
124	382	6	4	8	5	12
124	383	6	4	9	11	10
124	384	6	4	10	3	9
124	385	6	4	11	2	7
124	386	6	4	12	3	10
124	387	6	5	2	12	10
124	388	6	5	3	11	7
124	389	6	5	4	10	2
124	390	6	5	7	11	12
124	391	6	5	8	10	11
124	392	6	5	9	11	3
124	393	6	5	10	2	11
124	394	6	5	11	12	9
124	395	6	5	12	2	4
124	396	6	7	2	3	10
124	397	6	7	3	4	9
124	398	6	7	4	3	10
124	399	6	7	5	8	9
124	400	6	7	8	9	3
124	401	6	7	9	2	4
124	402	6	7	10	11	4
124	403	6	7	11	8	2
124	404	6	7	12	8	9
124	405	6	8	2	7	11
124	406	6	8	3	11	10
124	407	6	8	4	9	2
124	408	6	8	5	2	11
124	409	6	8	7	10	4
124	410	6	8	9	2	4
124	411	6	8	10	2	12
124	412	6	8	11	12	10
124	413	6	8	12	11	7
124	414	6	9	2	10	5
124	415	6	9	3	8	7
124	416	6	9	4	5	12
124	417	6	9	5	3	12
124	418	6	9	7	8	10
124	419	6	9	8	11	10
124	420	6	9	10	8	2
124	421	6	9	11	10	8
124	422	6	9	12	2	8
124	423	6	10	2	8	3
124	424	6	10	3	7	12
124	425	6	10	4	5	2
124	426	6	10	5	2	9
124	427	6	10	7	9	3
124	428	6	10	8	9	3
124	429	6	10	9	3	7
124	430	6	10	11	12	2
124	431	6	10	12	7	11
124	432	6	11	2	8	10
124	433	6	11	3	9	12
124	434	6	11	4	5	9
124	435	6	11	5	2	10
124	436	6	11	7	10	9
124	437	6	11	8	4	5
124	438	6	11	9	5	3
124	439	6	11	10	7	8
124	440	6	11	12	2	10
124	441	6	12	2	9	7
124	442	6	12	3	5	8
124	443	6	12	4	5	9
124	444	6	12	5	2	4
124	445	6	12	7	5	8
124	446	6	12	8	7	9
124	447	6	12	9	8	10
124	448	6	12	10	8	5
124	449	6	12	11	7	5
124	450	7	2	3	9	8
124	451	7	2	4	5	12
124	452	7	2	5	4	10
124	453	7	2	6	5	4
124	454	7	2	8	5	11
124	455	7	2	9	3	5
124	456	7	2	10	9	4
124	457	7	2	11	3	10
124	458	7	2	12	11	9
124	459	7	3	2	9	4
124	460	7	3	4	2	5
124	461	7	3	5	6	11
124	462	7	3	6	11	9
124	463	7	3	8	2	9
124	464	7	3	9	5	4
124	465	7	3	10	4	6
124	466	7	3	11	2	8
124	467	7	3	12	5	9
124	468	7	4	2	5	3
124	469	7	4	3	9	5
124	470	7	4	5	3	12
124	471	7	4	6	12	5
124	472	7	4	8	12	10
124	473	7	4	9	10	12
124	474	7	4	10	2	12
124	475	7	4	11	10	3
124	476	7	4	12	6	3
124	477	7	5	2	12	11
124	478	7	5	3	2	8
124	479	7	5	4	3	2
124	480	7	5	6	10	12
124	481	7	5	8	4	11
124	482	7	5	9	8	3
124	483	7	5	10	2	11
124	484	7	5	11	3	12
124	485	7	5	12	8	3
124	486	7	6	2	10	11
124	487	7	6	3	10	8
124	488	7	6	4	12	5
124	489	7	6	5	2	8
124	490	7	6	8	12	2
124	491	7	6	9	11	4
124	492	7	6	10	3	12
124	493	7	6	11	3	10
124	494	7	6	12	3	8
124	495	7	8	2	4	3
124	496	7	8	3	2	10
124	497	7	8	4	3	5
124	498	7	8	5	6	2
124	499	7	8	6	2	4
124	500	7	8	9	3	12
124	501	7	8	10	2	4
124	502	7	8	11	3	5
124	503	7	8	12	10	3
124	504	7	9	2	8	10
124	505	7	9	3	6	2
124	506	7	9	4	12	6
124	507	7	9	5	4	12
124	508	7	9	6	10	8
124	509	7	9	8	4	10
124	510	7	9	10	12	3
124	511	7	9	11	5	6
124	512	7	9	12	5	2
124	513	7	10	2	9	5
124	514	7	10	3	2	6
124	515	7	10	4	6	12
124	516	7	10	5	4	2
124	517	7	10	6	3	9
124	518	7	10	8	5	3
124	519	7	10	9	5	12
124	520	7	10	11	4	2
124	521	7	10	12	11	3
124	522	7	11	2	9	8
124	523	7	11	3	12	8
124	524	7	11	4	2	10
124	525	7	11	5	6	10
124	526	7	11	6	9	8
124	527	7	11	8	9	3
124	528	7	11	9	5	6
124	529	7	11	10	5	9
124	530	7	11	12	10	3
124	531	7	12	2	4	3
124	532	7	12	3	5	11
124	533	7	12	4	2	10
124	534	7	12	5	9	11
124	535	7	12	6	11	8
124	536	7	12	8	5	4
124	537	7	12	9	3	2
124	538	7	12	10	5	6
124	539	7	12	11	9	3
124	540	8	2	3	4	12
124	541	8	2	4	11	7
124	542	8	2	5	10	4
124	543	8	2	6	11	5
124	544	8	2	7	11	12
124	545	8	2	9	6	5
124	546	8	2	10	7	9
124	547	8	2	11	9	5
124	548	8	2	12	11	7
124	549	8	3	2	10	4
124	550	8	3	4	5	12
124	551	8	3	5	2	9
124	552	8	3	6	9	12
124	553	8	3	7	4	9
124	554	8	3	9	4	10
124	555	8	3	10	4	12
124	556	8	3	11	10	7
124	557	8	3	12	5	9
124	558	8	4	2	5	12
124	559	8	4	3	5	9
124	560	8	4	5	7	11
124	561	8	4	6	2	9
124	562	8	4	7	12	5
124	563	8	4	9	10	2
124	564	8	4	10	6	12
124	565	8	4	11	3	10
124	566	8	4	12	10	6
124	567	8	5	2	6	10
124	568	8	5	3	9	12
124	569	8	5	4	9	12
124	570	8	5	6	2	7
124	571	8	5	7	12	3
124	572	8	5	9	10	11
124	573	8	5	10	6	2
124	574	8	5	11	2	9
124	575	8	5	12	9	10
124	576	8	6	2	10	5
124	577	8	6	3	12	4
124	578	8	6	4	12	3
124	579	8	6	5	9	12
124	580	8	6	7	3	2
124	581	8	6	9	7	5
124	582	8	6	10	4	5
124	583	8	6	11	12	10
124	584	8	6	12	11	5
124	585	8	7	2	10	5
124	586	8	7	3	9	4
124	587	8	7	4	6	3
124	588	8	7	5	4	11
124	589	8	7	6	11	5
124	590	8	7	9	12	5
124	591	8	7	10	2	3
124	592	8	7	11	2	6
124	593	8	7	12	4	2
124	594	8	9	2	11	7
124	595	8	9	3	7	4
124	596	8	9	4	6	10
124	597	8	9	5	12	4
124	598	8	9	6	2	11
124	599	8	9	7	10	11
124	600	8	9	10	11	12
124	601	8	9	11	4	5
124	602	8	9	12	6	3
124	603	8	10	2	6	9
124	604	8	10	3	12	11
124	605	8	10	4	6	11
124	606	8	10	5	3	7
124	607	8	10	6	5	11
124	608	8	10	7	2	4
124	609	8	10	9	5	11
124	610	8	10	11	12	5
124	611	8	10	12	9	7
124	612	8	11	2	5	12
124	613	8	11	3	9	10
124	614	8	11	4	3	5
124	615	8	11	5	3	9
124	616	8	11	6	7	9
124	617	8	11	7	6	5
124	618	8	11	9	4	10
124	619	8	11	10	6	4
124	620	8	11	12	3	10
124	621	8	12	2	7	9
124	622	8	12	3	5	2
124	623	8	12	4	3	7
124	624	8	12	5	2	10
124	625	8	12	6	3	4
124	626	8	12	7	3	9
124	627	8	12	9	3	11
124	628	8	12	10	2	6
124	629	8	12	11	2	6
124	630	9	2	3	11	6
124	631	9	2	4	5	7
124	632	9	2	5	3	11
124	633	9	2	6	10	8
124	634	9	2	7	5	11
124	635	9	2	8	10	4
124	636	9	2	10	5	4
124	637	9	2	11	7	4
124	638	9	2	12	6	8
124	639	9	3	2	4	10
124	640	9	3	4	7	6
124	641	9	3	5	4	7
124	642	9	3	6	2	7
124	643	9	3	7	12	11
124	644	9	3	8	2	10
124	645	9	3	10	7	5
124	646	9	3	11	8	2
124	647	9	3	12	4	6
124	648	9	4	2	7	6
124	649	9	4	3	5	7
124	650	9	4	5	11	8
124	651	9	4	6	12	10
124	652	9	4	7	6	5
124	653	9	4	8	3	2
124	654	9	4	10	3	2
124	655	9	4	11	8	3
124	656	9	4	12	2	8
124	657	9	5	2	4	6
124	658	9	5	3	10	6
124	659	9	5	4	2	8
124	660	9	5	6	2	3
124	661	9	5	7	2	10
124	662	9	5	8	3	4
124	663	9	5	10	7	6
124	664	9	5	11	2	4
124	665	9	5	12	10	3
124	666	9	6	2	7	8
124	667	9	6	3	7	10
124	668	9	6	4	7	3
124	669	9	6	5	4	2
124	670	9	6	7	5	10
124	671	9	6	8	12	5
124	672	9	6	10	3	7
124	673	9	6	11	8	5
124	674	9	6	12	10	4
124	675	9	7	2	4	11
124	676	9	7	3	6	10
124	677	9	7	4	6	3
124	678	9	7	5	8	12
124	679	9	7	6	12	8
124	680	9	7	8	11	3
124	681	9	7	10	3	12
124	682	9	7	11	5	4
124	683	9	7	12	8	3
124	684	9	8	2	6	3
124	685	9	8	3	7	5
124	686	9	8	4	2	3
124	687	9	8	5	11	7
124	688	9	8	6	3	5
124	689	9	8	7	12	6
124	690	9	8	10	4	5
124	691	9	8	11	12	6
124	692	9	8	12	11	3
124	693	9	10	2	11	3
124	694	9	10	3	2	12
124	695	9	10	4	11	3
124	696	9	10	5	8	3
124	697	9	10	6	11	12
124	698	9	10	7	2	8
124	699	9	10	8	12	7
124	700	9	10	11	3	12
124	701	9	10	12	11	2
124	702	9	11	2	8	10
124	703	9	11	3	12	2
124	704	9	11	4	10	7
124	705	9	11	5	2	3
124	706	9	11	6	4	2
124	707	9	11	7	6	5
124	708	9	11	8	12	5
124	709	9	11	10	6	12
124	710	9	11	12	5	3
124	711	9	12	2	11	7
124	712	9	12	3	7	8
124	713	9	12	4	7	2
124	714	9	12	5	7	4
124	715	9	12	6	4	11
124	716	9	12	7	2	5
124	717	9	12	8	7	2
124	718	9	12	10	5	11
124	719	9	12	11	4	5
124	720	10	2	3	9	11
124	721	10	2	4	9	12
124	722	10	2	5	4	9
124	723	10	2	6	4	8
124	724	10	2	7	3	5
124	725	10	2	8	9	6
124	726	10	2	9	3	4
124	727	10	2	11	12	9
124	728	10	2	12	7	8
124	729	10	3	2	7	6
124	730	10	3	4	8	2
124	731	10	3	5	4	8
124	732	10	3	6	2	11
124	733	10	3	7	12	11
124	734	10	3	8	12	9
124	735	10	3	9	6	12
124	736	10	3	11	6	7
124	737	10	3	12	4	2
124	738	10	4	2	11	5
124	739	10	4	3	7	5
124	740	10	4	5	8	12
124	741	10	4	6	3	12
124	742	10	4	7	2	11
124	743	10	4	8	9	12
124	744	10	4	9	7	6
124	745	10	4	11	9	6
124	746	10	4	12	8	6
124	747	10	5	2	8	6
124	748	10	5	3	8	9
124	749	10	5	4	2	9
124	750	10	5	6	3	12
124	751	10	5	7	8	2
124	752	10	5	8	4	9
124	753	10	5	9	3	11
124	754	10	5	11	8	6
124	755	10	5	12	7	6
124	756	10	6	2	5	8
124	757	10	6	3	9	12
124	758	10	6	4	2	5
124	759	10	6	5	12	9
124	760	10	6	7	2	8
124	761	10	6	8	9	12
124	762	10	6	9	12	7
124	763	10	6	11	5	4
124	764	10	6	12	4	2
124	765	10	7	2	8	3
124	766	10	7	3	2	4
124	767	10	7	4	9	5
124	768	10	7	5	4	9
124	769	10	7	6	4	11
124	770	10	7	8	2	9
124	771	10	7	9	4	12
124	772	10	7	11	8	6
124	773	10	7	12	6	8
124	774	10	8	2	5	7
124	775	10	8	3	6	11
124	776	10	8	4	11	6
124	777	10	8	5	7	3
124	778	10	8	6	2	4
124	779	10	8	7	6	5
124	780	10	8	9	3	4
124	781	10	8	11	3	7
124	782	10	8	12	3	9
124	783	10	9	2	11	6
124	784	10	9	3	5	11
124	785	10	9	4	8	3
124	786	10	9	5	4	7
124	787	10	9	6	8	4
124	788	10	9	7	3	12
124	789	10	9	8	6	3
124	790	10	9	11	5	7
124	791	10	9	12	5	2
124	792	10	11	2	9	4
124	793	10	11	3	6	5
124	794	10	11	4	12	8
124	795	10	11	5	2	4
124	796	10	11	6	12	2
124	797	10	11	7	9	12
124	798	10	11	8	5	9
124	799	10	11	9	12	3
124	800	10	11	12	3	4
124	801	10	12	2	3	5
124	802	10	12	3	5	6
124	803	10	12	4	9	6
124	804	10	12	5	9	3
124	805	10	12	6	8	3
124	806	10	12	7	4	11
124	807	10	12	8	9	6
124	808	10	12	9	3	7
124	809	10	12	11	3	5
124	810	11	2	3	4	9
124	811	11	2	4	10	6
124	812	11	2	5	10	9
124	813	11	2	6	9	12
124	814	11	2	7	12	4
124	815	11	2	8	6	5
124	816	11	2	9	4	8
124	817	11	2	10	7	6
124	818	11	2	12	9	5
124	819	11	3	2	10	5
124	820	11	3	4	6	8
124	821	11	3	5	10	8
124	822	11	3	6	4	7
124	823	11	3	7	10	8
124	824	11	3	8	12	7
124	825	11	3	9	5	8
124	826	11	3	10	7	6
124	827	11	3	12	4	9
124	828	11	4	2	9	6
124	829	11	4	3	7	5
124	830	11	4	5	7	10
124	831	11	4	6	9	7
124	832	11	4	7	3	10
124	833	11	4	8	10	12
124	834	11	4	9	3	7
124	835	11	4	10	3	12
124	836	11	4	12	2	5
124	837	11	5	2	4	12
124	838	11	5	3	8	4
124	839	11	5	4	7	10
124	840	11	5	6	9	10
124	841	11	5	7	12	4
124	842	11	5	8	6	9
124	843	11	5	9	10	12
124	844	11	5	10	6	12
124	845	11	5	12	7	2
124	846	11	6	2	12	5
124	847	11	6	3	10	5
124	848	11	6	4	3	10
124	849	11	6	5	4	12
124	850	11	6	7	5	4
124	851	11	6	8	5	12
124	852	11	6	9	2	3
124	853	11	6	10	3	7
124	854	11	6	12	8	5
124	855	11	7	2	5	3
124	856	11	7	3	12	9
124	857	11	7	4	12	2
124	858	11	7	5	6	3
124	859	11	7	6	9	4
124	860	11	7	8	12	10
124	861	11	7	9	4	5
124	862	11	7	10	5	6
124	863	11	7	12	9	3
124	864	11	8	2	9	12
124	865	11	8	3	4	6
124	866	11	8	4	7	3
124	867	11	8	5	2	3
124	868	11	8	6	3	10
124	869	11	8	7	4	2
124	870	11	8	9	2	3
124	871	11	8	10	5	6
124	872	11	8	12	6	2
124	873	11	9	2	7	12
124	874	11	9	3	8	5
124	875	11	9	4	10	3
124	876	11	9	5	12	6
124	877	11	9	6	7	3
124	878	11	9	7	2	3
124	879	11	9	8	10	5
124	880	11	9	10	8	6
124	881	11	9	12	7	2
124	882	11	10	2	8	3
124	883	11	10	3	12	8
124	884	11	10	4	2	6
124	885	11	10	5	2	12
124	886	11	10	6	4	8
124	887	11	10	7	3	2
124	888	11	10	8	2	3
124	889	11	10	9	7	4
124	890	11	10	12	9	6
124	891	11	12	2	8	6
124	892	11	12	3	7	10
124	893	11	12	4	8	6
124	894	11	12	5	7	8
124	895	11	12	6	7	9
124	896	11	12	7	10	4
124	897	11	12	8	5	9
124	898	11	12	9	7	8
124	899	11	12	10	5	3
124	900	12	2	3	5	8
124	901	12	2	4	10	9
124	902	12	2	5	9	4
124	903	12	2	6	7	5
124	904	12	2	7	11	3
124	905	12	2	8	4	5
124	906	12	2	9	8	5
124	907	12	2	10	9	3
124	908	12	2	11	9	6
124	909	12	3	2	8	5
124	910	12	3	4	7	8
124	911	12	3	5	2	6
124	912	12	3	6	10	2
124	913	12	3	7	4	11
124	914	12	3	8	7	6
124	915	12	3	9	4	5
124	916	12	3	10	4	7
124	917	12	3	11	2	7
124	918	12	4	2	3	5
124	919	12	4	3	6	11
124	920	12	4	5	11	2
124	921	12	4	6	3	5
124	922	12	4	7	8	5
124	923	12	4	8	11	2
124	924	12	4	9	8	11
124	925	12	4	10	3	11
124	926	12	4	11	8	7
124	927	12	5	2	9	4
124	928	12	5	3	6	8
124	929	12	5	4	9	10
124	930	12	5	6	8	9
124	931	12	5	7	4	3
124	932	12	5	8	3	11
124	933	12	5	9	7	3
124	934	12	5	10	11	7
124	935	12	5	11	8	3
124	936	12	6	2	4	5
124	937	12	6	3	2	5
124	938	12	6	4	11	5
124	939	12	6	5	2	10
124	940	12	6	7	5	2
124	941	12	6	8	5	3
124	942	12	6	9	8	2
124	943	12	6	10	5	4
124	944	12	6	11	2	8
124	945	12	7	2	8	5
124	946	12	7	3	4	10
124	947	12	7	4	6	9
124	948	12	7	5	10	3
124	949	12	7	6	4	5
124	950	12	7	8	3	11
124	951	12	7	9	3	8
124	952	12	7	10	6	2
124	953	12	7	11	4	6
124	954	12	8	2	4	9
124	955	12	8	3	7	6
124	956	12	8	4	11	10
124	957	12	8	5	9	6
124	958	12	8	6	2	3
124	959	12	8	7	3	5
124	960	12	8	9	4	7
124	961	12	8	10	7	5
124	962	12	8	11	5	10
124	963	12	9	2	5	8
124	964	12	9	3	6	5
124	965	12	9	4	8	10
124	966	12	9	5	8	11
124	967	12	9	6	5	3
124	968	12	9	7	6	10
124	969	12	9	8	5	3
124	970	12	9	10	8	7
124	971	12	9	11	7	4
124	972	12	10	2	4	6
124	973	12	10	3	5	4
124	974	12	10	4	5	8
124	975	12	10	5	6	4
124	976	12	10	6	9	4
124	977	12	10	7	3	2
124	978	12	10	8	3	6
124	979	12	10	9	8	5
124	980	12	10	11	8	3
124	981	12	11	2	3	5
124	982	12	11	3	6	9
124	983	12	11	4	8	7
124	984	12	11	5	2	6
124	985	12	11	6	9	8
124	986	12	11	7	3	6
124	987	12	11	8	3	2
124	988	12	11	9	5	6
124	989	12	11	10	5	4
128	0	2	3	4	5	10
128	1	2	3	5	9	10
128	2	2	3	6	8	10
128	3	2	3	7	12	8
128	4	2	3	8	9	7
128	5	2	3	9	12	11
128	6	2	3	10	12	9
128	7	2	3	11	5	6
128	8	2	3	12	4	5
128	9	2	4	3	8	5
128	10	2	4	5	7	6
128	11	2	4	6	12	8
128	12	2	4	7	9	6
128	13	2	4	8	11	5
128	14	2	4	9	12	8
128	15	2	4	10	11	3
128	16	2	4	11	6	9
128	17	2	4	12	11	10
128	18	2	5	3	12	10
128	19	2	5	4	6	10
128	20	2	5	6	10	9
128	21	2	5	7	11	12
128	22	2	5	8	12	4
128	23	2	5	9	7	10
128	24	2	5	10	11	12
128	25	2	5	11	9	8
128	26	2	5	12	7	9
128	27	2	6	3	4	11
128	28	2	6	4	7	5
128	29	2	6	5	8	12
128	30	2	6	7	10	9
128	31	2	6	8	12	11
128	32	2	6	9	11	7
128	33	2	6	10	7	11
128	34	2	6	11	5	9
128	35	2	6	12	8	4
128	36	2	7	3	4	8
128	37	2	7	4	3	8
128	38	2	7	5	11	4
128	39	2	7	6	5	4
128	40	2	7	8	6	9
128	41	2	7	9	5	4
128	42	2	7	10	8	12
128	43	2	7	11	10	6
128	44	2	7	12	9	3
128	45	2	8	3	7	12
128	46	2	8	4	7	11
128	47	2	8	5	12	10
128	48	2	8	6	7	10
128	49	2	8	7	10	4
128	50	2	8	9	4	3
128	51	2	8	10	3	9
128	52	2	8	11	12	10
128	53	2	8	12	9	11
128	54	2	9	3	10	7
128	55	2	9	4	12	11
128	56	2	9	5	8	10
128	57	2	9	6	7	8
128	58	2	9	7	8	10
128	59	2	9	8	3	7
128	60	2	9	10	3	12
128	61	2	9	11	6	3
128	62	2	9	12	11	3
128	63	2	10	3	7	9
128	64	2	10	4	11	12
128	65	2	10	5	4	9
128	66	2	10	6	7	9
128	67	2	10	7	5	12
128	68	2	10	8	11	4
128	69	2	10	9	7	8
128	70	2	10	11	4	7
128	71	2	10	12	3	9
128	72	2	11	3	12	5
128	73	2	11	4	5	6
128	74	2	11	5	10	6
128	75	2	11	6	4	5
128	76	2	11	7	10	5
128	77	2	11	8	4	7
128	78	2	11	9	10	5
128	79	2	11	10	7	5
128	80	2	11	12	10	6
128	81	2	12	3	8	10
128	82	2	12	4	7	5
128	83	2	12	5	11	10
128	84	2	12	6	9	10
128	85	2	12	7	10	11
128	86	2	12	8	4	9
128	87	2	12	9	8	6
128	88	2	12	10	4	3
128	89	2	12	11	3	7
128	90	3	2	4	5	10
128	91	3	2	5	4	10
128	92	3	2	6	11	9
128	93	3	2	7	6	12
128	94	3	2	8	12	6
128	95	3	2	9	11	8
128	96	3	2	10	6	11
128	97	3	2	11	5	10
128	98	3	2	12	4	5
128	99	3	4	2	10	6
128	100	3	4	5	6	10
128	101	3	4	6	9	10
128	102	3	4	7	10	6
128	103	3	4	8	9	10
128	104	3	4	9	8	11
128	105	3	4	10	11	7
128	106	3	4	11	5	6
128	107	3	4	12	10	6
128	108	3	5	2	11	4
128	109	3	5	4	11	10
128	110	3	5	6	8	12
128	111	3	5	7	6	12
128	112	3	5	8	12	7
128	113	3	5	9	12	6
128	114	3	5	10	8	11
128	115	3	5	11	6	10
128	116	3	5	12	9	10
128	117	3	6	2	11	10
128	118	3	6	4	10	8
128	119	3	6	5	11	4
128	120	3	6	7	5	9
128	121	3	6	8	7	11
128	122	3	6	9	7	5
128	123	3	6	10	4	2
128	124	3	6	11	9	4
128	125	3	6	12	10	5
128	126	3	7	2	5	11
128	127	3	7	4	2	6
128	128	3	7	5	10	2
128	129	3	7	6	8	9
128	130	3	7	8	9	4
128	131	3	7	9	8	10
128	132	3	7	10	4	2
128	133	3	7	11	6	2
128	134	3	7	12	4	5
128	135	3	8	2	9	7
128	136	3	8	4	6	11
128	137	3	8	5	12	10
128	138	3	8	6	2	4
128	139	3	8	7	9	11
128	140	3	8	9	2	10
128	141	3	8	10	2	4
128	142	3	8	11	7	10
128	143	3	8	12	11	5
128	144	3	9	2	10	7
128	145	3	9	4	12	11
128	146	3	9	5	11	6
128	147	3	9	6	5	7
128	148	3	9	7	5	10
128	149	3	9	8	6	5
128	150	3	9	10	2	7
128	151	3	9	11	5	6
128	152	3	9	12	11	7
128	153	3	10	2	8	9
128	154	3	10	4	5	7
128	155	3	10	5	2	12
128	156	3	10	6	11	8
128	157	3	10	7	9	8
128	158	3	10	8	2	7
128	159	3	10	9	2	11
128	160	3	10	11	7	12
128	161	3	10	12	4	11
128	162	3	11	2	5	8
128	163	3	11	4	12	5
128	164	3	11	5	8	2
128	165	3	11	6	2	5
128	166	3	11	7	4	2
128	167	3	11	8	5	6
128	168	3	11	9	5	4
128	169	3	11	10	9	4
128	170	3	11	12	4	5
128	171	3	12	2	8	11
128	172	3	12	4	10	11
128	173	3	12	5	11	10
128	174	3	12	6	10	7
128	175	3	12	7	8	11
128	176	3	12	8	7	10
128	177	3	12	9	6	4
128	178	3	12	10	2	8
128	179	3	12	11	8	10
128	180	4	2	3	10	6
128	181	4	2	5	11	12
128	182	4	2	6	8	12
128	183	4	2	7	12	10
128	184	4	2	8	3	5
128	185	4	2	9	10	7
128	186	4	2	10	11	7
128	187	4	2	11	6	8
128	188	4	2	12	5	7
128	189	4	3	2	11	9
128	190	4	3	5	10	8
128	191	4	3	6	5	9
128	192	4	3	7	9	10
128	193	4	3	8	7	9
128	194	4	3	9	5	7
128	195	4	3	10	5	7
128	196	4	3	11	12	9
128	197	4	3	12	11	8
128	198	4	5	2	6	11
128	199	4	5	3	11	9
128	200	4	5	6	7	8
128	201	4	5	7	9	11
128	202	4	5	8	10	12
128	203	4	5	9	3	10
128	204	4	5	10	12	8
128	205	4	5	11	10	9
128	206	4	5	12	8	11
128	207	4	6	2	5	11
128	208	4	6	3	11	10
128	209	4	6	5	3	11
128	210	4	6	7	3	12
128	211	4	6	8	11	9
128	212	4	6	9	7	12
128	213	4	6	10	7	3
128	214	4	6	11	10	12
128	215	4	6	12	5	2
128	216	4	7	2	6	11
128	217	4	7	3	5	9
128	218	4	7	5	9	6
128	219	4	7	6	3	2
128	220	4	7	8	11	12
128	221	4	7	9	11	2
128	222	4	7	10	6	5
128	223	4	7	11	12	10
128	224	4	7	12	5	2
128	225	4	8	2	5	12
128	226	4	8	3	2	5
128	227	4	8	5	11	10
128	228	4	8	6	2	7
128	229	4	8	7	10	2
128	230	4	8	9	11	12
128	231	4	8	10	12	9
128	232	4	8	11	5	3
128	233	4	8	12	11	5
128	234	4	9	2	8	6
128	235	4	9	3	6	2
128	236	4	9	5	8	7
128	237	4	9	6	12	7
128	238	4	9	7	3	2
128	239	4	9	8	10	6
128	240	4	9	10	2	8
128	241	4	9	11	5	12
128	242	4	9	12	7	6
128	243	4	10	2	11	6
128	244	4	10	3	7	5
128	245	4	10	5	8	7
128	246	4	10	6	11	3
128	247	4	10	7	8	12
128	248	4	10	8	7	3
128	249	4	10	9	8	12
128	250	4	10	11	8	5
128	251	4	10	12	7	9
128	252	4	11	2	12	3
128	253	4	11	3	2	9
128	254	4	11	5	10	9
128	255	4	11	6	7	12
128	256	4	11	7	3	6
128	257	4	11	8	12	3
128	258	4	11	9	12	8
128	259	4	11	10	8	7
128	260	4	11	12	7	9
128	261	4	12	2	8	6
128	262	4	12	3	10	11
128	263	4	12	5	7	8
128	264	4	12	6	2	10
128	265	4	12	7	11	3
128	266	4	12	8	10	7
128	267	4	12	9	10	7
128	268	4	12	10	11	2
128	269	4	12	11	7	10
128	270	5	2	3	12	6
128	271	5	2	4	7	11
128	272	5	2	6	4	3
128	273	5	2	7	10	11
128	274	5	2	8	3	4
128	275	5	2	9	3	8
128	276	5	2	10	7	3
128	277	5	2	11	10	3
128	278	5	2	12	8	3
128	279	5	3	2	12	9
128	280	5	3	4	6	7
128	281	5	3	6	8	4
128	282	5	3	7	9	10
128	283	5	3	8	10	4
128	284	5	3	9	10	7
128	285	5	3	10	9	11
128	286	5	3	11	8	7
128	287	5	3	12	4	7
128	288	5	4	2	8	11
128	289	5	4	3	6	10
128	290	5	4	6	2	3
128	291	5	4	7	9	11
128	292	5	4	8	2	7
128	293	5	4	9	3	6
128	294	5	4	10	6	3
128	295	5	4	11	9	10
128	296	5	4	12	6	8
128	297	5	6	2	12	4
128	298	5	6	3	9	11
128	299	5	6	4	3	7
128	300	5	6	7	11	2
128	301	5	6	8	12	11
128	302	5	6	9	11	7
128	303	5	6	10	3	11
128	304	5	6	11	2	12
128	305	5	6	12	3	9
128	306	5	7	2	4	3
128	307	5	7	3	9	12
128	308	5	7	4	6	3
128	309	5	7	6	8	12
128	310	5	7	8	11	4
128	311	5	7	9	8	12
128	312	5	7	10	3	4
128	313	5	7	11	3	4
128	314	5	7	12	9	8
128	315	5	8	2	6	9
128	316	5	8	3	12	9
128	317	5	8	4	10	7
128	318	5	8	6	10	3
128	319	5	8	7	11	2
128	320	5	8	9	12	4
128	321	5	8	10	11	6
128	322	5	8	11	10	2
128	323	5	8	12	2	10
128	324	5	9	2	12	6
128	325	5	9	3	11	6
128	326	5	9	4	10	11
128	327	5	9	6	12	3
128	328	5	9	7	10	8
128	329	5	9	8	11	3
128	330	5	9	10	8	2
128	331	5	9	11	12	4
128	332	5	9	12	3	8
128	333	5	10	2	6	8
128	334	5	10	3	6	11
128	335	5	10	4	9	3
128	336	5	10	6	3	11
128	337	5	10	7	8	2
128	338	5	10	8	2	9
128	339	5	10	9	3	7
128	340	5	10	11	3	9
128	341	5	10	12	8	3
128	342	5	11	2	8	4
128	343	5	11	3	10	8
128	344	5	11	4	3	6
128	345	5	11	6	10	12
128	346	5	11	7	9	6
128	347	5	11	8	3	6
128	348	5	11	9	8	2
128	349	5	11	10	4	6
128	350	5	11	12	10	4
128	351	5	12	2	10	6
128	352	5	12	3	7	4
128	353	5	12	4	2	11
128	354	5	12	6	11	10
128	355	5	12	7	4	3
128	356	5	12	8	7	9
128	357	5	12	9	4	3
128	358	5	12	10	9	7
128	359	5	12	11	9	2
128	360	6	2	3	4	12
128	361	6	2	4	3	9
128	362	6	2	5	8	3
128	363	6	2	7	9	10
128	364	6	2	8	10	12
128	365	6	2	9	11	3
128	366	6	2	10	5	4
128	367	6	2	11	7	10
128	368	6	2	12	5	11
128	369	6	3	2	7	8
128	370	6	3	4	2	7
128	371	6	3	5	12	9
128	372	6	3	7	5	9
128	373	6	3	8	9	7
128	374	6	3	9	12	7
128	375	6	3	10	12	2
128	376	6	3	11	2	7
128	377	6	3	12	5	9
128	378	6	4	2	12	3
128	379	6	4	3	12	5
128	380	6	4	5	8	7
128	381	6	4	7	2	8
128	382	6	4	8	7	12
128	383	6	4	9	7	5
128	384	6	4	10	11	5
128	385	6	4	11	10	7
128	386	6	4	12	9	7
128	387	6	5	2	11	7
128	388	6	5	3	12	10
128	389	6	5	4	11	3
128	390	6	5	7	3	4
128	391	6	5	8	11	3
128	392	6	5	9	3	12
128	393	6	5	10	7	9
128	394	6	5	11	7	8
128	395	6	5	12	9	3
128	396	6	7	2	8	4
128	397	6	7	3	9	4
128	398	6	7	4	12	10
128	399	6	7	5	10	3
128	400	6	7	8	9	11
128	401	6	7	9	8	5
128	402	6	7	10	2	9
128	403	6	7	11	3	9
128	404	6	7	12	9	4
128	405	6	8	2	3	5
128	406	6	8	3	2	5
128	407	6	8	4	3	2
128	408	6	8	5	7	11
128	409	6	8	7	11	10
128	410	6	8	9	11	4
128	411	6	8	10	11	2
128	412	6	8	11	4	5
128	413	6	8	12	7	3
128	414	6	9	2	10	4
128	415	6	9	3	11	12
128	416	6	9	4	7	11
128	417	6	9	5	2	7
128	418	6	9	7	4	2
128	419	6	9	8	7	3
128	420	6	9	10	8	7
128	421	6	9	11	7	5
128	422	6	9	12	5	10
128	423	6	10	2	11	3
128	424	6	10	3	8	12
128	425	6	10	4	11	12
128	426	6	10	5	7	2
128	427	6	10	7	11	12
128	428	6	10	8	4	3
128	429	6	10	9	7	11
128	430	6	10	11	8	3
128	431	6	10	12	8	3
128	432	6	11	2	10	9
128	433	6	11	3	5	8
128	434	6	11	4	3	9
128	435	6	11	5	7	12
128	436	6	11	7	4	10
128	437	6	11	8	12	7
128	438	6	11	9	8	2
128	439	6	11	10	7	8
128	440	6	11	12	9	4
128	441	6	12	2	10	5
128	442	6	12	3	11	8
128	443	6	12	4	11	8
128	444	6	12	5	11	4
128	445	6	12	7	4	5
128	446	6	12	8	5	7
128	447	6	12	9	11	7
128	448	6	12	10	5	2
128	449	6	12	11	5	10
128	450	7	2	3	4	6
128	451	7	2	4	9	8
128	452	7	2	5	10	12
128	453	7	2	6	11	10
128	454	7	2	8	6	10
128	455	7	2	9	11	3
128	456	7	2	10	11	8
128	457	7	2	11	3	5
128	458	7	2	12	8	6
128	459	7	3	2	12	10
128	460	7	3	4	8	6
128	461	7	3	5	9	11
128	462	7	3	6	4	10
128	463	7	3	8	4	5
128	464	7	3	9	10	5
128	465	7	3	10	5	8
128	466	7	3	11	12	5
128	467	7	3	12	8	10
128	468	7	4	2	9	3
128	469	7	4	3	12	6
128	470	7	4	5	3	12
128	471	7	4	6	11	3
128	472	7	4	8	2	9
128	473	7	4	9	6	11
128	474	7	4	10	5	2
128	475	7	4	11	12	10
128	476	7	4	12	3	6
128	477	7	5	2	8	12
128	478	7	5	3	10	8
128	479	7	5	4	3	11
128	480	7	5	6	12	8
128	481	7	5	8	9	3
128	482	7	5	9	8	10
128	483	7	5	10	4	3
128	484	7	5	11	2	10
128	485	7	5	12	2	3
128	486	7	6	2	12	8
128	487	7	6	3	5	2
128	488	7	6	4	8	11
128	489	7	6	5	11	4
128	490	7	6	8	4	11
128	491	7	6	9	10	12
128	492	7	6	10	8	3
128	493	7	6	11	10	12
128	494	7	6	12	8	5
128	495	7	8	2	12	5
128	496	7	8	3	10	4
128	497	7	8	4	11	5
128	498	7	8	5	12	10
128	499	7	8	6	11	10
128	500	7	8	9	2	10
128	501	7	8	10	3	4
128	502	7	8	11	4	10
128	503	7	8	12	10	5
128	504	7	9	2	5	6
128	505	7	9	3	2	10
128	506	7	9	4	5	11
128	507	7	9	5	11	3
128	508	7	9	6	11	5
128	509	7	9	8	3	10
128	510	7	9	10	6	12
128	511	7	9	11	5	2
128	512	7	9	12	11	5
128	513	7	10	2	12	3
128	514	7	10	3	8	5
128	515	7	10	4	8	5
128	516	7	10	5	9	11
128	517	7	10	6	9	8
128	518	7	10	8	5	9
128	519	7	10	9	3	4
128	520	7	10	11	9	6
128	521	7	10	12	4	5
128	522	7	11	2	8	4
128	523	7	11	3	5	2
128	524	7	11	4	8	12
128	525	7	11	5	3	6
128	526	7	11	6	4	5
128	527	7	11	8	4	3
128	528	7	11	9	6	10
128	529	7	11	10	2	3
128	530	7	11	12	3	9
128	531	7	12	2	6	4
128	532	7	12	3	11	10
128	533	7	12	4	3	11
128	534	7	12	5	4	6
128	535	7	12	6	2	9
128	536	7	12	8	6	5
128	537	7	12	9	6	4
128	538	7	12	10	8	2
128	539	7	12	11	3	2
128	540	8	2	3	12	10
128	541	8	2	4	3	5
128	542	8	2	5	9	10
128	543	8	2	6	3	7
128	544	8	2	7	9	5
128	545	8	2	9	3	11
128	546	8	2	10	6	12
128	547	8	2	11	7	9
128	548	8	2	12	6	10
128	549	8	3	2	4	10
128	550	8	3	4	12	7
128	551	8	3	5	2	6
128	552	8	3	6	2	12
128	553	8	3	7	12	4
128	554	8	3	9	2	6
128	555	8	3	10	12	4
128	556	8	3	11	4	5
128	557	8	3	12	6	2
128	558	8	4	2	10	7
128	559	8	4	3	5	11
128	560	8	4	5	10	2
128	561	8	4	6	12	11
128	562	8	4	7	2	6
128	563	8	4	9	7	11
128	564	8	4	10	5	6
128	565	8	4	11	12	6
128	566	8	4	12	6	2
128	567	8	5	2	7	6
128	568	8	5	3	10	11
128	569	8	5	4	11	10
128	570	8	5	6	2	4
128	571	8	5	7	4	6
128	572	8	5	9	4	10
128	573	8	5	10	11	9
128	574	8	5	11	12	6
128	575	8	5	12	11	3
128	576	8	6	2	10	4
128	577	8	6	3	9	4
128	578	8	6	4	10	3
128	579	8	6	5	7	12
128	580	8	6	7	5	12
128	581	8	6	9	12	4
128	582	8	6	10	9	4
128	583	8	6	11	12	10
128	584	8	6	12	4	10
128	585	8	7	2	6	9
128	586	8	7	3	5	4
128	587	8	7	4	5	3
128	588	8	7	5	12	9
128	589	8	7	6	12	4
128	590	8	7	9	5	10
128	591	8	7	10	12	5
128	592	8	7	11	4	9
128	593	8	7	12	4	10
128	594	8	9	2	3	6
128	595	8	9	3	4	6
128	596	8	9	4	12	10
128	597	8	9	5	3	11
128	598	8	9	6	2	5
128	599	8	9	7	10	12
128	600	8	9	10	11	3
128	601	8	9	11	2	10
128	602	8	9	12	5	10
128	603	8	10	2	9	12
128	604	8	10	3	7	4
128	605	8	10	4	9	2
128	606	8	10	5	2	11
128	607	8	10	6	4	3
128	608	8	10	7	4	6
128	609	8	10	9	11	12
128	610	8	10	11	5	12
128	611	8	10	12	11	6
128	612	8	11	2	7	9
128	613	8	11	3	7	10
128	614	8	11	4	6	2
128	615	8	11	5	7	10
128	616	8	11	6	12	5
128	617	8	11	7	6	4
128	618	8	11	9	6	3
128	619	8	11	10	9	2
128	620	8	11	12	2	7
128	621	8	12	2	7	5
128	622	8	12	3	7	9
128	623	8	12	4	3	11
128	624	8	12	5	10	3
128	625	8	12	6	4	10
128	626	8	12	7	4	11
128	627	8	12	9	4	2
128	628	8	12	10	2	11
128	629	8	12	11	7	9
128	630	9	2	3	10	6
128	631	9	2	4	8	11
128	632	9	2	5	7	3
128	633	9	2	6	8	10
128	634	9	2	7	6	4
128	635	9	2	8	5	7
128	636	9	2	10	11	8
128	637	9	2	11	8	10
128	638	9	2	12	8	3
128	639	9	3	2	4	12
128	640	9	3	4	12	7
128	641	9	3	5	4	8
128	642	9	3	6	12	10
128	643	9	3	7	12	2
128	644	9	3	8	4	6
128	645	9	3	10	6	11
128	646	9	3	11	12	2
128	647	9	3	12	10	7
128	648	9	4	2	5	10
128	649	9	4	3	11	12
128	650	9	4	5	6	11
128	651	9	4	6	11	3
128	652	9	4	7	10	3
128	653	9	4	8	11	10
128	654	9	4	10	8	11
128	655	9	4	11	8	2
128	656	9	4	12	2	8
128	657	9	5	2	7	8
128	658	9	5	3	11	10
128	659	9	5	4	10	11
128	660	9	5	6	7	12
128	661	9	5	7	3	12
128	662	9	5	8	10	12
128	663	9	5	10	7	2
128	664	9	5	11	2	8
128	665	9	5	12	10	11
128	666	9	6	2	11	3
128	667	9	6	3	2	7
128	668	9	6	4	2	8
128	669	9	6	5	10	4
128	670	9	6	7	5	12
128	671	9	6	8	12	11
128	672	9	6	10	8	5
128	673	9	6	11	8	7
128	674	9	6	12	5	8
128	675	9	7	2	4	5
128	676	9	7	3	12	6
128	677	9	7	4	12	8
128	678	9	7	5	6	10
128	679	9	7	6	8	11
128	680	9	7	8	4	10
128	681	9	7	10	11	12
128	682	9	7	11	8	10
128	683	9	7	12	10	3
128	684	9	8	2	11	5
128	685	9	8	3	6	12
128	686	9	8	4	11	10
128	687	9	8	5	12	11
128	688	9	8	6	11	7
128	689	9	8	7	3	5
128	690	9	8	10	2	3
128	691	9	8	11	5	12
128	692	9	8	12	2	6
128	693	9	10	2	6	12
128	694	9	10	3	8	12
128	695	9	10	4	3	11
128	696	9	10	5	7	6
128	697	9	10	6	5	7
128	698	9	10	7	11	2
128	699	9	10	8	5	6
128	700	9	10	11	5	3
128	701	9	10	12	3	6
128	702	9	11	2	8	6
128	703	9	11	3	12	10
128	704	9	11	4	5	3
128	705	9	11	5	6	3
128	706	9	11	6	3	2
128	707	9	11	7	3	8
128	708	9	11	8	4	7
128	709	9	11	10	8	7
128	710	9	11	12	4	6
128	711	9	12	2	7	3
128	712	9	12	3	10	2
128	713	9	12	4	8	7
128	714	9	12	5	10	6
128	715	9	12	6	7	5
128	716	9	12	7	2	4
128	717	9	12	8	3	6
128	718	9	12	10	4	6
128	719	9	12	11	10	7
128	720	10	2	3	12	8
128	721	10	2	4	5	7
128	722	10	2	5	6	8
128	723	10	2	6	4	12
128	724	10	2	7	6	8
128	725	10	2	8	9	3
128	726	10	2	9	6	8
128	727	10	2	11	9	8
128	728	10	2	12	8	4
128	729	10	3	2	4	12
128	730	10	3	4	7	9
128	731	10	3	5	2	9
128	732	10	3	6	11	2
128	733	10	3	7	9	4
128	734	10	3	8	5	7
128	735	10	3	9	7	2
128	736	10	3	11	12	6
128	737	10	3	12	7	8
128	738	10	4	2	11	8
128	739	10	4	3	5	11
128	740	10	4	5	2	11
128	741	10	4	6	3	8
128	742	10	4	7	12	3
128	743	10	4	8	6	11
128	744	10	4	9	6	3
128	745	10	4	11	3	7
128	746	10	4	12	6	5
128	747	10	5	2	4	11
128	748	10	5	3	9	4
128	749	10	5	4	2	3
128	750	10	5	6	4	3
128	751	10	5	7	4	9
128	752	10	5	8	2	4
128	753	10	5	9	11	7
128	754	10	5	11	12	2
128	755	10	5	12	3	2
128	756	10	6	2	9	11
128	757	10	6	3	7	8
128	758	10	6	4	2	8
128	759	10	6	5	7	4
128	760	10	6	7	2	11
128	761	10	6	8	3	11
128	762	10	6	9	5	8
128	763	10	6	11	3	9
128	764	10	6	12	4	8
128	765	10	7	2	11	4
128	766	10	7	3	8	4
128	767	10	7	4	11	9
128	768	10	7	5	2	12
128	769	10	7	6	11	5
128	770	10	7	8	2	3
128	771	10	7	9	5	2
128	772	10	7	11	5	6
128	773	10	7	12	2	11
128	774	10	8	2	11	6
128	775	10	8	3	9	12
128	776	10	8	4	5	9
128	777	10	8	5	3	11
128	778	10	8	6	7	12
128	779	10	8	7	6	11
128	780	10	8	9	11	12
128	781	10	8	11	9	7
128	782	10	8	12	2	9
128	783	10	9	2	3	6
128	784	10	9	3	8	2
128	785	10	9	4	12	6
128	786	10	9	5	12	11
128	787	10	9	6	3	12
128	788	10	9	7	4	8
128	789	10	9	8	4	11
128	790	10	9	11	3	8
128	791	10	9	12	6	7
128	792	10	11	2	7	8
128	793	10	11	3	9	2
128	794	10	11	4	8	2
128	795	10	11	5	8	9
128	796	10	11	6	9	12
128	797	10	11	7	4	8
128	798	10	11	8	2	12
128	799	10	11	9	7	5
128	800	10	11	12	7	4
128	801	10	12	2	8	9
128	802	10	12	3	7	5
128	803	10	12	4	8	11
128	804	10	12	5	3	8
128	805	10	12	6	2	4
128	806	10	12	7	11	2
128	807	10	12	8	3	2
128	808	10	12	9	3	4
128	809	10	12	11	2	7
128	810	11	2	3	8	7
128	811	11	2	4	6	5
128	812	11	2	5	8	4
128	813	11	2	6	12	5
128	814	11	2	7	9	3
128	815	11	2	8	3	10
128	816	11	2	9	3	7
128	817	11	2	10	4	8
128	818	11	2	12	7	8
128	819	11	3	2	6	10
128	820	11	3	4	10	6
128	821	11	3	5	9	4
128	822	11	3	6	9	2
128	823	11	3	7	8	10
128	824	11	3	8	7	10
128	825	11	3	9	2	7
128	826	11	3	10	2	9
128	827	11	3	12	5	4
128	828	11	4	2	5	6
128	829	11	4	3	2	6
128	830	11	4	5	6	2
128	831	11	4	6	10	3
128	832	11	4	7	12	10
128	833	11	4	8	7	10
128	834	11	4	9	12	10
128	835	11	4	10	12	9
128	836	11	4	12	6	10
128	837	11	5	2	8	12
128	838	11	5	3	2	9
128	839	11	5	4	2	7
128	840	11	5	6	9	10
128	841	11	5	7	10	12
128	842	11	5	8	10	9
128	843	11	5	9	3	2
128	844	11	5	10	6	12
128	845	11	5	12	2	9
128	846	11	6	2	12	7
128	847	11	6	3	9	2
128	848	11	6	4	8	12
128	849	11	6	5	7	9
128	850	11	6	7	8	2
128	851	11	6	8	2	9
128	852	11	6	9	12	4
128	853	11	6	10	9	8
128	854	11	6	12	8	7
128	855	11	7	2	4	5
128	856	11	7	3	2	10
128	857	11	7	4	3	9
128	858	11	7	5	8	12
128	859	11	7	6	8	10
128	860	11	7	8	9	6
128	861	11	7	9	12	2
128	862	11	7	10	9	4
128	863	11	7	12	10	5
128	864	11	8	2	10	7
128	865	11	8	3	7	10
128	866	11	8	4	3	6
128	867	11	8	5	3	10
128	868	11	8	6	10	3
128	869	11	8	7	2	10
128	870	11	8	9	6	12
128	871	11	8	10	6	12
128	872	11	8	12	3	9
128	873	11	9	2	4	7
128	874	11	9	3	7	4
128	875	11	9	4	8	7
128	876	11	9	5	12	3
128	877	11	9	6	12	5
128	878	11	9	7	4	10
128	879	11	9	8	7	6
128	880	11	9	10	4	5
128	881	11	9	12	3	5
128	882	11	10	2	7	4
128	883	11	10	3	5	8
128	884	11	10	4	9	5
128	885	11	10	5	4	6
128	886	11	10	6	4	2
128	887	11	10	7	6	2
128	888	11	10	8	9	5
128	889	11	10	9	3	6
128	890	11	10	12	6	2
128	891	11	12	2	9	4
128	892	11	12	3	7	5
128	893	11	12	4	9	2
128	894	11	12	5	10	2
128	895	11	12	6	3	4
128	896	11	12	7	8	4
128	897	11	12	8	9	4
128	898	11	12	9	10	6
128	899	11	12	10	8	5
128	900	12	2	3	9	11
128	901	12	2	4	7	10
128	902	12	2	5	4	8
128	903	12	2	6	4	10
128	904	12	2	7	6	3
128	905	12	2	8	5	7
128	906	12	2	9	5	3
128	907	12	2	10	4	9
128	908	12	2	11	4	9
128	909	12	3	2	11	10
128	910	12	3	4	8	11
128	911	12	3	5	10	2
128	912	12	3	6	11	9
128	913	12	3	7	2	9
128	914	12	3	8	11	6
128	915	12	3	9	4	11
128	916	12	3	10	4	8
128	917	12	3	11	4	9
128	918	12	4	2	5	9
128	919	12	4	3	7	5
128	920	12	4	5	3	9
128	921	12	4	6	8	7
128	922	12	4	7	10	8
128	923	12	4	8	6	5
128	924	12	4	9	2	8
128	925	12	4	10	11	7
128	926	12	4	11	3	10
128	927	12	5	2	8	6
128	928	12	5	3	9	6
128	929	12	5	4	7	11
128	930	12	5	6	9	4
128	931	12	5	7	4	6
128	932	12	5	8	6	2
128	933	12	5	9	11	7
128	934	12	5	10	6	4
128	935	12	5	11	6	7
128	936	12	6	2	3	7
128	937	12	6	3	11	8
128	938	12	6	4	9	10
128	939	12	6	5	3	2
128	940	12	6	7	11	4
128	941	12	6	8	11	3
128	942	12	6	9	7	10
128	943	12	6	10	3	2
128	944	12	6	11	10	9
128	945	12	7	2	5	10
128	946	12	7	3	9	4
128	947	12	7	4	9	10
128	948	12	7	5	6	9
128	949	12	7	6	10	3
128	950	12	7	8	10	3
128	951	12	7	9	6	5
128	952	12	7	10	11	3
128	953	12	7	11	3	8
128	954	12	8	2	4	7
128	955	12	8	3	7	2
128	956	12	8	4	9	6
128	957	12	8	5	7	2
128	958	12	8	6	10	7
128	959	12	8	7	11	4
128	960	12	8	9	7	2
128	961	12	8	10	2	5
128	962	12	8	11	3	4
128	963	12	9	2	5	6
128	964	12	9	3	7	10
128	965	12	9	4	10	6
128	966	12	9	5	3	11
128	967	12	9	6	10	7
128	968	12	9	7	5	10
128	969	12	9	8	3	5
128	970	12	9	10	7	3
128	971	12	9	11	8	2
128	972	12	10	2	7	3
128	973	12	10	3	4	8
128	974	12	10	4	11	5
128	975	12	10	5	9	7
128	976	12	10	6	9	8
128	977	12	10	7	11	9
128	978	12	10	8	3	5
128	979	12	10	9	2	6
128	980	12	10	11	4	7
128	981	12	11	2	6	4
128	982	12	11	3	4	8
128	983	12	11	4	8	5
128	984	12	11	5	2	7
128	985	12	11	6	4	9
128	986	12	11	7	9	10
128	987	12	11	8	9	6
128	988	12	11	9	2	3
128	989	12	11	10	9	4
191	0	2	3	4	5	10
191	1	2	3	5	10	9
191	2	2	3	6	11	8
191	3	2	3	7	6	4
191	4	2	3	8	9	6
191	5	2	3	9	5	7
191	6	2	3	10	8	6
191	7	2	3	11	7	5
191	8	2	3	12	7	6
191	9	2	4	3	9	12
191	10	2	4	5	7	10
191	11	2	4	6	11	8
191	12	2	4	7	11	9
191	13	2	4	8	3	10
191	14	2	4	9	8	5
191	15	2	4	10	5	8
191	16	2	4	11	10	7
191	17	2	4	12	8	10
191	18	2	5	3	11	10
191	19	2	5	4	11	10
191	20	2	5	6	3	12
191	21	2	5	7	10	11
191	22	2	5	8	7	12
191	23	2	5	9	3	10
191	24	2	5	10	11	6
191	25	2	5	11	6	8
191	26	2	5	12	9	7
191	27	2	6	3	8	11
191	28	2	6	4	12	7
191	29	2	6	5	12	3
191	30	2	6	7	9	10
191	31	2	6	8	4	10
191	32	2	6	9	7	3
191	33	2	6	10	7	9
191	34	2	6	11	5	9
191	35	2	6	12	3	10
191	36	2	7	3	6	12
191	37	2	7	4	12	9
191	38	2	7	5	3	4
191	39	2	7	6	9	5
191	40	2	7	8	10	3
191	41	2	7	9	8	5
191	42	2	7	10	4	8
191	43	2	7	11	8	3
191	44	2	7	12	8	9
191	45	2	8	3	7	4
191	46	2	8	4	11	12
191	47	2	8	5	4	6
191	48	2	8	6	5	11
191	49	2	8	7	12	4
191	50	2	8	9	7	3
191	51	2	8	10	5	4
191	52	2	8	11	4	6
191	53	2	8	12	5	11
191	54	2	9	3	5	4
191	55	2	9	4	8	11
191	56	2	9	5	12	10
191	57	2	9	6	7	4
191	58	2	9	7	6	5
191	59	2	9	8	3	6
191	60	2	9	10	11	4
191	61	2	9	11	8	6
191	62	2	9	12	3	11
191	63	2	10	3	12	6
191	64	2	10	4	3	11
191	65	2	10	5	8	12
191	66	2	10	6	4	11
191	67	2	10	7	12	3
191	68	2	10	8	7	9
191	69	2	10	9	11	8
191	70	2	10	11	12	5
191	71	2	10	12	9	8
191	72	2	11	3	9	12
191	73	2	11	4	7	10
191	74	2	11	5	6	7
191	75	2	11	6	10	8
191	76	2	11	7	4	8
191	77	2	11	8	10	12
191	78	2	11	9	12	5
191	79	2	11	10	3	12
191	80	2	11	12	9	4
191	81	2	12	3	10	11
191	82	2	12	4	6	3
191	83	2	12	5	4	8
191	84	2	12	6	8	5
191	85	2	12	7	3	11
191	86	2	12	8	9	5
191	87	2	12	9	7	4
191	88	2	12	10	11	3
191	89	2	12	11	8	7
191	90	3	2	4	7	6
191	91	3	2	5	4	8
191	92	3	2	6	5	9
191	93	3	2	7	10	11
191	94	3	2	8	4	9
191	95	3	2	9	11	8
191	96	3	2	10	8	6
191	97	3	2	11	7	8
191	98	3	2	12	9	4
191	99	3	4	2	12	10
191	100	3	4	5	8	7
191	101	3	4	6	7	10
191	102	3	4	7	11	9
191	103	3	4	8	6	12
191	104	3	4	9	6	10
191	105	3	4	10	9	5
191	106	3	4	11	7	5
191	107	3	4	12	6	7
191	108	3	5	2	12	6
191	109	3	5	4	10	8
191	110	3	5	6	9	7
191	111	3	5	7	6	10
191	112	3	5	8	9	7
191	113	3	5	9	8	4
191	114	3	5	10	7	8
191	115	3	5	11	2	4
191	116	3	5	12	9	11
191	117	3	6	2	5	10
191	118	3	6	4	8	11
191	119	3	6	5	11	9
191	120	3	6	7	12	8
191	121	3	6	8	9	10
191	122	3	6	9	5	11
191	123	3	6	10	8	4
191	124	3	6	11	4	10
191	125	3	6	12	5	10
191	126	3	7	2	8	6
191	127	3	7	4	9	5
191	128	3	7	5	8	2
191	129	3	7	6	12	10
191	130	3	7	8	6	2
191	131	3	7	9	12	5
191	132	3	7	10	4	11
191	133	3	7	11	12	4
191	134	3	7	12	11	4
191	135	3	8	2	6	9
191	136	3	8	4	10	2
191	137	3	8	5	2	4
191	138	3	8	6	12	2
191	139	3	8	7	6	9
191	140	3	8	9	5	12
191	141	3	8	10	7	4
191	142	3	8	11	10	12
191	143	3	8	12	5	2
191	144	3	9	2	12	11
191	145	3	9	4	2	5
191	146	3	9	5	8	12
191	147	3	9	6	2	4
191	148	3	9	7	8	6
191	149	3	9	8	11	4
191	150	3	9	10	4	2
191	151	3	9	11	2	6
191	152	3	9	12	2	11
191	153	3	10	2	5	9
191	154	3	10	4	6	2
191	155	3	10	5	11	6
191	156	3	10	6	4	2
191	157	3	10	7	11	2
191	158	3	10	8	7	2
191	159	3	10	9	2	11
191	160	3	10	11	5	6
191	161	3	10	12	11	9
191	162	3	11	2	4	6
191	163	3	11	4	8	7
191	164	3	11	5	4	6
191	165	3	11	6	7	12
191	166	3	11	7	8	4
191	167	3	11	8	9	6
191	168	3	11	9	5	12
191	169	3	11	10	6	12
191	170	3	11	12	9	2
191	171	3	12	2	4	9
191	172	3	12	4	10	11
191	173	3	12	5	9	10
191	174	3	12	6	8	11
191	175	3	12	7	8	6
191	176	3	12	8	9	4
191	177	3	12	9	6	2
191	178	3	12	10	7	11
191	179	3	12	11	2	10
191	180	4	2	3	6	7
191	181	4	2	5	10	11
191	182	4	2	6	11	8
191	183	4	2	7	10	12
191	184	4	2	8	10	11
191	185	4	2	9	11	8
191	186	4	2	10	7	6
191	187	4	2	11	12	6
191	188	4	2	12	3	8
191	189	4	3	2	11	6
191	190	4	3	5	6	2
191	191	4	3	6	11	2
191	192	4	3	7	10	2
191	193	4	3	8	9	6
191	194	4	3	9	2	12
191	195	4	3	10	2	12
191	196	4	3	11	2	10
191	197	4	3	12	2	10
191	198	4	5	2	11	10
191	199	4	5	3	12	2
191	200	4	5	6	2	11
191	201	4	5	7	10	11
191	202	4	5	8	6	7
191	203	4	5	9	2	10
191	204	4	5	10	8	12
191	205	4	5	11	2	8
191	206	4	5	12	6	2
191	207	4	6	2	5	7
191	208	4	6	3	12	8
191	209	4	6	5	12	9
191	210	4	6	7	12	8
191	211	4	6	8	11	3
191	212	4	6	9	5	12
191	213	4	6	10	8	9
191	214	4	6	11	5	7
191	215	4	6	12	3	8
191	216	4	7	2	9	6
191	217	4	7	3	11	9
191	218	4	7	5	8	3
191	219	4	7	6	9	11
191	220	4	7	8	5	10
191	221	4	7	9	5	8
191	222	4	7	10	2	8
191	223	4	7	11	9	3
191	224	4	7	12	8	5
191	225	4	8	2	10	7
191	226	4	8	3	2	6
191	227	4	8	5	6	11
191	228	4	8	6	7	2
191	229	4	8	7	2	6
191	230	4	8	9	2	11
191	231	4	8	10	7	6
191	232	4	8	11	12	2
191	233	4	8	12	2	5
191	234	4	9	2	12	3
191	235	4	9	3	11	10
191	236	4	9	5	2	10
191	237	4	9	6	5	12
191	238	4	9	7	2	8
191	239	4	9	8	5	6
191	240	4	9	10	8	2
191	241	4	9	11	10	5
191	242	4	9	12	7	8
191	243	4	10	2	12	6
191	244	4	10	3	5	9
191	245	4	10	5	7	12
191	246	4	10	6	5	7
191	247	4	10	7	12	2
191	248	4	10	8	7	11
191	249	4	10	9	6	3
191	250	4	10	11	5	8
191	251	4	10	12	5	3
191	252	4	11	2	3	12
191	253	4	11	3	6	5
191	254	4	11	5	7	6
191	255	4	11	6	9	10
191	256	4	11	7	12	2
191	257	4	11	8	10	9
191	258	4	11	9	2	7
191	259	4	11	10	3	2
191	260	4	11	12	5	10
191	261	4	12	2	8	3
191	262	4	12	3	7	5
191	263	4	12	5	3	9
191	264	4	12	6	8	2
191	265	4	12	7	10	5
191	266	4	12	8	9	11
191	267	4	12	9	10	11
191	268	4	12	10	6	5
191	269	4	12	11	2	7
191	270	5	2	3	8	12
191	271	5	2	4	6	7
191	272	5	2	6	10	7
191	273	5	2	7	10	11
191	274	5	2	8	6	9
191	275	5	2	9	6	12
191	276	5	2	10	6	8
191	277	5	2	11	4	8
191	278	5	2	12	4	7
191	279	5	3	2	12	9
191	280	5	3	4	6	8
191	281	5	3	6	8	2
191	282	5	3	7	10	6
191	283	5	3	8	12	11
191	284	5	3	9	7	4
191	285	5	3	10	4	11
191	286	5	3	11	12	6
191	287	5	3	12	4	6
191	288	5	4	2	8	12
191	289	5	4	3	2	6
191	290	5	4	6	12	8
191	291	5	4	7	11	8
191	292	5	4	8	12	11
191	293	5	4	9	6	2
191	294	5	4	10	8	6
191	295	5	4	11	12	9
191	296	5	4	12	3	2
191	297	5	6	2	11	9
191	298	5	6	3	10	8
191	299	5	6	4	7	10
191	300	5	6	7	8	11
191	301	5	6	8	12	3
191	302	5	6	9	11	2
191	303	5	6	10	4	2
191	304	5	6	11	8	7
191	305	5	6	12	4	9
191	306	5	7	2	4	12
191	307	5	7	3	12	10
191	308	5	7	4	11	6
191	309	5	7	6	12	3
191	310	5	7	8	10	6
191	311	5	7	9	6	2
191	312	5	7	10	4	11
191	313	5	7	11	9	10
191	314	5	7	12	3	11
191	315	5	8	2	10	9
191	316	5	8	3	11	10
191	317	5	8	4	9	11
191	318	5	8	6	7	3
191	319	5	8	7	2	4
191	320	5	8	9	4	2
191	321	5	8	10	7	12
191	322	5	8	11	3	12
191	323	5	8	12	10	4
191	324	5	9	2	4	6
191	325	5	9	3	2	7
191	326	5	9	4	2	8
191	327	5	9	6	11	2
191	328	5	9	7	12	6
191	329	5	9	8	3	11
191	330	5	9	10	2	4
191	331	5	9	11	6	10
191	332	5	9	12	10	6
191	333	5	10	2	7	9
191	334	5	10	3	2	11
191	335	5	10	4	3	11
191	336	5	10	6	4	8
191	337	5	10	7	12	6
191	338	5	10	8	7	3
191	339	5	10	9	3	7
191	340	5	10	11	7	6
191	341	5	10	12	9	8
191	342	5	11	2	7	12
191	343	5	11	3	7	4
191	344	5	11	4	7	8
191	345	5	11	6	3	12
191	346	5	11	7	9	10
191	347	5	11	8	6	9
191	348	5	11	9	8	6
191	349	5	11	10	3	7
191	350	5	11	12	9	8
191	351	5	12	2	3	9
191	352	5	12	3	2	8
191	353	5	12	4	10	11
191	354	5	12	6	11	3
191	355	5	12	7	10	9
191	356	5	12	8	6	3
191	357	5	12	9	3	7
191	358	5	12	10	11	3
191	359	5	12	11	7	8
191	360	6	2	3	4	5
191	361	6	2	4	5	12
191	362	6	2	5	10	3
191	363	6	2	7	4	3
191	364	6	2	8	10	11
191	365	6	2	9	10	3
191	366	6	2	10	7	11
191	367	6	2	11	12	3
191	368	6	2	12	4	3
191	369	6	3	2	10	4
191	370	6	3	4	9	8
191	371	6	3	5	2	12
191	372	6	3	7	10	11
191	373	6	3	8	12	2
191	374	6	3	9	5	7
191	375	6	3	10	5	4
191	376	6	3	11	7	8
191	377	6	3	12	11	7
191	378	6	4	2	3	8
191	379	6	4	3	12	8
191	380	6	4	5	2	12
191	381	6	4	7	10	5
191	382	6	4	8	12	3
191	383	6	4	9	2	12
191	384	6	4	10	9	12
191	385	6	4	11	9	7
191	386	6	4	12	2	3
191	387	6	5	2	8	12
191	388	6	5	3	9	12
191	389	6	5	4	3	12
191	390	6	5	7	10	2
191	391	6	5	8	11	9
191	392	6	5	9	4	10
191	393	6	5	10	8	7
191	394	6	5	11	7	2
191	395	6	5	12	4	3
191	396	6	7	2	5	10
191	397	6	7	3	2	9
191	398	6	7	4	9	11
191	399	6	7	5	11	9
191	400	6	7	8	3	2
191	401	6	7	9	2	8
191	402	6	7	10	11	3
191	403	6	7	11	5	12
191	404	6	7	12	3	8
191	405	6	8	2	5	10
191	406	6	8	3	5	2
191	407	6	8	4	10	9
191	408	6	8	5	10	9
191	409	6	8	7	9	4
191	410	6	8	9	4	5
191	411	6	8	10	12	5
191	412	6	8	11	7	2
191	413	6	8	12	10	9
191	414	6	9	2	7	12
191	415	6	9	3	12	7
191	416	6	9	4	11	10
191	417	6	9	5	4	7
191	418	6	9	7	2	12
191	419	6	9	8	4	10
191	420	6	9	10	12	5
191	421	6	9	11	5	4
191	422	6	9	12	2	7
191	423	6	10	2	11	12
191	424	6	10	3	8	12
191	425	6	10	4	8	9
191	426	6	10	5	11	4
191	427	6	10	7	9	2
191	428	6	10	8	3	7
191	429	6	10	9	11	5
191	430	6	10	11	7	9
191	431	6	10	12	9	11
191	432	6	11	2	12	4
191	433	6	11	3	8	10
191	434	6	11	4	2	12
191	435	6	11	5	8	7
191	436	6	11	7	8	4
191	437	6	11	8	3	7
191	438	6	11	9	10	2
191	439	6	11	10	3	12
191	440	6	11	12	10	2
191	441	6	12	2	5	8
191	442	6	12	3	8	7
191	443	6	12	4	11	2
191	444	6	12	5	9	7
191	445	6	12	7	10	5
191	446	6	12	8	5	3
191	447	6	12	9	2	5
191	448	6	12	10	2	4
191	449	6	12	11	8	9
191	450	7	2	3	6	4
191	451	7	2	4	5	12
191	452	7	2	5	9	12
191	453	7	2	6	4	3
191	454	7	2	8	11	5
191	455	7	2	9	3	12
191	456	7	2	10	12	6
191	457	7	2	11	4	6
191	458	7	2	12	11	5
191	459	7	3	2	12	6
191	460	7	3	4	10	8
191	461	7	3	5	11	8
191	462	7	3	6	4	2
191	463	7	3	8	12	9
191	464	7	3	9	8	10
191	465	7	3	10	8	2
191	466	7	3	11	9	4
191	467	7	3	12	5	9
191	468	7	4	2	6	3
191	469	7	4	3	11	12
191	470	7	4	5	10	3
191	471	7	4	6	5	9
191	472	7	4	8	2	11
191	473	7	4	9	10	6
191	474	7	4	10	6	5
191	475	7	4	11	3	2
191	476	7	4	12	9	8
191	477	7	5	2	10	6
191	478	7	5	3	4	12
191	479	7	5	4	9	10
191	480	7	5	6	4	10
191	481	7	5	8	6	12
191	482	7	5	9	3	4
191	483	7	5	10	11	4
191	484	7	5	11	12	2
191	485	7	5	12	6	11
191	486	7	6	2	3	11
191	487	7	6	3	8	5
191	488	7	6	4	11	2
191	489	7	6	5	4	8
191	490	7	6	8	4	9
191	491	7	6	9	10	11
191	492	7	6	10	3	9
191	493	7	6	11	10	5
191	494	7	6	12	3	5
191	495	7	8	2	12	11
191	496	7	8	3	12	10
191	497	7	8	4	5	9
191	498	7	8	5	2	10
191	499	7	8	6	3	2
191	500	7	8	9	3	10
191	501	7	8	10	4	11
191	502	7	8	11	12	5
191	503	7	8	12	10	4
191	504	7	9	2	6	12
191	505	7	9	3	2	4
191	506	7	9	4	2	12
191	507	7	9	5	11	2
191	508	7	9	6	8	5
191	509	7	9	8	6	11
191	510	7	9	10	3	2
191	511	7	9	11	6	2
191	512	7	9	12	10	3
191	513	7	10	2	3	4
191	514	7	10	3	6	8
191	515	7	10	4	6	12
191	516	7	10	5	3	4
191	517	7	10	6	3	2
191	518	7	10	8	12	4
191	519	7	10	9	8	12
191	520	7	10	11	8	2
191	521	7	10	12	11	4
191	522	7	11	2	5	6
191	523	7	11	3	12	8
191	524	7	11	4	2	8
191	525	7	11	5	3	12
191	526	7	11	6	2	5
191	527	7	11	8	4	10
191	528	7	11	9	3	5
191	529	7	11	10	6	8
191	530	7	11	12	3	6
191	531	7	12	2	10	3
191	532	7	12	3	10	2
191	533	7	12	4	2	6
191	534	7	12	5	11	6
191	535	7	12	6	10	8
191	536	7	12	8	5	11
191	537	7	12	9	2	6
191	538	7	12	10	3	11
191	539	7	12	11	10	2
191	540	8	2	3	5	4
191	541	8	2	4	5	6
191	542	8	2	5	12	11
191	543	8	2	6	4	11
191	544	8	2	7	4	5
191	545	8	2	9	7	5
191	546	8	2	10	11	4
191	547	8	2	11	12	10
191	548	8	2	12	5	3
191	549	8	3	2	6	11
191	550	8	3	4	6	11
191	551	8	3	5	11	12
191	552	8	3	6	10	4
191	553	8	3	7	9	10
191	554	8	3	9	7	10
191	555	8	3	10	11	9
191	556	8	3	11	6	10
191	557	8	3	12	5	4
191	558	8	4	2	9	10
191	559	8	4	3	9	12
191	560	8	4	5	2	10
191	561	8	4	6	7	3
191	562	8	4	7	9	5
191	563	8	4	9	7	3
191	564	8	4	10	12	9
191	565	8	4	11	12	3
191	566	8	4	12	11	5
191	567	8	5	2	11	3
191	568	8	5	3	12	11
191	569	8	5	4	11	12
191	570	8	5	6	12	11
191	571	8	5	7	3	12
191	572	8	5	9	12	7
191	573	8	5	10	2	7
191	574	8	5	11	12	2
191	575	8	5	12	9	7
191	576	8	6	2	9	10
191	577	8	6	3	5	4
191	578	8	6	4	2	11
191	579	8	6	5	10	4
191	580	8	6	7	3	10
191	581	8	6	9	12	2
191	582	8	6	10	5	2
191	583	8	6	11	7	4
191	584	8	6	12	2	9
191	585	8	7	2	4	12
191	586	8	7	3	9	2
191	587	8	7	4	2	3
191	588	8	7	5	3	11
191	589	8	7	6	12	11
191	590	8	7	9	11	3
191	591	8	7	10	2	4
191	592	8	7	11	4	3
191	593	8	7	12	6	4
191	594	8	9	2	11	4
191	595	8	9	3	10	2
191	596	8	9	4	6	12
191	597	8	9	5	2	3
191	598	8	9	6	10	11
191	599	8	9	7	2	6
191	600	8	9	10	11	3
191	601	8	9	11	4	6
191	602	8	9	12	5	3
191	603	8	10	2	11	7
191	604	8	10	3	5	6
191	605	8	10	4	6	9
191	606	8	10	5	7	3
191	607	8	10	6	3	11
191	608	8	10	7	2	11
191	609	8	10	9	7	6
191	610	8	10	11	3	5
191	611	8	10	12	3	11
191	612	8	11	2	9	5
191	613	8	11	3	12	7
191	614	8	11	4	6	7
191	615	8	11	5	6	2
191	616	8	11	6	10	12
191	617	8	11	7	2	3
191	618	8	11	9	7	6
191	619	8	11	10	12	6
191	620	8	11	12	4	7
191	621	8	12	2	10	9
191	622	8	12	3	5	2
191	623	8	12	4	7	6
191	624	8	12	5	6	2
191	625	8	12	6	5	4
191	626	8	12	7	9	6
191	627	8	12	9	10	3
191	628	8	12	10	3	6
191	629	8	12	11	7	5
191	630	9	2	3	8	6
191	631	9	2	4	8	3
191	632	9	2	5	4	7
191	633	9	2	6	11	3
191	634	9	2	7	10	6
191	635	9	2	8	6	12
191	636	9	2	10	5	6
191	637	9	2	11	3	10
191	638	9	2	12	11	7
191	639	9	3	2	5	6
191	640	9	3	4	7	6
191	641	9	3	5	4	8
191	642	9	3	6	12	5
191	643	9	3	7	4	5
191	644	9	3	8	4	11
191	645	9	3	10	12	11
191	646	9	3	11	12	2
191	647	9	3	12	5	4
191	648	9	4	2	7	6
191	649	9	4	3	6	8
191	650	9	4	5	6	2
191	651	9	4	6	12	10
191	652	9	4	7	2	12
191	653	9	4	8	6	11
191	654	9	4	10	3	2
191	655	9	4	11	3	6
191	656	9	4	12	6	11
191	657	9	5	2	10	4
191	658	9	5	3	2	8
191	659	9	5	4	12	2
191	660	9	5	6	8	12
191	661	9	5	7	4	2
191	662	9	5	8	2	12
191	663	9	5	10	3	12
191	664	9	5	11	8	4
191	665	9	5	12	8	6
191	666	9	6	2	8	12
191	667	9	6	3	8	4
191	668	9	6	4	12	2
191	669	9	6	5	2	8
191	670	9	6	7	10	4
191	671	9	6	8	3	7
191	672	9	6	10	5	3
191	673	9	6	11	5	2
191	674	9	6	12	7	11
191	675	9	7	2	5	10
191	676	9	7	3	4	6
191	677	9	7	4	10	5
191	678	9	7	5	12	6
191	679	9	7	6	8	4
191	680	9	7	8	3	6
191	681	9	7	10	5	11
191	682	9	7	11	6	3
191	683	9	7	12	4	11
191	684	9	8	2	5	7
191	685	9	8	3	11	2
191	686	9	8	4	11	6
191	687	9	8	5	11	7
191	688	9	8	6	5	7
191	689	9	8	7	11	10
191	690	9	8	10	4	3
191	691	9	8	11	4	3
191	692	9	8	12	6	11
191	693	9	10	2	6	8
191	694	9	10	3	8	2
191	695	9	10	4	3	11
191	696	9	10	5	6	3
191	697	9	10	6	12	2
191	698	9	10	7	5	2
191	699	9	10	8	3	2
191	700	9	10	11	6	8
191	701	9	10	12	4	3
191	702	9	11	2	12	5
191	703	9	11	3	12	4
191	704	9	11	4	5	7
191	705	9	11	5	10	7
191	706	9	11	6	4	3
191	707	9	11	7	2	4
191	708	9	11	8	10	4
191	709	9	11	10	7	4
191	710	9	11	12	8	4
191	711	9	12	2	11	3
191	712	9	12	3	7	11
191	713	9	12	4	6	10
191	714	9	12	5	10	11
191	715	9	12	6	5	8
191	716	9	12	7	5	11
191	717	9	12	8	4	5
191	718	9	12	10	11	5
191	719	9	12	11	6	2
191	720	10	2	3	5	12
191	721	10	2	4	7	3
191	722	10	2	5	8	11
191	723	10	2	6	3	12
191	724	10	2	7	9	11
191	725	10	2	8	3	5
191	726	10	2	9	12	3
191	727	10	2	11	4	8
191	728	10	2	12	4	5
191	729	10	3	2	8	5
191	730	10	3	4	11	2
191	731	10	3	5	6	9
191	732	10	3	6	9	8
191	733	10	3	7	11	5
191	734	10	3	8	7	9
191	735	10	3	9	8	7
191	736	10	3	11	4	8
191	737	10	3	12	8	5
191	738	10	4	2	9	7
191	739	10	4	3	8	9
191	740	10	4	5	3	7
191	741	10	4	6	9	12
191	742	10	4	7	12	8
191	743	10	4	8	5	6
191	744	10	4	9	5	11
191	745	10	4	11	8	12
191	746	10	4	12	2	9
191	747	10	5	2	7	3
191	748	10	5	3	4	8
191	749	10	5	4	11	7
191	750	10	5	6	12	7
191	751	10	5	7	9	4
191	752	10	5	8	4	3
191	753	10	5	9	12	2
191	754	10	5	11	7	12
191	755	10	5	12	6	8
191	756	10	6	2	4	8
191	757	10	6	3	4	8
191	758	10	6	4	7	5
191	759	10	6	5	2	12
191	760	10	6	7	5	2
191	761	10	6	8	3	2
191	762	10	6	9	4	7
191	763	10	6	11	8	12
191	764	10	6	12	9	4
191	765	10	7	2	5	8
191	766	10	7	3	9	5
191	767	10	7	4	2	8
191	768	10	7	5	9	8
191	769	10	7	6	2	12
191	770	10	7	8	5	9
191	771	10	7	9	5	6
191	772	10	7	11	12	3
191	773	10	7	12	8	5
191	774	10	8	2	11	5
191	775	10	8	3	4	5
191	776	10	8	4	5	9
191	777	10	8	5	9	11
191	778	10	8	6	3	9
191	779	10	8	7	2	6
191	780	10	8	9	4	6
191	781	10	8	11	12	9
191	782	10	8	12	9	6
191	783	10	9	2	5	8
191	784	10	9	3	5	6
191	785	10	9	4	12	5
191	786	10	9	5	2	4
191	787	10	9	6	2	3
191	788	10	9	7	6	12
191	789	10	9	8	2	6
191	790	10	9	11	5	7
191	791	10	9	12	7	3
191	792	10	11	2	6	5
191	793	10	11	3	4	6
191	794	10	11	4	2	6
191	795	10	11	5	6	2
191	796	10	11	6	8	12
191	797	10	11	7	2	12
191	798	10	11	8	3	4
191	799	10	11	9	5	4
191	800	10	11	12	2	5
191	801	10	12	2	4	6
191	802	10	12	3	11	6
191	803	10	12	4	6	9
191	804	10	12	5	3	7
191	805	10	12	6	2	8
191	806	10	12	7	2	8
191	807	10	12	8	5	6
191	808	10	12	9	6	3
191	809	10	12	11	7	2
191	810	11	2	3	9	5
191	811	11	2	4	3	10
191	812	11	2	5	8	10
191	813	11	2	6	5	4
191	814	11	2	7	9	4
191	815	11	2	8	10	9
191	816	11	2	9	8	3
191	817	11	2	10	6	9
191	818	11	2	12	6	9
191	819	11	3	2	7	4
191	820	11	3	4	2	6
191	821	11	3	5	6	8
191	822	11	3	6	9	2
191	823	11	3	7	10	6
191	824	11	3	8	5	9
191	825	11	3	9	7	8
191	826	11	3	10	7	9
191	827	11	3	12	8	9
191	828	11	4	2	6	8
191	829	11	4	3	8	9
191	830	11	4	5	6	7
191	831	11	4	6	12	5
191	832	11	4	7	10	9
191	833	11	4	8	12	10
191	834	11	4	9	3	7
191	835	11	4	10	12	3
191	836	11	4	12	7	8
191	837	11	5	2	10	12
191	838	11	5	3	2	9
191	839	11	5	4	12	9
191	840	11	5	6	3	7
191	841	11	5	7	4	3
191	842	11	5	8	12	4
191	843	11	5	9	12	6
191	844	11	5	10	6	9
191	845	11	5	12	8	4
191	846	11	6	2	9	12
191	847	11	6	3	12	8
191	848	11	6	4	5	2
191	849	11	6	5	4	12
191	850	11	6	7	10	5
191	851	11	6	8	9	2
191	852	11	6	9	10	2
191	853	11	6	10	8	3
191	854	11	6	12	8	4
191	855	11	7	2	8	10
191	856	11	7	3	6	10
191	857	11	7	4	6	2
191	858	11	7	5	8	2
191	859	11	7	6	4	3
191	860	11	7	8	5	3
191	861	11	7	9	12	3
191	862	11	7	10	12	2
191	863	11	7	12	3	9
191	864	11	8	2	4	6
191	865	11	8	3	9	4
191	866	11	8	4	7	12
191	867	11	8	5	4	10
191	868	11	8	6	7	5
191	869	11	8	7	4	10
191	870	11	8	9	12	10
191	871	11	8	10	3	7
191	872	11	8	12	9	10
191	873	11	9	2	10	7
191	874	11	9	3	4	8
191	875	11	9	4	12	10
191	876	11	9	5	7	3
191	877	11	9	6	5	12
191	878	11	9	7	12	4
191	879	11	9	8	12	5
191	880	11	9	10	6	7
191	881	11	9	12	8	6
191	882	11	10	2	3	12
191	883	11	10	3	2	4
191	884	11	10	4	12	9
191	885	11	10	5	6	8
191	886	11	10	6	9	4
191	887	11	10	7	4	12
191	888	11	10	8	7	3
191	889	11	10	9	3	8
191	890	11	10	12	7	2
191	891	11	12	2	7	6
191	892	11	12	3	2	8
191	893	11	12	4	9	3
191	894	11	12	5	7	10
191	895	11	12	6	10	8
191	896	11	12	7	3	6
191	897	11	12	8	4	3
191	898	11	12	9	2	7
191	899	11	12	10	2	8
191	900	12	2	3	9	4
191	901	12	2	4	8	3
191	902	12	2	5	9	10
191	903	12	2	6	4	3
191	904	12	2	7	11	10
191	905	12	2	8	3	7
191	906	12	2	9	3	7
191	907	12	2	10	11	8
191	908	12	2	11	8	5
191	909	12	3	2	4	8
191	910	12	3	4	5	8
191	911	12	3	5	9	10
191	912	12	3	6	11	7
191	913	12	3	7	8	6
191	914	12	3	8	2	10
191	915	12	3	9	5	2
191	916	12	3	10	6	8
191	917	12	3	11	10	2
191	918	12	4	2	5	3
191	919	12	4	3	7	8
191	920	12	4	5	3	8
191	921	12	4	6	8	9
191	922	12	4	7	9	5
191	923	12	4	8	10	6
191	924	12	4	9	10	2
191	925	12	4	10	6	9
191	926	12	4	11	3	5
191	927	12	5	2	7	8
191	928	12	5	3	10	2
191	929	12	5	4	2	11
191	930	12	5	6	8	11
191	931	12	5	7	4	6
191	932	12	5	8	3	9
191	933	12	5	9	8	2
191	934	12	5	10	6	8
191	935	12	5	11	10	3
191	936	12	6	2	11	5
191	937	12	6	3	9	8
191	938	12	6	4	10	7
191	939	12	6	5	2	4
191	940	12	6	7	10	5
191	941	12	6	8	11	3
191	942	12	6	9	10	3
191	943	12	6	10	11	7
191	944	12	6	11	10	4
191	945	12	7	2	10	3
191	946	12	7	3	9	10
191	947	12	7	4	10	5
191	948	12	7	5	3	9
191	949	12	7	6	8	5
191	950	12	7	8	5	2
191	951	12	7	9	11	6
191	952	12	7	10	3	6
191	953	12	7	11	8	4
191	954	12	8	2	6	4
191	955	12	8	3	6	5
191	956	12	8	4	6	9
191	957	12	8	5	2	11
191	958	12	8	6	4	9
191	959	12	8	7	3	2
191	960	12	8	9	2	10
191	961	12	8	10	5	4
191	962	12	8	11	3	7
191	963	12	9	2	11	3
191	964	12	9	3	5	10
191	965	12	9	4	6	7
191	966	12	9	5	10	8
191	967	12	9	6	8	10
191	968	12	9	7	4	8
191	969	12	9	8	2	4
191	970	12	9	10	5	8
191	971	12	9	11	6	2
191	972	12	10	2	7	6
191	973	12	10	3	11	2
191	974	12	10	4	2	8
191	975	12	10	5	11	8
191	976	12	10	6	9	7
191	977	12	10	7	3	4
191	978	12	10	8	4	6
191	979	12	10	9	6	5
191	980	12	10	11	6	2
191	981	12	11	2	10	3
191	982	12	11	3	9	10
191	983	12	11	4	5	2
191	984	12	11	5	4	10
191	985	12	11	6	9	2
191	986	12	11	7	3	8
191	987	12	11	8	5	7
191	988	12	11	9	3	10
191	989	12	11	10	3	9
192	0	2	3	4	7	9
192	1	2	3	5	11	12
192	2	2	3	6	5	10
192	3	2	3	7	11	6
192	4	2	3	8	11	5
192	5	2	3	9	7	8
192	6	2	3	10	7	5
192	7	2	3	11	9	8
192	8	2	3	12	7	11
192	9	2	4	3	5	9
192	10	2	4	5	9	8
192	11	2	4	6	11	12
192	12	2	4	7	3	9
192	13	2	4	8	11	5
192	14	2	4	9	12	5
192	15	2	4	10	12	11
192	16	2	4	11	3	12
192	17	2	4	12	6	5
192	18	2	5	3	4	10
192	19	2	5	4	12	6
192	20	2	5	6	4	11
192	21	2	5	7	12	6
192	22	2	5	8	11	12
192	23	2	5	9	7	12
192	24	2	5	10	4	8
192	25	2	5	11	9	6
192	26	2	5	12	3	11
192	27	2	6	3	10	7
192	28	2	6	4	9	8
192	29	2	6	5	8	10
192	30	2	6	7	11	8
192	31	2	6	8	3	9
192	32	2	6	9	8	4
192	33	2	6	10	5	8
192	34	2	6	11	7	4
192	35	2	6	12	4	9
192	36	2	7	3	10	4
192	37	2	7	4	6	11
192	38	2	7	5	12	6
192	39	2	7	6	3	11
192	40	2	7	8	9	5
192	41	2	7	9	6	8
192	42	2	7	10	4	6
192	43	2	7	11	4	8
192	44	2	7	12	6	10
192	45	2	8	3	11	5
192	46	2	8	4	9	10
192	47	2	8	5	11	12
192	48	2	8	6	11	5
192	49	2	8	7	9	5
192	50	2	8	9	3	6
192	51	2	8	10	5	4
192	52	2	8	11	6	7
192	53	2	8	12	10	3
192	54	2	9	3	11	5
192	55	2	9	4	8	6
192	56	2	9	5	8	10
192	57	2	9	6	8	3
192	58	2	9	7	3	12
192	59	2	9	8	10	12
192	60	2	9	10	4	6
192	61	2	9	11	3	5
192	62	2	9	12	3	7
192	63	2	10	3	12	11
192	64	2	10	4	12	7
192	65	2	10	5	3	4
192	66	2	10	6	5	4
192	67	2	10	7	12	8
192	68	2	10	8	6	3
192	69	2	10	9	3	11
192	70	2	10	11	3	6
192	71	2	10	12	3	6
192	72	2	11	3	12	4
192	73	2	11	4	8	6
192	74	2	11	5	4	6
192	75	2	11	6	5	9
192	76	2	11	7	6	3
192	77	2	11	8	3	6
192	78	2	11	9	5	12
192	79	2	11	10	8	6
192	80	2	11	12	5	6
192	81	2	12	3	10	5
192	82	2	12	4	7	6
192	83	2	12	5	8	3
192	84	2	12	6	3	7
192	85	2	12	7	5	10
192	86	2	12	8	6	11
192	87	2	12	9	7	6
192	88	2	12	10	5	6
192	89	2	12	11	8	3
192	90	3	2	4	8	11
192	91	3	2	5	7	8
192	92	3	2	6	10	9
192	93	3	2	7	12	6
192	94	3	2	8	11	12
192	95	3	2	9	10	8
192	96	3	2	10	4	6
192	97	3	2	11	10	12
192	98	3	2	12	6	9
192	99	3	4	2	5	12
192	100	3	4	5	8	11
192	101	3	4	6	2	9
192	102	3	4	7	12	8
192	103	3	4	8	6	12
192	104	3	4	9	8	2
192	105	3	4	10	9	7
192	106	3	4	11	12	10
192	107	3	4	12	5	7
192	108	3	5	2	11	7
192	109	3	5	4	7	12
192	110	3	5	6	9	12
192	111	3	5	7	12	11
192	112	3	5	8	9	10
192	113	3	5	9	6	10
192	114	3	5	10	9	8
192	115	3	5	11	8	2
192	116	3	5	12	10	8
192	117	3	6	2	4	12
192	118	3	6	4	2	10
192	119	3	6	5	12	10
192	120	3	6	7	8	12
192	121	3	6	8	7	11
192	122	3	6	9	2	11
192	123	3	6	10	4	7
192	124	3	6	11	7	9
192	125	3	6	12	2	8
192	126	3	7	2	6	12
192	127	3	7	4	6	12
192	128	3	7	5	10	2
192	129	3	7	6	4	5
192	130	3	7	8	11	6
192	131	3	7	9	12	6
192	132	3	7	10	8	11
192	133	3	7	11	6	9
192	134	3	7	12	9	8
192	135	3	8	2	9	11
192	136	3	8	4	7	11
192	137	3	8	5	12	7
192	138	3	8	6	7	2
192	139	3	8	7	6	9
192	140	3	8	9	4	2
192	141	3	8	10	2	12
192	142	3	8	11	4	7
192	143	3	8	12	5	2
192	144	3	9	2	5	11
192	145	3	9	4	8	6
192	146	3	9	5	2	4
192	147	3	9	6	11	5
192	148	3	9	7	10	4
192	149	3	9	8	10	5
192	150	3	9	10	6	12
192	151	3	9	11	4	7
192	152	3	9	12	2	6
192	153	3	10	2	8	4
192	154	3	10	4	12	9
192	155	3	10	5	6	4
192	156	3	10	6	5	12
192	157	3	10	7	4	12
192	158	3	10	8	12	5
192	159	3	10	9	7	12
192	160	3	10	11	8	9
192	161	3	10	12	9	11
192	162	3	11	2	7	6
192	163	3	11	4	7	8
192	164	3	11	5	6	10
192	165	3	11	6	4	8
192	166	3	11	7	12	4
192	167	3	11	8	10	7
192	168	3	11	9	12	7
192	169	3	11	10	2	8
192	170	3	11	12	7	8
192	171	3	12	2	4	5
192	172	3	12	4	7	8
192	173	3	12	5	4	10
192	174	3	12	6	10	11
192	175	3	12	7	11	4
192	176	3	12	8	10	4
192	177	3	12	9	6	8
192	178	3	12	10	9	7
192	179	3	12	11	4	6
192	180	4	2	3	12	8
192	181	4	2	5	9	3
192	182	4	2	6	11	5
192	183	4	2	7	6	11
192	184	4	2	8	7	5
192	185	4	2	9	6	8
192	186	4	2	10	5	7
192	187	4	2	11	10	3
192	188	4	2	12	8	9
192	189	4	3	2	8	7
192	190	4	3	5	12	9
192	191	4	3	6	11	10
192	192	4	3	7	12	8
192	193	4	3	8	11	7
192	194	4	3	9	7	12
192	195	4	3	10	12	2
192	196	4	3	11	8	12
192	197	4	3	12	5	7
192	198	4	5	2	6	10
192	199	4	5	3	2	12
192	200	4	5	6	8	3
192	201	4	5	7	3	12
192	202	4	5	8	7	12
192	203	4	5	9	10	3
192	204	4	5	10	2	11
192	205	4	5	11	12	10
192	206	4	5	12	9	7
192	207	4	6	2	11	7
192	208	4	6	3	8	5
192	209	4	6	5	11	8
192	210	4	6	7	3	9
192	211	4	6	8	12	10
192	212	4	6	9	12	11
192	213	4	6	10	11	9
192	214	4	6	11	3	12
192	215	4	6	12	2	5
192	216	4	7	2	6	12
192	217	4	7	3	12	2
192	218	4	7	5	3	2
192	219	4	7	6	2	11
192	220	4	7	8	2	6
192	221	4	7	9	8	5
192	222	4	7	10	3	9
192	223	4	7	11	12	3
192	224	4	7	12	8	9
192	225	4	8	2	9	12
192	226	4	8	3	6	5
192	227	4	8	5	9	10
192	228	4	8	6	2	12
192	229	4	8	7	5	9
192	230	4	8	9	2	3
192	231	4	8	10	12	6
192	232	4	8	11	3	9
192	233	4	8	12	9	7
192	234	4	9	2	6	12
192	235	4	9	3	5	10
192	236	4	9	5	2	7
192	237	4	9	6	12	2
192	238	4	9	7	6	8
192	239	4	9	8	7	2
192	240	4	9	10	12	5
192	241	4	9	11	10	6
192	242	4	9	12	8	5
192	243	4	10	2	5	11
192	244	4	10	3	8	2
192	245	4	10	5	6	3
192	246	4	10	6	2	3
192	247	4	10	7	5	3
192	248	4	10	8	12	9
192	249	4	10	9	2	8
192	250	4	10	11	2	3
192	251	4	10	12	11	7
192	252	4	11	2	10	5
192	253	4	11	3	7	8
192	254	4	11	5	8	6
192	255	4	11	6	5	7
192	256	4	11	7	10	12
192	257	4	11	8	3	5
192	258	4	11	9	5	7
192	259	4	11	10	12	8
192	260	4	11	12	9	6
192	261	4	12	2	5	3
192	262	4	12	3	11	6
192	263	4	12	5	8	6
192	264	4	12	6	8	3
192	265	4	12	7	10	3
192	266	4	12	8	3	5
192	267	4	12	9	3	11
192	268	4	12	10	5	11
192	269	4	12	11	10	7
192	270	5	2	3	4	11
192	271	5	2	4	3	12
192	272	5	2	6	10	3
192	273	5	2	7	12	9
192	274	5	2	8	10	9
192	275	5	2	9	6	7
192	276	5	2	10	6	8
192	277	5	2	11	3	10
192	278	5	2	12	4	6
192	279	5	3	2	8	7
192	280	5	3	4	8	12
192	281	5	3	6	2	9
192	282	5	3	7	12	10
192	283	5	3	8	7	2
192	284	5	3	9	8	6
192	285	5	3	10	8	4
192	286	5	3	11	9	8
192	287	5	3	12	7	8
192	288	5	4	2	11	6
192	289	5	4	3	6	8
192	290	5	4	6	10	12
192	291	5	4	7	8	11
192	292	5	4	8	2	7
192	293	5	4	9	11	12
192	294	5	4	10	12	11
192	295	5	4	11	8	10
192	296	5	4	12	8	3
192	297	5	6	2	10	8
192	298	5	6	3	11	9
192	299	5	6	4	10	7
192	300	5	6	7	2	10
192	301	5	6	8	3	9
192	302	5	6	9	12	10
192	303	5	6	10	2	3
192	304	5	6	11	12	7
192	305	5	6	12	9	3
192	306	5	7	2	4	3
192	307	5	7	3	2	10
192	308	5	7	4	12	8
192	309	5	7	6	11	12
192	310	5	7	8	12	10
192	311	5	7	9	2	3
192	312	5	7	10	4	3
192	313	5	7	11	3	9
192	314	5	7	12	2	6
192	315	5	8	2	6	7
192	316	5	8	3	6	2
192	317	5	8	4	2	7
192	318	5	8	6	3	4
192	319	5	8	7	11	3
192	320	5	8	9	10	6
192	321	5	8	10	12	11
192	322	5	8	11	12	7
192	323	5	8	12	7	2
192	324	5	9	2	12	6
192	325	5	9	3	10	8
192	326	5	9	4	10	8
192	327	5	9	6	7	12
192	328	5	9	7	12	11
192	329	5	9	8	11	6
192	330	5	9	10	7	8
192	331	5	9	11	7	12
192	332	5	9	12	11	7
192	333	5	10	2	12	8
192	334	5	10	3	7	4
192	335	5	10	4	9	6
192	336	5	10	6	9	4
192	337	5	10	7	9	11
192	338	5	10	8	2	12
192	339	5	10	9	11	8
192	340	5	10	11	7	3
192	341	5	10	12	9	11
192	342	5	11	2	3	7
192	343	5	11	3	8	4
192	344	5	11	4	2	12
192	345	5	11	6	12	8
192	346	5	11	7	2	10
192	347	5	11	8	2	3
192	348	5	11	9	6	12
192	349	5	11	10	4	6
192	350	5	11	12	7	8
192	351	5	12	2	4	6
192	352	5	12	3	9	4
192	353	5	12	4	11	10
192	354	5	12	6	4	8
192	355	5	12	7	3	11
192	356	5	12	8	4	6
192	357	5	12	9	2	3
192	358	5	12	10	11	8
192	359	5	12	11	4	8
192	360	6	2	3	12	8
192	361	6	2	4	5	3
192	362	6	2	5	12	7
192	363	6	2	7	12	5
192	364	6	2	8	3	4
192	365	6	2	9	10	12
192	366	6	2	10	7	11
192	367	6	2	11	7	5
192	368	6	2	12	9	3
192	369	6	3	2	4	5
192	370	6	3	4	12	11
192	371	6	3	5	2	4
192	372	6	3	7	8	11
192	373	6	3	8	7	2
192	374	6	3	9	12	8
192	375	6	3	10	9	8
192	376	6	3	11	2	12
192	377	6	3	12	4	9
192	378	6	4	2	7	5
192	379	6	4	3	11	10
192	380	6	4	5	2	10
192	381	6	4	7	3	11
192	382	6	4	8	2	9
192	383	6	4	9	12	11
192	384	6	4	10	7	2
192	385	6	4	11	9	5
192	386	6	4	12	10	8
192	387	6	5	2	8	12
192	388	6	5	3	7	10
192	389	6	5	4	7	3
192	390	6	5	7	10	3
192	391	6	5	8	3	10
192	392	6	5	9	8	7
192	393	6	5	10	2	8
192	394	6	5	11	9	7
192	395	6	5	12	7	11
192	396	6	7	2	8	10
192	397	6	7	3	2	9
192	398	6	7	4	5	12
192	399	6	7	5	12	10
192	400	6	7	8	11	12
192	401	6	7	9	5	2
192	402	6	7	10	4	12
192	403	6	7	11	4	10
192	404	6	7	12	11	9
192	405	6	8	2	7	11
192	406	6	8	3	9	11
192	407	6	8	4	3	9
192	408	6	8	5	4	9
192	409	6	8	7	4	9
192	410	6	8	9	10	11
192	411	6	8	10	5	2
192	412	6	8	11	5	12
192	413	6	8	12	5	10
192	414	6	9	2	11	8
192	415	6	9	3	5	12
192	416	6	9	4	10	7
192	417	6	9	5	12	4
192	418	6	9	7	3	2
192	419	6	9	8	10	11
192	420	6	9	10	8	2
192	421	6	9	11	7	3
192	422	6	9	12	2	7
192	423	6	10	2	3	12
192	424	6	10	3	5	11
192	425	6	10	4	2	11
192	426	6	10	5	8	9
192	427	6	10	7	5	12
192	428	6	10	8	4	7
192	429	6	10	9	7	3
192	430	6	10	11	4	5
192	431	6	10	12	2	9
192	432	6	11	2	12	5
192	433	6	11	3	12	2
192	434	6	11	4	12	3
192	435	6	11	5	10	3
192	436	6	11	7	4	12
192	437	6	11	8	2	3
192	438	6	11	9	12	3
192	439	6	11	10	3	2
192	440	6	11	12	10	4
192	441	6	12	2	4	9
192	442	6	12	3	5	10
192	443	6	12	4	11	10
192	444	6	12	5	11	8
192	445	6	12	7	9	8
192	446	6	12	8	10	9
192	447	6	12	9	8	11
192	448	6	12	10	7	3
192	449	6	12	11	7	8
192	450	7	2	3	5	12
192	451	7	2	4	9	10
192	452	7	2	5	3	12
192	453	7	2	6	9	11
192	454	7	2	8	4	6
192	455	7	2	9	6	8
192	456	7	2	10	6	8
192	457	7	2	11	8	10
192	458	7	2	12	6	3
192	459	7	3	2	6	11
192	460	7	3	4	9	2
192	461	7	3	5	8	12
192	462	7	3	6	5	4
192	463	7	3	8	2	4
192	464	7	3	9	5	11
192	465	7	3	10	6	12
192	466	7	3	11	10	2
192	467	7	3	12	11	4
192	468	7	4	2	3	5
192	469	7	4	3	8	12
192	470	7	4	5	11	2
192	471	7	4	6	9	2
192	472	7	4	8	10	5
192	473	7	4	9	6	11
192	474	7	4	10	8	3
192	475	7	4	11	12	2
192	476	7	4	12	8	10
192	477	7	5	2	6	4
192	478	7	5	3	10	6
192	479	7	5	4	8	11
192	480	7	5	6	8	9
192	481	7	5	8	9	6
192	482	7	5	9	2	3
192	483	7	5	10	12	11
192	484	7	5	11	4	2
192	485	7	5	12	4	8
192	486	7	6	2	11	10
192	487	7	6	3	8	11
192	488	7	6	4	8	5
192	489	7	6	5	8	12
192	490	7	6	8	5	2
192	491	7	6	9	5	4
192	492	7	6	10	2	4
192	493	7	6	11	5	2
192	494	7	6	12	9	10
192	495	7	8	2	10	5
192	496	7	8	3	10	9
192	497	7	8	4	5	3
192	498	7	8	5	3	11
192	499	7	8	6	5	12
192	500	7	8	9	5	3
192	501	7	8	10	2	3
192	502	7	8	11	9	5
192	503	7	8	12	11	10
192	504	7	9	2	8	4
192	505	7	9	3	10	11
192	506	7	9	4	12	8
192	507	7	9	5	6	10
192	508	7	9	6	2	8
192	509	7	9	8	10	5
192	510	7	9	10	5	4
192	511	7	9	11	12	5
192	512	7	9	12	4	6
192	513	7	10	2	12	4
192	514	7	10	3	5	8
192	515	7	10	4	2	6
192	516	7	10	5	8	12
192	517	7	10	6	9	4
192	518	7	10	8	2	5
192	519	7	10	9	12	6
192	520	7	10	11	9	2
192	521	7	10	12	8	5
192	522	7	11	2	5	3
192	523	7	11	3	9	2
192	524	7	11	4	3	2
192	525	7	11	5	12	6
192	526	7	11	6	12	4
192	527	7	11	8	5	4
192	528	7	11	9	6	3
192	529	7	11	10	3	6
192	530	7	11	12	10	5
192	531	7	12	2	9	8
192	532	7	12	3	8	4
192	533	7	12	4	5	10
192	534	7	12	5	2	4
192	535	7	12	6	11	5
192	536	7	12	8	2	5
192	537	7	12	9	3	2
192	538	7	12	10	4	6
192	539	7	12	11	10	3
192	540	8	2	3	6	4
192	541	8	2	4	7	5
192	542	8	2	5	10	7
192	543	8	2	6	10	11
192	544	8	2	7	12	3
192	545	8	2	9	3	5
192	546	8	2	10	4	9
192	547	8	2	11	3	12
192	548	8	2	12	11	9
192	549	8	3	2	7	4
192	550	8	3	4	12	6
192	551	8	3	5	7	2
192	552	8	3	6	7	11
192	553	8	3	7	5	12
192	554	8	3	9	7	2
192	555	8	3	10	2	6
192	556	8	3	11	10	2
192	557	8	3	12	4	9
192	558	8	4	2	9	5
192	559	8	4	3	7	5
192	560	8	4	5	9	7
192	561	8	4	6	12	7
192	562	8	4	7	12	2
192	563	8	4	9	11	7
192	564	8	4	10	7	12
192	565	8	4	11	2	6
192	566	8	4	12	9	6
192	567	8	5	2	4	6
192	568	8	5	3	9	4
192	569	8	5	4	9	3
192	570	8	5	6	9	2
192	571	8	5	7	12	11
192	572	8	5	9	3	7
192	573	8	5	10	6	12
192	574	8	5	11	10	6
192	575	8	5	12	3	10
192	576	8	6	2	12	5
192	577	8	6	3	5	12
192	578	8	6	4	9	12
192	579	8	6	5	9	11
192	580	8	6	7	2	11
192	581	8	6	9	12	4
192	582	8	6	10	9	3
192	583	8	6	11	10	5
192	584	8	6	12	2	4
192	585	8	7	2	10	4
192	586	8	7	3	12	4
192	587	8	7	4	11	6
192	588	8	7	5	10	4
192	589	8	7	6	4	9
192	590	8	7	9	6	3
192	591	8	7	10	12	2
192	592	8	7	11	5	3
192	593	8	7	12	2	6
192	594	8	9	2	5	12
192	595	8	9	3	2	12
192	596	8	9	4	5	7
192	597	8	9	5	11	7
192	598	8	9	6	11	3
192	599	8	9	7	6	12
192	600	8	9	10	6	11
192	601	8	9	11	6	12
192	602	8	9	12	3	11
192	603	8	10	2	12	7
192	604	8	10	3	2	9
192	605	8	10	4	7	2
192	606	8	10	5	3	11
192	607	8	10	6	2	3
192	608	8	10	7	5	3
192	609	8	10	9	3	5
192	610	8	10	11	7	4
192	611	8	10	12	11	7
192	612	8	11	2	9	6
192	613	8	11	3	6	7
192	614	8	11	4	6	9
192	615	8	11	5	12	7
192	616	8	11	6	10	7
192	617	8	11	7	2	12
192	618	8	11	9	3	10
192	619	8	11	10	9	5
192	620	8	11	12	9	10
192	621	8	12	2	9	3
192	622	8	12	3	11	5
192	623	8	12	4	3	9
192	624	8	12	5	9	2
192	625	8	12	6	9	3
192	626	8	12	7	3	11
192	627	8	12	9	5	3
192	628	8	12	10	11	4
192	629	8	12	11	5	9
192	630	9	2	3	10	7
192	631	9	2	4	8	12
192	632	9	2	5	10	7
192	633	9	2	6	8	7
192	634	9	2	7	11	3
192	635	9	2	8	5	3
192	636	9	2	10	8	4
192	637	9	2	11	6	3
192	638	9	2	12	6	7
192	639	9	3	2	11	12
192	640	9	3	4	5	8
192	641	9	3	5	4	10
192	642	9	3	6	4	8
192	643	9	3	7	12	8
192	644	9	3	8	6	2
192	645	9	3	10	2	7
192	646	9	3	11	6	12
192	647	9	3	12	4	6
192	648	9	4	2	8	11
192	649	9	4	3	5	2
192	650	9	4	5	11	7
192	651	9	4	6	7	2
192	652	9	4	7	2	12
192	653	9	4	8	11	2
192	654	9	4	10	2	5
192	655	9	4	11	12	10
192	656	9	4	12	10	11
192	657	9	5	2	11	12
192	658	9	5	3	12	7
192	659	9	5	4	10	6
192	660	9	5	6	7	12
192	661	9	5	7	6	2
192	662	9	5	8	4	11
192	663	9	5	10	8	7
192	664	9	5	11	8	7
192	665	9	5	12	8	3
192	666	9	6	2	11	12
192	667	9	6	3	7	5
192	668	9	6	4	5	8
192	669	9	6	5	12	3
192	670	9	6	7	12	10
192	671	9	6	8	2	5
192	672	9	6	10	8	4
192	673	9	6	11	4	10
192	674	9	6	12	4	10
192	675	9	7	2	12	6
192	676	9	7	3	8	11
192	677	9	7	4	8	5
192	678	9	7	5	4	2
192	679	9	7	6	4	10
192	680	9	7	8	3	6
192	681	9	7	10	12	3
192	682	9	7	11	8	10
192	683	9	7	12	8	11
192	684	9	8	2	4	6
192	685	9	8	3	5	6
192	686	9	8	4	10	12
192	687	9	8	5	7	3
192	688	9	8	6	12	5
192	689	9	8	7	12	2
192	690	9	8	10	11	6
192	691	9	8	11	4	5
192	692	9	8	12	10	7
192	693	9	10	2	11	8
192	694	9	10	3	8	6
192	695	9	10	4	7	12
192	696	9	10	5	11	3
192	697	9	10	6	11	8
192	698	9	10	7	11	12
192	699	9	10	8	12	3
192	700	9	10	11	4	12
192	701	9	10	12	6	5
192	702	9	11	2	12	7
192	703	9	11	3	8	7
192	704	9	11	4	10	12
192	705	9	11	5	4	2
192	706	9	11	6	10	12
192	707	9	11	7	6	12
192	708	9	11	8	5	12
192	709	9	11	10	5	3
192	710	9	11	12	8	2
192	711	9	12	2	3	5
192	712	9	12	3	6	10
192	713	9	12	4	8	11
192	714	9	12	5	7	8
192	715	9	12	6	2	8
192	716	9	12	7	2	8
192	717	9	12	8	6	3
192	718	9	12	10	3	7
192	719	9	12	11	4	10
192	720	10	2	3	6	4
192	721	10	2	4	12	3
192	722	10	2	5	6	11
192	723	10	2	6	7	3
192	724	10	2	7	12	5
192	725	10	2	8	3	5
192	726	10	2	9	12	8
192	727	10	2	11	6	8
192	728	10	2	12	4	9
192	729	10	3	2	7	6
192	730	10	3	4	7	6
192	731	10	3	5	8	12
192	732	10	3	6	11	12
192	733	10	3	7	12	9
192	734	10	3	8	2	5
192	735	10	3	9	4	5
192	736	10	3	11	9	2
192	737	10	3	12	7	8
192	738	10	4	2	9	8
192	739	10	4	3	2	8
192	740	10	4	5	12	6
192	741	10	4	6	8	2
192	742	10	4	7	8	11
192	743	10	4	8	5	11
192	744	10	4	9	2	6
192	745	10	4	11	2	9
192	746	10	4	12	3	5
192	747	10	5	2	6	8
192	748	10	5	3	9	8
192	749	10	5	4	3	2
192	750	10	5	6	7	2
192	751	10	5	7	3	12
192	752	10	5	8	6	4
192	753	10	5	9	6	2
192	754	10	5	11	3	9
192	755	10	5	12	3	6
192	756	10	6	2	12	11
192	757	10	6	3	12	9
192	758	10	6	4	8	7
192	759	10	6	5	11	9
192	760	10	6	7	3	4
192	761	10	6	8	7	11
192	762	10	6	9	3	8
192	763	10	6	11	12	2
192	764	10	6	12	9	2
192	765	10	7	2	12	6
192	766	10	7	3	9	6
192	767	10	7	4	12	6
192	768	10	7	5	12	6
192	769	10	7	6	8	3
192	770	10	7	8	3	5
192	771	10	7	9	8	5
192	772	10	7	11	3	2
192	773	10	7	12	9	11
192	774	10	8	2	3	12
192	775	10	8	3	11	7
192	776	10	8	4	7	12
192	777	10	8	5	2	6
192	778	10	8	6	4	2
192	779	10	8	7	2	9
192	780	10	8	9	3	7
192	781	10	8	11	7	2
192	782	10	8	12	5	6
192	783	10	9	2	5	4
192	784	10	9	3	12	6
192	785	10	9	4	12	6
192	786	10	9	5	8	4
192	787	10	9	6	7	12
192	788	10	9	7	4	6
192	789	10	9	8	12	11
192	790	10	9	11	7	6
192	791	10	9	12	2	6
192	792	10	11	2	4	7
192	793	10	11	3	9	4
192	794	10	11	4	2	6
192	795	10	11	5	8	7
192	796	10	11	6	5	3
192	797	10	11	7	12	5
192	798	10	11	8	7	9
192	799	10	11	9	6	3
192	800	10	11	12	4	8
192	801	10	12	2	9	6
192	802	10	12	3	5	2
192	803	10	12	4	7	2
192	804	10	12	5	7	6
192	805	10	12	6	9	3
192	806	10	12	7	4	2
192	807	10	12	8	11	7
192	808	10	12	9	4	2
192	809	10	12	11	2	4
192	810	11	2	3	5	8
192	811	11	2	4	12	8
192	812	11	2	5	8	9
192	813	11	2	6	10	4
192	814	11	2	7	5	6
192	815	11	2	8	3	12
192	816	11	2	9	7	6
192	817	11	2	10	5	12
192	818	11	2	12	4	5
192	819	11	3	2	7	12
192	820	11	3	4	10	12
192	821	11	3	5	12	6
192	822	11	3	6	5	9
192	823	11	3	7	6	12
192	824	11	3	8	5	12
192	825	11	3	9	4	5
192	826	11	3	10	8	4
192	827	11	3	12	7	10
192	828	11	4	2	9	10
192	829	11	4	3	8	7
192	830	11	4	5	2	9
192	831	11	4	6	2	10
192	832	11	4	7	9	6
192	833	11	4	8	9	7
192	834	11	4	9	5	3
192	835	11	4	10	9	3
192	836	11	4	12	9	10
192	837	11	5	2	7	9
192	838	11	5	3	6	12
192	839	11	5	4	6	2
192	840	11	5	6	8	2
192	841	11	5	7	10	6
192	842	11	5	8	3	6
192	843	11	5	9	12	10
192	844	11	5	10	3	6
192	845	11	5	12	8	4
192	846	11	6	2	5	4
192	847	11	6	3	12	10
192	848	11	6	4	12	3
192	849	11	6	5	9	3
192	850	11	6	7	2	3
192	851	11	6	8	2	3
192	852	11	6	9	2	3
192	853	11	6	10	3	5
192	854	11	6	12	3	4
192	855	11	7	2	6	4
192	856	11	7	3	12	6
192	857	11	7	4	10	3
192	858	11	7	5	6	4
192	859	11	7	6	8	2
192	860	11	7	8	5	4
192	861	11	7	9	3	6
192	862	11	7	10	5	4
192	863	11	7	12	2	8
192	864	11	8	2	9	10
192	865	11	8	3	4	12
192	866	11	8	4	2	9
192	867	11	8	5	4	10
192	868	11	8	6	4	7
192	869	11	8	7	6	10
192	870	11	8	9	7	12
192	871	11	8	10	5	9
192	872	11	8	12	6	10
192	873	11	9	2	7	10
192	874	11	9	3	5	12
192	875	11	9	4	3	8
192	876	11	9	5	8	10
192	877	11	9	6	4	3
192	878	11	9	7	2	6
192	879	11	9	8	3	12
192	880	11	9	10	7	5
192	881	11	9	12	7	3
192	882	11	10	2	4	9
192	883	11	10	3	12	7
192	884	11	10	4	8	7
192	885	11	10	5	8	2
192	886	11	10	6	9	4
192	887	11	10	7	6	9
192	888	11	10	8	2	9
192	889	11	10	9	6	4
192	890	11	10	12	3	8
192	891	11	12	2	7	8
192	892	11	12	3	8	10
192	893	11	12	4	5	3
192	894	11	12	5	8	3
192	895	11	12	6	9	8
192	896	11	12	7	6	5
192	897	11	12	8	9	7
192	898	11	12	9	10	5
192	899	11	12	10	4	7
192	900	12	2	3	4	6
192	901	12	2	4	3	5
192	902	12	2	5	7	11
192	903	12	2	6	4	3
192	904	12	2	7	5	11
192	905	12	2	8	9	10
192	906	12	2	9	11	6
192	907	12	2	10	9	8
192	908	12	2	11	3	7
192	909	12	3	2	10	11
192	910	12	3	4	9	2
192	911	12	3	5	2	7
192	912	12	3	6	5	4
192	913	12	3	7	4	10
192	914	12	3	8	2	6
192	915	12	3	9	6	2
192	916	12	3	10	2	6
192	917	12	3	11	4	9
192	918	12	4	2	6	8
192	919	12	4	3	8	7
192	920	12	4	5	10	3
192	921	12	4	6	10	8
192	922	12	4	7	5	10
192	923	12	4	8	2	3
192	924	12	4	9	10	11
192	925	12	4	10	6	11
192	926	12	4	11	6	8
192	927	12	5	2	3	4
192	928	12	5	3	4	11
192	929	12	5	4	9	10
192	930	12	5	6	11	7
192	931	12	5	7	10	11
192	932	12	5	8	6	9
192	933	12	5	9	8	4
192	934	12	5	10	3	8
192	935	12	5	11	4	10
192	936	12	6	2	7	5
192	937	12	6	3	11	9
192	938	12	6	4	2	3
192	939	12	6	5	10	11
192	940	12	6	7	10	2
192	941	12	6	8	2	5
192	942	12	6	9	10	8
192	943	12	6	10	11	2
192	944	12	6	11	3	7
192	945	12	7	2	8	4
192	946	12	7	3	8	6
192	947	12	7	4	8	9
192	948	12	7	5	4	10
192	949	12	7	6	8	4
192	950	12	7	8	6	3
192	951	12	7	9	10	8
192	952	12	7	10	5	9
192	953	12	7	11	10	9
192	954	12	8	2	3	11
192	955	12	8	3	6	11
192	956	12	8	4	5	11
192	957	12	8	5	6	3
192	958	12	8	6	9	7
192	959	12	8	7	5	6
192	960	12	8	9	4	2
192	961	12	8	10	5	6
192	962	12	8	11	6	5
192	963	12	9	2	8	10
192	964	12	9	3	10	8
192	965	12	9	4	11	8
192	966	12	9	5	4	10
192	967	12	9	6	5	7
192	968	12	9	7	6	2
192	969	12	9	8	10	6
192	970	12	9	10	2	8
192	971	12	9	11	3	5
192	972	12	10	2	5	9
192	973	12	10	3	9	8
192	974	12	10	4	11	9
192	975	12	10	5	11	8
192	976	12	10	6	5	3
192	977	12	10	7	5	3
192	978	12	10	8	9	6
192	979	12	10	9	6	11
192	980	12	10	11	8	6
192	981	12	11	2	10	6
192	982	12	11	3	4	2
192	983	12	11	4	3	8
192	984	12	11	5	6	10
192	985	12	11	6	2	9
192	986	12	11	7	2	8
192	987	12	11	8	3	9
192	988	12	11	9	10	5
192	989	12	11	10	6	3
219	0	2	3	4	7	9
219	1	2	3	5	12	9
219	2	2	3	6	8	5
219	3	2	3	7	12	10
219	4	2	3	8	4	11
219	5	2	3	9	4	5
219	6	2	3	10	12	9
219	7	2	3	11	12	4
219	8	2	3	12	8	6
219	9	2	4	3	11	5
219	10	2	4	5	8	7
219	11	2	4	6	10	11
219	12	2	4	7	8	3
219	13	2	4	8	3	10
219	14	2	4	9	7	5
219	15	2	4	10	9	7
219	16	2	4	11	9	7
219	17	2	4	12	6	11
219	18	2	5	3	9	10
219	19	2	5	4	3	12
219	20	2	5	6	3	9
219	21	2	5	7	8	6
219	22	2	5	8	10	6
219	23	2	5	9	4	11
219	24	2	5	10	12	11
219	25	2	5	11	7	4
219	26	2	5	12	8	6
219	27	2	6	3	10	12
219	28	2	6	4	3	10
219	29	2	6	5	10	8
219	30	2	6	7	4	3
219	31	2	6	8	10	11
219	32	2	6	9	4	11
219	33	2	6	10	3	9
219	34	2	6	11	10	5
219	35	2	6	12	3	8
219	36	2	7	3	8	4
219	37	2	7	4	11	10
219	38	2	7	5	8	9
219	39	2	7	6	5	11
219	40	2	7	8	10	9
219	41	2	7	9	8	12
219	42	2	7	10	9	5
219	43	2	7	11	12	8
219	44	2	7	12	9	5
219	45	2	8	3	5	6
219	46	2	8	4	9	6
219	47	2	8	5	11	3
219	48	2	8	6	4	3
219	49	2	8	7	4	12
219	50	2	8	9	12	11
219	51	2	8	10	6	4
219	52	2	8	11	3	12
219	53	2	8	12	10	7
219	54	2	9	3	7	12
219	55	2	9	4	3	5
219	56	2	9	5	10	7
219	57	2	9	6	7	4
219	58	2	9	7	4	11
219	59	2	9	8	10	5
219	60	2	9	10	7	8
219	61	2	9	11	5	10
219	62	2	9	12	10	6
219	63	2	10	3	9	7
219	64	2	10	4	5	3
219	65	2	10	5	12	11
219	66	2	10	6	4	3
219	67	2	10	7	4	5
219	68	2	10	8	3	5
219	69	2	10	9	8	5
219	70	2	10	11	6	8
219	71	2	10	12	3	4
219	72	2	11	3	12	7
219	73	2	11	4	3	10
219	74	2	11	5	9	6
219	75	2	11	6	8	4
219	76	2	11	7	4	12
219	77	2	11	8	5	9
219	78	2	11	9	4	8
219	79	2	11	10	4	7
219	80	2	11	12	6	8
219	81	2	12	3	7	5
219	82	2	12	4	11	8
219	83	2	12	5	6	11
219	84	2	12	6	11	8
219	85	2	12	7	9	4
219	86	2	12	8	11	3
219	87	2	12	9	7	6
219	88	2	12	10	11	9
219	89	2	12	11	9	6
219	90	3	2	4	12	9
219	91	3	2	5	7	6
219	92	3	2	6	9	8
219	93	3	2	7	5	10
219	94	3	2	8	5	10
219	95	3	2	9	12	11
219	96	3	2	10	8	7
219	97	3	2	11	4	10
219	98	3	2	12	5	6
219	99	3	4	2	11	5
219	100	3	4	5	9	2
219	101	3	4	6	8	11
219	102	3	4	7	10	2
219	103	3	4	8	2	6
219	104	3	4	9	6	8
219	105	3	4	10	2	5
219	106	3	4	11	7	9
219	107	3	4	12	5	8
219	108	3	5	2	4	10
219	109	3	5	4	11	2
219	110	3	5	6	11	12
219	111	3	5	7	9	4
219	112	3	5	8	10	6
219	113	3	5	9	6	4
219	114	3	5	10	4	8
219	115	3	5	11	8	10
219	116	3	5	12	9	2
219	117	3	6	2	11	9
219	118	3	6	4	7	8
219	119	3	6	5	7	4
219	120	3	6	7	5	2
219	121	3	6	8	7	10
219	122	3	6	9	8	10
219	123	3	6	10	9	5
219	124	3	6	11	9	4
219	125	3	6	12	9	7
219	126	3	7	2	11	12
219	127	3	7	4	6	10
219	128	3	7	5	6	8
219	129	3	7	6	10	12
219	130	3	7	8	9	2
219	131	3	7	9	12	8
219	132	3	7	10	11	8
219	133	3	7	11	6	5
219	134	3	7	12	9	2
219	135	3	8	2	7	6
219	136	3	8	4	11	9
219	137	3	8	5	11	7
219	138	3	8	6	4	9
219	139	3	8	7	4	12
219	140	3	8	9	2	6
219	141	3	8	10	11	2
219	142	3	8	11	9	6
219	143	3	8	12	6	5
219	144	3	9	2	8	11
219	145	3	9	4	8	7
219	146	3	9	5	10	4
219	147	3	9	6	8	2
219	148	3	9	7	11	10
219	149	3	9	8	7	12
219	150	3	9	10	12	5
219	151	3	9	11	10	8
219	152	3	9	12	2	11
219	153	3	10	2	7	5
219	154	3	10	4	9	8
219	155	3	10	5	9	12
219	156	3	10	6	5	2
219	157	3	10	7	5	6
219	158	3	10	8	9	5
219	159	3	10	9	11	12
219	160	3	10	11	2	12
219	161	3	10	12	9	2
219	162	3	11	2	9	4
219	163	3	11	4	2	7
219	164	3	11	5	2	9
219	165	3	11	6	9	4
219	166	3	11	7	4	8
219	167	3	11	8	2	5
219	168	3	11	9	8	5
219	169	3	11	10	9	8
219	170	3	11	12	7	5
219	171	3	12	2	8	9
219	172	3	12	4	8	6
219	173	3	12	5	7	6
219	174	3	12	6	4	8
219	175	3	12	7	6	5
219	176	3	12	8	10	5
219	177	3	12	9	4	2
219	178	3	12	10	2	9
219	179	3	12	11	10	7
219	180	4	2	3	5	10
219	181	4	2	5	12	11
219	182	4	2	6	5	8
219	183	4	2	7	11	9
219	184	4	2	8	3	9
219	185	4	2	9	11	8
219	186	4	2	10	12	6
219	187	4	2	11	8	12
219	188	4	2	12	11	7
219	189	4	3	2	7	12
219	190	4	3	5	6	9
219	191	4	3	6	11	2
219	192	4	3	7	6	11
219	193	4	3	8	6	9
219	194	4	3	9	7	5
219	195	4	3	10	9	12
219	196	4	3	11	12	6
219	197	4	3	12	5	2
219	198	4	5	2	3	10
219	199	4	5	3	9	11
219	200	4	5	6	7	12
219	201	4	5	7	10	6
219	202	4	5	8	6	9
219	203	4	5	9	3	11
219	204	4	5	10	12	8
219	205	4	5	11	9	7
219	206	4	5	12	7	8
219	207	4	6	2	10	11
219	208	4	6	3	5	2
219	209	4	6	5	10	7
219	210	4	6	7	2	10
219	211	4	6	8	7	10
219	212	4	6	9	3	8
219	213	4	6	10	12	2
219	214	4	6	11	10	3
219	215	4	6	12	11	3
219	216	4	7	2	3	10
219	217	4	7	3	10	11
219	218	4	7	5	2	11
219	219	4	7	6	11	9
219	220	4	7	8	12	5
219	221	4	7	9	11	2
219	222	4	7	10	5	9
219	223	4	7	11	3	5
219	224	4	7	12	10	3
219	225	4	8	2	6	5
219	226	4	8	3	11	12
219	227	4	8	5	2	9
219	228	4	8	6	7	12
219	229	4	8	7	2	6
219	230	4	8	9	12	7
219	231	4	8	10	11	6
219	232	4	8	11	6	3
219	233	4	8	12	10	11
219	234	4	9	2	3	6
219	235	4	9	3	8	6
219	236	4	9	5	11	10
219	237	4	9	6	8	10
219	238	4	9	7	10	6
219	239	4	9	8	3	10
219	240	4	9	10	6	7
219	241	4	9	11	6	2
219	242	4	9	12	2	7
219	243	4	10	2	9	5
219	244	4	10	3	6	12
219	245	4	10	5	11	8
219	246	4	10	6	2	8
219	247	4	10	7	6	11
219	248	4	10	8	7	11
219	249	4	10	9	11	5
219	250	4	10	11	7	9
219	251	4	10	12	5	6
219	252	4	11	2	8	10
219	253	4	11	3	10	12
219	254	4	11	5	12	3
219	255	4	11	6	7	8
219	256	4	11	7	12	8
219	257	4	11	8	3	9
219	258	4	11	9	6	12
219	259	4	11	10	3	7
219	260	4	11	12	3	10
219	261	4	12	2	3	10
219	262	4	12	3	2	6
219	263	4	12	5	3	9
219	264	4	12	6	2	8
219	265	4	12	7	6	11
219	266	4	12	8	7	10
219	267	4	12	9	10	2
219	268	4	12	10	2	5
219	269	4	12	11	6	5
219	270	5	2	3	12	9
219	271	5	2	4	9	7
219	272	5	2	6	4	7
219	273	5	2	7	3	9
219	274	5	2	8	12	11
219	275	5	2	9	8	3
219	276	5	2	10	6	9
219	277	5	2	11	6	12
219	278	5	2	12	4	11
219	279	5	3	2	7	11
219	280	5	3	4	9	8
219	281	5	3	6	9	10
219	282	5	3	7	2	6
219	283	5	3	8	6	12
219	284	5	3	9	7	2
219	285	5	3	10	4	8
219	286	5	3	11	10	6
219	287	5	3	12	4	10
219	288	5	4	2	9	3
219	289	5	4	3	10	7
219	290	5	4	6	11	7
219	291	5	4	7	11	9
219	292	5	4	8	11	10
219	293	5	4	9	10	6
219	294	5	4	10	8	2
219	295	5	4	11	3	6
219	296	5	4	12	7	3
219	297	5	6	2	3	9
219	298	5	6	3	10	8
219	299	5	6	4	11	8
219	300	5	6	7	10	9
219	301	5	6	8	12	9
219	302	5	6	9	8	10
219	303	5	6	10	7	11
219	304	5	6	11	4	3
219	305	5	6	12	3	4
219	306	5	7	2	12	10
219	307	5	7	3	8	10
219	308	5	7	4	6	12
219	309	5	7	6	10	8
219	310	5	7	8	12	9
219	311	5	7	9	8	2
219	312	5	7	10	3	9
219	313	5	7	11	10	4
219	314	5	7	12	6	10
219	315	5	8	2	3	6
219	316	5	8	3	12	11
219	317	5	8	4	3	9
219	318	5	8	6	11	2
219	319	5	8	7	12	10
219	320	5	8	9	4	11
219	321	5	8	10	7	2
219	322	5	8	11	2	9
219	323	5	8	12	2	7
219	324	5	9	2	11	12
219	325	5	9	3	8	12
219	326	5	9	4	11	7
219	327	5	9	6	11	4
219	328	5	9	7	8	11
219	329	5	9	8	3	11
219	330	5	9	10	4	6
219	331	5	9	11	4	10
219	332	5	9	12	7	2
219	333	5	10	2	6	9
219	334	5	10	3	2	6
219	335	5	10	4	2	11
219	336	5	10	6	8	2
219	337	5	10	7	8	9
219	338	5	10	8	11	6
219	339	5	10	9	7	8
219	340	5	10	11	12	2
219	341	5	10	12	11	2
219	342	5	11	2	7	4
219	343	5	11	3	4	12
219	344	5	11	4	12	7
219	345	5	11	6	10	3
219	346	5	11	7	9	10
219	347	5	11	8	7	4
219	348	5	11	9	12	8
219	349	5	11	10	12	7
219	350	5	11	12	7	4
219	351	5	12	2	11	6
219	352	5	12	3	8	4
219	353	5	12	4	10	9
219	354	5	12	6	8	4
219	355	5	12	7	4	10
219	356	5	12	8	6	9
219	357	5	12	9	3	7
219	358	5	12	10	11	2
219	359	5	12	11	9	6
219	360	6	2	3	4	11
219	361	6	2	4	10	9
219	362	6	2	5	12	9
219	363	6	2	7	8	3
219	364	6	2	8	12	3
219	365	6	2	9	10	5
219	366	6	2	10	3	8
219	367	6	2	11	9	4
219	368	6	2	12	7	10
219	369	6	3	2	10	5
219	370	6	3	4	10	9
219	371	6	3	5	7	12
219	372	6	3	7	8	5
219	373	6	3	8	2	4
219	374	6	3	9	10	2
219	375	6	3	10	11	2
219	376	6	3	11	2	9
219	377	6	3	12	8	4
219	378	6	4	2	9	3
219	379	6	4	3	11	5
219	380	6	4	5	12	2
219	381	6	4	7	5	11
219	382	6	4	8	11	10
219	383	6	4	9	7	2
219	384	6	4	10	12	5
219	385	6	4	11	12	3
219	386	6	4	12	5	7
219	387	6	5	2	7	8
219	388	6	5	3	12	7
219	389	6	5	4	10	12
219	390	6	5	7	4	11
219	391	6	5	8	2	10
219	392	6	5	9	2	10
219	393	6	5	10	7	3
219	394	6	5	11	4	12
219	395	6	5	12	7	9
219	396	6	7	2	11	9
219	397	6	7	3	5	9
219	398	6	7	4	8	10
219	399	6	7	5	3	4
219	400	6	7	8	3	5
219	401	6	7	9	3	12
219	402	6	7	10	2	5
219	403	6	7	11	10	8
219	404	6	7	12	10	4
219	405	6	8	2	3	12
219	406	6	8	3	2	7
219	407	6	8	4	7	5
219	408	6	8	5	3	4
219	409	6	8	7	4	9
219	410	6	8	9	2	4
219	411	6	8	10	5	11
219	412	6	8	11	10	2
219	413	6	8	12	4	5
219	414	6	9	2	12	3
219	415	6	9	3	2	10
219	416	6	9	4	12	5
219	417	6	9	5	2	3
219	418	6	9	7	3	4
219	419	6	9	8	3	11
219	420	6	9	10	11	2
219	421	6	9	11	2	5
219	422	6	9	12	2	8
219	423	6	10	2	5	9
219	424	6	10	3	2	9
219	425	6	10	4	5	9
219	426	6	10	5	2	8
219	427	6	10	7	2	5
219	428	6	10	8	11	4
219	429	6	10	9	4	5
219	430	6	10	11	8	9
219	431	6	10	12	7	2
219	432	6	11	2	5	12
219	433	6	11	3	9	2
219	434	6	11	4	10	8
219	435	6	11	5	2	3
219	436	6	11	7	3	10
219	437	6	11	8	9	12
219	438	6	11	9	4	3
219	439	6	11	10	9	2
219	440	6	11	12	8	7
219	441	6	12	2	9	4
219	442	6	12	3	2	4
219	443	6	12	4	9	11
219	444	6	12	5	11	4
219	445	6	12	7	8	10
219	446	6	12	8	5	2
219	447	6	12	9	3	10
219	448	6	12	10	4	11
219	449	6	12	11	4	10
219	450	7	2	3	10	9
219	451	7	2	4	5	11
219	452	7	2	5	10	12
219	453	7	2	6	4	12
219	454	7	2	8	3	9
219	455	7	2	9	6	4
219	456	7	2	10	5	8
219	457	7	2	11	12	6
219	458	7	2	12	9	3
219	459	7	3	2	6	4
219	460	7	3	4	12	9
219	461	7	3	5	12	4
219	462	7	3	6	12	5
219	463	7	3	8	10	11
219	464	7	3	9	12	4
219	465	7	3	10	4	11
219	466	7	3	11	12	6
219	467	7	3	12	10	4
219	468	7	4	2	5	3
219	469	7	4	3	2	8
219	470	7	4	5	12	11
219	471	7	4	6	5	3
219	472	7	4	8	10	5
219	473	7	4	9	5	10
219	474	7	4	10	8	6
219	475	7	4	11	6	3
219	476	7	4	12	6	2
219	477	7	5	2	9	10
219	478	7	5	3	8	2
219	479	7	5	4	3	11
219	480	7	5	6	4	9
219	481	7	5	8	9	2
219	482	7	5	9	10	11
219	483	7	5	10	2	11
219	484	7	5	11	9	6
219	485	7	5	12	9	4
219	486	7	6	2	10	12
219	487	7	6	3	12	4
219	488	7	6	4	2	9
219	489	7	6	5	11	9
219	490	7	6	8	3	11
219	491	7	6	9	3	11
219	492	7	6	10	4	11
219	493	7	6	11	5	8
219	494	7	6	12	8	4
219	495	7	8	2	3	11
219	496	7	8	3	9	10
219	497	7	8	4	12	6
219	498	7	8	5	12	3
219	499	7	8	6	3	9
219	500	7	8	9	5	11
219	501	7	8	10	6	2
219	502	7	8	11	3	9
219	503	7	8	12	6	10
219	504	7	9	2	5	12
219	505	7	9	3	5	6
219	506	7	9	4	3	5
219	507	7	9	5	2	12
219	508	7	9	6	2	8
219	509	7	9	8	11	12
219	510	7	9	10	5	3
219	511	7	9	11	2	8
219	512	7	9	12	11	10
219	513	7	10	2	9	8
219	514	7	10	3	12	4
219	515	7	10	4	5	3
219	516	7	10	5	2	6
219	517	7	10	6	12	9
219	518	7	10	8	2	11
219	519	7	10	9	12	5
219	520	7	10	11	2	6
219	521	7	10	12	5	11
219	522	7	11	2	9	5
219	523	7	11	3	5	12
219	524	7	11	4	10	12
219	525	7	11	5	10	2
219	526	7	11	6	2	12
219	527	7	11	8	6	2
219	528	7	11	9	8	10
219	529	7	11	10	6	8
219	530	7	11	12	2	6
219	531	7	12	2	9	5
219	532	7	12	3	9	6
219	533	7	12	4	10	2
219	534	7	12	5	10	2
219	535	7	12	6	10	9
219	536	7	12	8	10	3
219	537	7	12	9	6	5
219	538	7	12	10	2	8
219	539	7	12	11	3	4
219	540	8	2	3	4	6
219	541	8	2	4	12	9
219	542	8	2	5	9	4
219	543	8	2	6	9	12
219	544	8	2	7	3	5
219	545	8	2	9	3	5
219	546	8	2	10	12	3
219	547	8	2	11	6	10
219	548	8	2	12	11	6
219	549	8	3	2	9	6
219	550	8	3	4	12	9
219	551	8	3	5	11	10
219	552	8	3	6	7	10
219	553	8	3	7	11	5
219	554	8	3	9	7	4
219	555	8	3	10	7	2
219	556	8	3	11	10	5
219	557	8	3	12	11	6
219	558	8	4	2	10	9
219	559	8	4	3	9	12
219	560	8	4	5	9	10
219	561	8	4	6	11	2
219	562	8	4	7	11	10
219	563	8	4	9	2	7
219	564	8	4	10	5	11
219	565	8	4	11	10	6
219	566	8	4	12	10	5
219	567	8	5	2	11	4
219	568	8	5	3	2	10
219	569	8	5	4	3	11
219	570	8	5	6	3	12
219	571	8	5	7	12	9
219	572	8	5	9	3	7
219	573	8	5	10	11	2
219	574	8	5	11	2	6
219	575	8	5	12	9	10
219	576	8	6	2	3	12
219	577	8	6	3	4	7
219	578	8	6	4	9	12
219	579	8	6	5	3	11
219	580	8	6	7	10	5
219	581	8	6	9	2	3
219	582	8	6	10	5	2
219	583	8	6	11	2	5
219	584	8	6	12	9	11
219	585	8	7	2	5	9
219	586	8	7	3	12	5
219	587	8	7	4	11	12
219	588	8	7	5	6	10
219	589	8	7	6	5	4
219	590	8	7	9	3	5
219	591	8	7	10	5	12
219	592	8	7	11	2	3
219	593	8	7	12	3	6
219	594	8	9	2	11	7
219	595	8	9	3	4	5
219	596	8	9	4	3	2
219	597	8	9	5	4	12
219	598	8	9	6	10	5
219	599	8	9	7	11	3
219	600	8	9	10	6	3
219	601	8	9	11	3	2
219	602	8	9	12	11	3
219	603	8	10	2	6	3
219	604	8	10	3	5	7
219	605	8	10	4	9	2
219	606	8	10	5	7	2
219	607	8	10	6	3	4
219	608	8	10	7	5	12
219	609	8	10	9	3	5
219	610	8	10	11	12	5
219	611	8	10	12	3	9
219	612	8	11	2	6	7
219	613	8	11	3	12	4
219	614	8	11	4	12	2
219	615	8	11	5	4	2
219	616	8	11	6	5	4
219	617	8	11	7	12	6
219	618	8	11	9	5	6
219	619	8	11	10	2	6
219	620	8	11	12	6	4
219	621	8	12	2	3	9
219	622	8	12	3	7	5
219	623	8	12	4	3	2
219	624	8	12	5	3	6
219	625	8	12	6	10	7
219	626	8	12	7	6	9
219	627	8	12	9	6	10
219	628	8	12	10	2	4
219	629	8	12	11	3	9
219	630	9	2	3	6	5
219	631	9	2	4	5	10
219	632	9	2	5	3	6
219	633	9	2	6	3	8
219	634	9	2	7	3	8
219	635	9	2	8	12	10
219	636	9	2	10	7	6
219	637	9	2	11	12	8
219	638	9	2	12	10	7
219	639	9	3	2	7	4
219	640	9	3	4	5	2
219	641	9	3	5	11	4
219	642	9	3	6	5	4
219	643	9	3	7	11	2
219	644	9	3	8	12	4
219	645	9	3	10	6	4
219	646	9	3	11	6	4
219	647	9	3	12	11	8
219	648	9	4	2	8	7
219	649	9	4	3	5	8
219	650	9	4	5	6	2
219	651	9	4	6	7	12
219	652	9	4	7	3	11
219	653	9	4	8	10	12
219	654	9	4	10	8	3
219	655	9	4	11	5	8
219	656	9	4	12	7	3
219	657	9	5	2	6	10
219	658	9	5	3	4	2
219	659	9	5	4	10	8
219	660	9	5	6	7	11
219	661	9	5	7	2	6
219	662	9	5	8	2	12
219	663	9	5	10	2	7
219	664	9	5	11	4	10
219	665	9	5	12	4	8
219	666	9	6	2	11	5
219	667	9	6	3	10	4
219	668	9	6	4	10	2
219	669	9	6	5	11	2
219	670	9	6	7	3	12
219	671	9	6	8	7	4
219	672	9	6	10	3	11
219	673	9	6	11	2	7
219	674	9	6	12	10	4
219	675	9	7	2	10	12
219	676	9	7	3	8	4
219	677	9	7	4	10	3
219	678	9	7	5	6	4
219	679	9	7	6	5	10
219	680	9	7	8	5	11
219	681	9	7	10	8	4
219	682	9	7	11	12	6
219	683	9	7	12	8	6
219	684	9	8	2	6	5
219	685	9	8	3	10	2
219	686	9	8	4	12	11
219	687	9	8	5	11	12
219	688	9	8	6	2	12
219	689	9	8	7	5	6
219	690	9	8	10	12	7
219	691	9	8	11	3	5
219	692	9	8	12	11	5
219	693	9	10	2	6	11
219	694	9	10	3	5	2
219	695	9	10	4	5	2
219	696	9	10	5	6	12
219	697	9	10	6	5	3
219	698	9	10	7	12	3
219	699	9	10	8	12	6
219	700	9	10	11	12	6
219	701	9	10	12	7	8
219	702	9	11	2	3	4
219	703	9	11	3	12	7
219	704	9	11	4	3	12
219	705	9	11	5	8	12
219	706	9	11	6	12	4
219	707	9	11	7	8	6
219	708	9	11	8	4	10
219	709	9	11	10	5	7
219	710	9	11	12	7	8
219	711	9	12	2	6	5
219	712	9	12	3	6	7
219	713	9	12	4	3	11
219	714	9	12	5	6	4
219	715	9	12	6	3	11
219	716	9	12	7	3	5
219	717	9	12	8	3	6
219	718	9	12	10	3	6
219	719	9	12	11	6	3
219	720	10	2	3	9	8
219	721	10	2	4	11	7
219	722	10	2	5	4	7
219	723	10	2	6	3	4
219	724	10	2	7	3	9
219	725	10	2	8	3	12
219	726	10	2	9	7	12
219	727	10	2	11	4	6
219	728	10	2	12	9	7
219	729	10	3	2	9	12
219	730	10	3	4	7	9
219	731	10	3	5	9	11
219	732	10	3	6	8	5
219	733	10	3	7	9	4
219	734	10	3	8	2	9
219	735	10	3	9	2	6
219	736	10	3	11	7	5
219	737	10	3	12	8	6
219	738	10	4	2	8	6
219	739	10	4	3	8	2
219	740	10	4	5	3	7
219	741	10	4	6	9	12
219	742	10	4	7	8	3
219	743	10	4	8	5	7
219	744	10	4	9	6	3
219	745	10	4	11	8	7
219	746	10	4	12	6	8
219	747	10	5	2	4	12
219	748	10	5	3	12	4
219	749	10	5	4	11	6
219	750	10	5	6	9	4
219	751	10	5	7	6	12
219	752	10	5	8	7	6
219	753	10	5	9	6	2
219	754	10	5	11	4	12
219	755	10	5	12	3	11
219	756	10	6	2	9	4
219	757	10	6	3	2	7
219	758	10	6	4	2	9
219	759	10	6	5	2	11
219	760	10	6	7	12	5
219	761	10	6	8	9	5
219	762	10	6	9	5	11
219	763	10	6	11	8	2
219	764	10	6	12	9	3
219	765	10	7	2	5	4
219	766	10	7	3	5	6
219	767	10	7	4	5	3
219	768	10	7	5	6	4
219	769	10	7	6	12	8
219	770	10	7	8	9	3
219	771	10	7	9	6	4
219	772	10	7	11	8	12
219	773	10	7	12	5	4
219	774	10	8	2	6	5
219	775	10	8	3	6	2
219	776	10	8	4	7	9
219	777	10	8	5	3	6
219	778	10	8	6	2	12
219	779	10	8	7	5	3
219	780	10	8	9	5	12
219	781	10	8	11	5	6
219	782	10	8	12	5	2
219	783	10	9	2	4	8
219	784	10	9	3	8	7
219	785	10	9	4	8	3
219	786	10	9	5	11	3
219	787	10	9	6	5	8
219	788	10	9	7	11	3
219	789	10	9	8	2	6
219	790	10	9	11	2	6
219	791	10	9	12	7	8
219	792	10	11	2	4	3
219	793	10	11	3	8	6
219	794	10	11	4	12	2
219	795	10	11	5	3	12
219	796	10	11	6	9	3
219	797	10	11	7	9	12
219	798	10	11	8	6	3
219	799	10	11	9	6	5
219	800	10	11	12	8	7
219	801	10	12	2	11	9
219	802	10	12	3	9	2
219	803	10	12	4	11	5
219	804	10	12	5	8	6
219	805	10	12	6	8	7
219	806	10	12	7	5	9
219	807	10	12	8	6	9
219	808	10	12	9	5	2
219	809	10	12	11	4	3
219	810	11	2	3	9	6
219	811	11	2	4	9	7
219	812	11	2	5	8	7
219	813	11	2	6	9	7
219	814	11	2	7	9	4
219	815	11	2	8	10	7
219	816	11	2	9	5	4
219	817	11	2	10	7	12
219	818	11	2	12	5	10
219	819	11	3	2	10	6
219	820	11	3	4	6	9
219	821	11	3	5	7	9
219	822	11	3	6	4	7
219	823	11	3	7	4	12
219	824	11	3	8	5	2
219	825	11	3	9	2	5
219	826	11	3	10	8	12
219	827	11	3	12	6	5
219	828	11	4	2	10	9
219	829	11	4	3	10	12
219	830	11	4	5	7	9
219	831	11	4	6	10	2
219	832	11	4	7	2	8
219	833	11	4	8	12	9
219	834	11	4	9	10	5
219	835	11	4	10	3	9
219	836	11	4	12	2	6
219	837	11	5	2	6	12
219	838	11	5	3	12	8
219	839	11	5	4	2	7
219	840	11	5	6	8	9
219	841	11	5	7	9	6
219	842	11	5	8	2	12
219	843	11	5	9	7	10
219	844	11	5	10	7	2
219	845	11	5	12	3	2
219	846	11	6	2	10	4
219	847	11	6	3	9	2
219	848	11	6	4	7	10
219	849	11	6	5	4	3
219	850	11	6	7	5	9
219	851	11	6	8	12	9
219	852	11	6	9	12	3
219	853	11	6	10	4	7
219	854	11	6	12	4	7
219	855	11	7	2	6	12
219	856	11	7	3	4	10
219	857	11	7	4	2	6
219	858	11	7	5	10	8
219	859	11	7	6	2	3
219	860	11	7	8	5	6
219	861	11	7	9	2	10
219	862	11	7	10	8	12
219	863	11	7	12	4	3
219	864	11	8	2	12	3
219	865	11	8	3	2	6
219	866	11	8	4	3	2
219	867	11	8	5	4	12
219	868	11	8	6	2	3
219	869	11	8	7	10	2
219	870	11	8	9	12	4
219	871	11	8	10	7	9
219	872	11	8	12	7	10
219	873	11	9	2	3	6
219	874	11	9	3	10	12
219	875	11	9	4	12	3
219	876	11	9	5	4	12
219	877	11	9	6	12	7
219	878	11	9	7	10	6
219	879	11	9	8	10	2
219	880	11	9	10	2	5
219	881	11	9	12	8	2
219	882	11	10	2	9	7
219	883	11	10	3	6	5
219	884	11	10	4	2	8
219	885	11	10	5	7	12
219	886	11	10	6	4	12
219	887	11	10	7	12	4
219	888	11	10	8	12	7
219	889	11	10	9	2	3
219	890	11	10	12	7	8
219	891	11	12	2	10	7
219	892	11	12	3	6	9
219	893	11	12	4	5	7
219	894	11	12	5	3	10
219	895	11	12	6	2	10
219	896	11	12	7	4	3
219	897	11	12	8	9	10
219	898	11	12	9	7	6
219	899	11	12	10	9	5
219	900	12	2	3	6	10
219	901	12	2	4	3	11
219	902	12	2	5	10	6
219	903	12	2	6	3	5
219	904	12	2	7	5	8
219	905	12	2	8	11	3
219	906	12	2	9	7	10
219	907	12	2	10	5	6
219	908	12	2	11	10	3
219	909	12	3	2	4	11
219	910	12	3	4	6	2
219	911	12	3	5	8	11
219	912	12	3	6	9	8
219	913	12	3	7	2	4
219	914	12	3	8	7	5
219	915	12	3	9	7	4
219	916	12	3	10	2	9
219	917	12	3	11	4	6
219	918	12	4	2	7	11
219	919	12	4	3	8	5
219	920	12	4	5	6	2
219	921	12	4	6	8	3
219	922	12	4	7	9	5
219	923	12	4	8	2	3
219	924	12	4	9	8	2
219	925	12	4	10	11	7
219	926	12	4	11	2	3
219	927	12	5	2	3	4
219	928	12	5	3	6	7
219	929	12	5	4	3	7
219	930	12	5	6	9	10
219	931	12	5	7	9	2
219	932	12	5	8	7	3
219	933	12	5	9	2	4
219	934	12	5	10	6	3
219	935	12	5	11	6	2
219	936	12	6	2	11	10
219	937	12	6	3	10	11
219	938	12	6	4	5	3
219	939	12	6	5	9	2
219	940	12	6	7	9	4
219	941	12	6	8	4	7
219	942	12	6	9	10	7
219	943	12	6	10	5	11
219	944	12	6	11	10	9
219	945	12	7	2	10	4
219	946	12	7	3	11	6
219	947	12	7	4	11	2
219	948	12	7	5	6	3
219	949	12	7	6	11	5
219	950	12	7	8	10	3
219	951	12	7	9	4	11
219	952	12	7	10	9	2
219	953	12	7	11	9	4
219	954	12	8	2	7	5
219	955	12	8	3	10	6
219	956	12	8	4	10	9
219	957	12	8	5	9	7
219	958	12	8	6	7	10
219	959	12	8	7	3	6
219	960	12	8	9	2	6
219	961	12	8	10	3	9
219	962	12	8	11	7	6
219	963	12	9	2	7	11
219	964	12	9	3	4	2
219	965	12	9	4	2	5
219	966	12	9	5	4	7
219	967	12	9	6	3	10
219	968	12	9	7	6	3
219	969	12	9	8	10	2
219	970	12	9	10	11	7
219	971	12	9	11	5	10
219	972	12	10	2	4	3
219	973	12	10	3	5	2
219	974	12	10	4	5	11
219	975	12	10	5	7	6
219	976	12	10	6	3	5
219	977	12	10	7	3	9
219	978	12	10	8	4	9
219	979	12	10	9	6	7
219	980	12	10	11	5	9
219	981	12	11	2	3	6
219	982	12	11	3	6	7
219	983	12	11	4	3	8
219	984	12	11	5	6	8
219	985	12	11	6	2	10
219	986	12	11	7	3	5
219	987	12	11	8	4	10
219	988	12	11	9	6	10
219	989	12	11	10	9	2
238	0	2	3	4	12	10
238	1	2	3	5	7	12
238	2	2	3	6	7	5
238	3	2	3	7	12	10
238	4	2	3	8	10	12
238	5	2	3	9	11	6
238	6	2	3	10	9	6
238	7	2	3	11	12	7
238	8	2	3	12	11	5
238	9	2	4	3	6	5
238	10	2	4	5	7	8
238	11	2	4	6	5	10
238	12	2	4	7	3	6
238	13	2	4	8	9	3
238	14	2	4	9	10	3
238	15	2	4	10	3	5
238	16	2	4	11	8	9
238	17	2	4	12	8	10
238	18	2	5	3	11	6
238	19	2	5	4	8	7
238	20	2	5	6	4	11
238	21	2	5	7	12	4
238	22	2	5	8	9	7
238	23	2	5	9	7	3
238	24	2	5	10	11	7
238	25	2	5	11	12	10
238	26	2	5	12	7	11
238	27	2	6	3	9	8
238	28	2	6	4	5	8
238	29	2	6	5	11	8
238	30	2	6	7	10	11
238	31	2	6	8	4	10
238	32	2	6	9	12	11
238	33	2	6	10	4	7
238	34	2	6	11	7	12
238	35	2	6	12	4	8
238	36	2	7	3	11	6
238	37	2	7	4	5	3
238	38	2	7	5	3	9
238	39	2	7	6	3	10
238	40	2	7	8	3	9
238	41	2	7	9	10	4
238	42	2	7	10	8	3
238	43	2	7	11	5	10
238	44	2	7	12	11	10
238	45	2	8	3	6	5
238	46	2	8	4	3	10
238	47	2	8	5	9	11
238	48	2	8	6	9	5
238	49	2	8	7	6	3
238	50	2	8	9	5	12
238	51	2	8	10	4	5
238	52	2	8	11	9	7
238	53	2	8	12	11	7
238	54	2	9	3	10	7
238	55	2	9	4	3	12
238	56	2	9	5	8	3
238	57	2	9	6	3	8
238	58	2	9	7	6	3
238	59	2	9	8	11	3
238	60	2	9	10	4	6
238	61	2	9	11	4	5
238	62	2	9	12	5	7
238	63	2	10	3	8	9
238	64	2	10	4	7	12
238	65	2	10	5	7	4
238	66	2	10	6	5	12
238	67	2	10	7	5	6
238	68	2	10	8	6	11
238	69	2	10	9	7	12
238	70	2	10	11	6	12
238	71	2	10	12	6	7
238	72	2	11	3	6	10
238	73	2	11	4	7	6
238	74	2	11	5	10	8
238	75	2	11	6	5	4
238	76	2	11	7	12	3
238	77	2	11	8	9	6
238	78	2	11	9	6	3
238	79	2	11	10	12	8
238	80	2	11	12	5	8
238	81	2	12	3	5	8
238	82	2	12	4	3	9
238	83	2	12	5	4	3
238	84	2	12	6	7	11
238	85	2	12	7	5	9
238	86	2	12	8	4	7
238	87	2	12	9	6	10
238	88	2	12	10	11	4
238	89	2	12	11	10	4
238	90	3	2	4	8	12
238	91	3	2	5	4	9
238	92	3	2	6	9	7
238	93	3	2	7	5	10
238	94	3	2	8	9	10
238	95	3	2	9	6	7
238	96	3	2	10	8	6
238	97	3	2	11	8	5
238	98	3	2	12	5	9
238	99	3	4	2	6	5
238	100	3	4	5	7	9
238	101	3	4	6	9	5
238	102	3	4	7	12	5
238	103	3	4	8	9	7
238	104	3	4	9	8	2
238	105	3	4	10	2	8
238	106	3	4	11	7	10
238	107	3	4	12	5	6
238	108	3	5	2	6	4
238	109	3	5	4	10	12
238	110	3	5	6	2	10
238	111	3	5	7	2	12
238	112	3	5	8	10	7
238	113	3	5	9	6	2
238	114	3	5	10	9	11
238	115	3	5	11	2	6
238	116	3	5	12	4	6
238	117	3	6	2	8	4
238	118	3	6	4	11	2
238	119	3	6	5	11	7
238	120	3	6	7	8	5
238	121	3	6	8	9	7
238	122	3	6	9	8	4
238	123	3	6	10	7	5
238	124	3	6	11	5	12
238	125	3	6	12	5	7
238	126	3	7	2	10	4
238	127	3	7	4	11	12
238	128	3	7	5	4	2
238	129	3	7	6	4	11
238	130	3	7	8	10	9
238	131	3	7	9	2	6
238	132	3	7	10	11	2
238	133	3	7	11	2	12
238	134	3	7	12	2	5
238	135	3	8	2	7	4
238	136	3	8	4	2	9
238	137	3	8	5	7	2
238	138	3	8	6	10	2
238	139	3	8	7	12	4
238	140	3	8	9	7	10
238	141	3	8	10	7	5
238	142	3	8	11	5	2
238	143	3	8	12	5	11
238	144	3	9	2	4	5
238	145	3	9	4	6	10
238	146	3	9	5	4	8
238	147	3	9	6	11	5
238	148	3	9	7	12	5
238	149	3	9	8	4	11
238	150	3	9	10	11	4
238	151	3	9	11	10	5
238	152	3	9	12	11	5
238	153	3	10	2	6	4
238	154	3	10	4	11	5
238	155	3	10	5	2	7
238	156	3	10	6	11	8
238	157	3	10	7	8	12
238	158	3	10	8	6	12
238	159	3	10	9	2	11
238	160	3	10	11	8	6
238	161	3	10	12	2	4
238	162	3	11	2	6	10
238	163	3	11	4	12	7
238	164	3	11	5	2	12
238	165	3	11	6	10	12
238	166	3	11	7	5	4
238	167	3	11	8	2	7
238	168	3	11	9	4	7
238	169	3	11	10	6	5
238	170	3	11	12	10	9
238	171	3	12	2	9	8
238	172	3	12	4	2	6
238	173	3	12	5	10	9
238	174	3	12	6	5	10
238	175	3	12	7	10	11
238	176	3	12	8	4	9
238	177	3	12	9	2	5
238	178	3	12	10	9	4
238	179	3	12	11	7	5
238	180	4	2	3	12	6
238	181	4	2	5	11	6
238	182	4	2	6	5	3
238	183	4	2	7	8	6
238	184	4	2	8	6	5
238	185	4	2	9	10	8
238	186	4	2	10	12	3
238	187	4	2	11	9	7
238	188	4	2	12	8	7
238	189	4	3	2	11	9
238	190	4	3	5	11	12
238	191	4	3	6	8	12
238	192	4	3	7	8	10
238	193	4	3	8	10	7
238	194	4	3	9	5	11
238	195	4	3	10	9	6
238	196	4	3	11	7	6
238	197	4	3	12	6	10
238	198	4	5	2	8	7
238	199	4	5	3	11	6
238	200	4	5	6	3	2
238	201	4	5	7	6	2
238	202	4	5	8	7	10
238	203	4	5	9	12	3
238	204	4	5	10	7	2
238	205	4	5	11	2	6
238	206	4	5	12	2	9
238	207	4	6	2	10	12
238	208	4	6	3	10	11
238	209	4	6	5	7	10
238	210	4	6	7	12	5
238	211	4	6	8	11	5
238	212	4	6	9	10	2
238	213	4	6	10	9	2
238	214	4	6	11	12	7
238	215	4	6	12	8	10
238	216	4	7	2	10	6
238	217	4	7	3	6	10
238	218	4	7	5	12	8
238	219	4	7	6	2	10
238	220	4	7	8	2	3
238	221	4	7	9	6	10
238	222	4	7	10	6	8
238	223	4	7	11	5	3
238	224	4	7	12	10	11
238	225	4	8	2	7	5
238	226	4	8	3	11	9
238	227	4	8	5	10	11
238	228	4	8	6	11	10
238	229	4	8	7	10	3
238	230	4	8	9	5	7
238	231	4	8	10	12	2
238	232	4	8	11	7	9
238	233	4	8	12	2	6
238	234	4	9	2	8	5
238	235	4	9	3	8	2
238	236	4	9	5	6	12
238	237	4	9	6	10	12
238	238	4	9	7	10	8
238	239	4	9	8	7	6
238	240	4	9	10	3	8
238	241	4	9	11	8	7
238	242	4	9	12	10	8
238	243	4	10	2	3	11
238	244	4	10	3	6	7
238	245	4	10	5	7	3
238	246	4	10	6	8	7
238	247	4	10	7	8	12
238	248	4	10	8	6	7
238	249	4	10	9	12	2
238	250	4	10	11	9	7
238	251	4	10	12	3	7
238	252	4	11	2	8	3
238	253	4	11	3	5	2
238	254	4	11	5	8	6
238	255	4	11	6	5	10
238	256	4	11	7	2	5
238	257	4	11	8	3	5
238	258	4	11	9	10	8
238	259	4	11	10	12	9
238	260	4	11	12	10	8
238	261	4	12	2	7	11
238	262	4	12	3	5	10
238	263	4	12	5	3	8
238	264	4	12	6	9	5
238	265	4	12	7	6	10
238	266	4	12	8	11	7
238	267	4	12	9	7	10
238	268	4	12	10	8	3
238	269	4	12	11	2	10
238	270	5	2	3	6	7
238	271	5	2	4	7	12
238	272	5	2	6	7	8
238	273	5	2	7	12	9
238	274	5	2	8	6	4
238	275	5	2	9	6	3
238	276	5	2	10	7	9
238	277	5	2	11	10	9
238	278	5	2	12	10	9
238	279	5	3	2	7	10
238	280	5	3	4	11	2
238	281	5	3	6	7	2
238	282	5	3	7	12	4
238	283	5	3	8	12	11
238	284	5	3	9	8	12
238	285	5	3	10	4	12
238	286	5	3	11	2	6
238	287	5	3	12	7	2
238	288	5	4	2	3	11
238	289	5	4	3	11	2
238	290	5	4	6	8	9
238	291	5	4	7	8	11
238	292	5	4	8	11	2
238	293	5	4	9	8	10
238	294	5	4	10	11	2
238	295	5	4	11	8	7
238	296	5	4	12	3	10
238	297	5	6	2	11	10
238	298	5	6	3	8	12
238	299	5	6	4	9	7
238	300	5	6	7	11	3
238	301	5	6	8	10	4
238	302	5	6	9	11	7
238	303	5	6	10	8	12
238	304	5	6	11	3	10
238	305	5	6	12	4	10
238	306	5	7	2	10	12
238	307	5	7	3	10	12
238	308	5	7	4	8	10
238	309	5	7	6	4	11
238	310	5	7	8	9	4
238	311	5	7	9	11	8
238	312	5	7	10	2	11
238	313	5	7	11	4	10
238	314	5	7	12	4	8
238	315	5	8	2	11	6
238	316	5	8	3	4	9
238	317	5	8	4	6	11
238	318	5	8	6	11	12
238	319	5	8	7	9	6
238	320	5	8	9	6	2
238	321	5	8	10	4	6
238	322	5	8	11	3	10
238	323	5	8	12	4	6
238	324	5	9	2	7	6
238	325	5	9	3	12	10
238	326	5	9	4	8	12
238	327	5	9	6	7	12
238	328	5	9	7	10	6
238	329	5	9	8	4	7
238	330	5	9	10	4	3
238	331	5	9	11	3	4
238	332	5	9	12	10	4
238	333	5	10	2	11	3
238	334	5	10	3	8	9
238	335	5	10	4	6	8
238	336	5	10	6	4	2
238	337	5	10	7	4	12
238	338	5	10	8	9	11
238	339	5	10	9	6	7
238	340	5	10	11	6	4
238	341	5	10	12	7	11
238	342	5	11	2	9	7
238	343	5	11	3	8	7
238	344	5	11	4	3	7
238	345	5	11	6	4	7
238	346	5	11	7	10	9
238	347	5	11	8	12	6
238	348	5	11	9	4	3
238	349	5	11	10	3	2
238	350	5	11	12	4	3
238	351	5	12	2	11	6
238	352	5	12	3	11	4
238	353	5	12	4	10	8
238	354	5	12	6	8	3
238	355	5	12	7	3	8
238	356	5	12	8	6	4
238	357	5	12	9	6	2
238	358	5	12	10	3	2
238	359	5	12	11	3	9
238	360	6	2	3	12	4
238	361	6	2	4	5	10
238	362	6	2	5	3	11
238	363	6	2	7	8	4
238	364	6	2	8	7	3
238	365	6	2	9	7	5
238	366	6	2	10	4	11
238	367	6	2	11	12	8
238	368	6	2	12	9	3
238	369	6	3	2	9	5
238	370	6	3	4	11	9
238	371	6	3	5	10	2
238	372	6	3	7	12	11
238	373	6	3	8	11	12
238	374	6	3	9	8	10
238	375	6	3	10	12	9
238	376	6	3	11	9	12
238	377	6	3	12	11	10
238	378	6	4	2	12	9
238	379	6	4	3	2	10
238	380	6	4	5	9	12
238	381	6	4	7	11	10
238	382	6	4	8	2	9
238	383	6	4	9	7	10
238	384	6	4	10	8	12
238	385	6	4	11	2	7
238	386	6	4	12	11	9
238	387	6	5	2	7	9
238	388	6	5	3	11	10
238	389	6	5	4	9	8
238	390	6	5	7	11	4
238	391	6	5	8	10	2
238	392	6	5	9	2	4
238	393	6	5	10	9	4
238	394	6	5	11	8	4
238	395	6	5	12	2	3
238	396	6	7	2	11	10
238	397	6	7	3	8	5
238	398	6	7	4	3	9
238	399	6	7	5	3	10
238	400	6	7	8	12	3
238	401	6	7	9	4	5
238	402	6	7	10	11	4
238	403	6	7	11	12	9
238	404	6	7	12	11	5
238	405	6	8	2	3	9
238	406	6	8	3	5	12
238	407	6	8	4	5	12
238	408	6	8	5	10	12
238	409	6	8	7	3	5
238	410	6	8	9	7	2
238	411	6	8	10	11	9
238	412	6	8	11	2	4
238	413	6	8	12	5	2
238	414	6	9	2	4	12
238	415	6	9	3	12	11
238	416	6	9	4	8	3
238	417	6	9	5	7	8
238	418	6	9	7	8	12
238	419	6	9	8	5	4
238	420	6	9	10	11	5
238	421	6	9	11	5	8
238	422	6	9	12	11	2
238	423	6	10	2	5	8
238	424	6	10	3	11	7
238	425	6	10	4	11	9
238	426	6	10	5	4	9
238	427	6	10	7	11	3
238	428	6	10	8	2	5
238	429	6	10	9	12	5
238	430	6	10	11	5	7
238	431	6	10	12	9	7
238	432	6	11	2	10	5
238	433	6	11	3	2	10
238	434	6	11	4	5	10
238	435	6	11	5	3	12
238	436	6	11	7	12	4
238	437	6	11	8	7	10
238	438	6	11	9	8	4
238	439	6	11	10	5	12
238	440	6	11	12	3	7
238	441	6	12	2	4	3
238	442	6	12	3	11	10
238	443	6	12	4	8	11
238	444	6	12	5	7	2
238	445	6	12	7	4	5
238	446	6	12	8	3	2
238	447	6	12	9	11	10
238	448	6	12	10	2	8
238	449	6	12	11	3	9
238	450	7	2	3	10	5
238	451	7	2	4	10	5
238	452	7	2	5	9	12
238	453	7	2	6	11	4
238	454	7	2	8	12	3
238	455	7	2	9	3	6
238	456	7	2	10	8	5
238	457	7	2	11	5	12
238	458	7	2	12	3	5
238	459	7	3	2	6	4
238	460	7	3	4	10	8
238	461	7	3	5	12	9
238	462	7	3	6	5	8
238	463	7	3	8	2	10
238	464	7	3	9	5	8
238	465	7	3	10	4	5
238	466	7	3	11	5	10
238	467	7	3	12	10	6
238	468	7	4	2	11	12
238	469	7	4	3	6	2
238	470	7	4	5	10	8
238	471	7	4	6	3	10
238	472	7	4	8	10	3
238	473	7	4	9	5	3
238	474	7	4	10	9	2
238	475	7	4	11	6	9
238	476	7	4	12	10	8
238	477	7	5	2	6	12
238	478	7	5	3	10	6
238	479	7	5	4	3	10
238	480	7	5	6	8	3
238	481	7	5	8	12	6
238	482	7	5	9	11	12
238	483	7	5	10	12	11
238	484	7	5	11	8	12
238	485	7	5	12	11	2
238	486	7	6	2	5	12
238	487	7	6	3	9	12
238	488	7	6	4	11	9
238	489	7	6	5	8	4
238	490	7	6	8	5	11
238	491	7	6	9	3	8
238	492	7	6	10	12	9
238	493	7	6	11	12	3
238	494	7	6	12	9	11
238	495	7	8	2	3	11
238	496	7	8	3	10	2
238	497	7	8	4	5	6
238	498	7	8	5	4	12
238	499	7	8	6	12	9
238	500	7	8	9	10	11
238	501	7	8	10	2	5
238	502	7	8	11	4	6
238	503	7	8	12	2	3
238	504	7	9	2	11	10
238	505	7	9	3	6	10
238	506	7	9	4	3	11
238	507	7	9	5	11	12
238	508	7	9	6	10	8
238	509	7	9	8	2	10
238	510	7	9	10	8	2
238	511	7	9	11	3	10
238	512	7	9	12	4	5
238	513	7	10	2	3	8
238	514	7	10	3	11	9
238	515	7	10	4	12	2
238	516	7	10	5	12	9
238	517	7	10	6	4	3
238	518	7	10	8	11	12
238	519	7	10	9	11	8
238	520	7	10	11	8	4
238	521	7	10	12	2	3
238	522	7	11	2	4	6
238	523	7	11	3	2	8
238	524	7	11	4	10	9
238	525	7	11	5	10	2
238	526	7	11	6	12	4
238	527	7	11	8	10	12
238	528	7	11	9	12	8
238	529	7	11	10	4	6
238	530	7	11	12	5	6
238	531	7	12	2	10	8
238	532	7	12	3	6	9
238	533	7	12	4	11	6
238	534	7	12	5	9	2
238	535	7	12	6	10	9
238	536	7	12	8	9	4
238	537	7	12	9	11	8
238	538	7	12	10	5	8
238	539	7	12	11	4	2
238	540	8	2	3	5	6
238	541	8	2	4	9	6
238	542	8	2	5	6	12
238	543	8	2	6	4	3
238	544	8	2	7	5	11
238	545	8	2	9	10	4
238	546	8	2	10	9	12
238	547	8	2	11	6	4
238	548	8	2	12	3	7
238	549	8	3	2	9	5
238	550	8	3	4	5	11
238	551	8	3	5	10	12
238	552	8	3	6	5	9
238	553	8	3	7	12	2
238	554	8	3	9	7	12
238	555	8	3	10	12	4
238	556	8	3	11	2	10
238	557	8	3	12	4	11
238	558	8	4	2	11	5
238	559	8	4	3	12	9
238	560	8	4	5	7	12
238	561	8	4	6	2	9
238	562	8	4	7	5	6
238	563	8	4	9	7	5
238	564	8	4	10	11	9
238	565	8	4	11	9	3
238	566	8	4	12	7	5
238	567	8	5	2	6	11
238	568	8	5	3	7	12
238	569	8	5	4	9	6
238	570	8	5	6	11	2
238	571	8	5	7	4	10
238	572	8	5	9	2	12
238	573	8	5	10	2	3
238	574	8	5	11	4	2
238	575	8	5	12	10	6
238	576	8	6	2	4	3
238	577	8	6	3	2	10
238	578	8	6	4	9	2
238	579	8	6	5	12	9
238	580	8	6	7	4	3
238	581	8	6	9	11	5
238	582	8	6	10	12	3
238	583	8	6	11	7	12
238	584	8	6	12	4	2
238	585	8	7	2	3	11
238	586	8	7	3	5	6
238	587	8	7	4	12	6
238	588	8	7	5	9	11
238	589	8	7	6	11	2
238	590	8	7	9	2	12
238	591	8	7	10	6	4
238	592	8	7	11	5	6
238	593	8	7	12	4	6
238	594	8	9	2	6	3
238	595	8	9	3	11	10
238	596	8	9	4	6	2
238	597	8	9	5	12	7
238	598	8	9	6	10	11
238	599	8	9	7	2	6
238	600	8	9	10	7	5
238	601	8	9	11	6	7
238	602	8	9	12	3	11
238	603	8	10	2	5	4
238	604	8	10	3	2	12
238	605	8	10	4	2	3
238	606	8	10	5	9	12
238	607	8	10	6	9	12
238	608	8	10	7	5	12
238	609	8	10	9	6	2
238	610	8	10	11	12	5
238	611	8	10	12	3	9
238	612	8	11	2	9	3
238	613	8	11	3	6	5
238	614	8	11	4	12	9
238	615	8	11	5	10	4
238	616	8	11	6	2	5
238	617	8	11	7	2	10
238	618	8	11	9	6	3
238	619	8	11	10	6	3
238	620	8	11	12	4	5
238	621	8	12	2	3	5
238	622	8	12	3	2	5
238	623	8	12	4	3	2
238	624	8	12	5	10	4
238	625	8	12	6	3	9
238	626	8	12	7	11	6
238	627	8	12	9	11	7
238	628	8	12	10	6	4
238	629	8	12	11	6	2
238	630	9	2	3	7	11
238	631	9	2	4	10	3
238	632	9	2	5	3	4
238	633	9	2	6	12	7
238	634	9	2	7	11	5
238	635	9	2	8	12	10
238	636	9	2	10	7	6
238	637	9	2	11	10	4
238	638	9	2	12	8	4
238	639	9	3	2	11	10
238	640	9	3	4	10	11
238	641	9	3	5	7	6
238	642	9	3	6	8	11
238	643	9	3	7	6	2
238	644	9	3	8	7	5
238	645	9	3	10	8	2
238	646	9	3	11	10	6
238	647	9	3	12	7	8
238	648	9	4	2	7	3
238	649	9	4	3	11	12
238	650	9	4	5	3	12
238	651	9	4	6	7	10
238	652	9	4	7	2	5
238	653	9	4	8	6	10
238	654	9	4	10	3	5
238	655	9	4	11	10	3
238	656	9	4	12	2	3
238	657	9	5	2	10	3
238	658	9	5	3	2	4
238	659	9	5	4	7	2
238	660	9	5	6	3	11
238	661	9	5	7	12	10
238	662	9	5	8	10	12
238	663	9	5	10	12	2
238	664	9	5	11	8	10
238	665	9	5	12	11	2
238	666	9	6	2	3	12
238	667	9	6	3	7	11
238	668	9	6	4	5	3
238	669	9	6	5	4	12
238	670	9	6	7	2	10
238	671	9	6	8	7	5
238	672	9	6	10	3	4
238	673	9	6	11	3	7
238	674	9	6	12	11	2
238	675	9	7	2	3	5
238	676	9	7	3	6	4
238	677	9	7	4	5	2
238	678	9	7	5	6	10
238	679	9	7	6	2	10
238	680	9	7	8	4	2
238	681	9	7	10	8	6
238	682	9	7	11	3	4
238	683	9	7	12	5	3
238	684	9	8	2	4	7
238	685	9	8	3	12	7
238	686	9	8	4	2	5
238	687	9	8	5	4	10
238	688	9	8	6	7	2
238	689	9	8	7	12	11
238	690	9	8	10	6	5
238	691	9	8	11	2	6
238	692	9	8	12	7	3
238	693	9	10	2	7	8
238	694	9	10	3	5	8
238	695	9	10	4	12	6
238	696	9	10	5	6	4
238	697	9	10	6	4	8
238	698	9	10	7	6	11
238	699	9	10	8	3	11
238	700	9	10	11	5	7
238	701	9	10	12	5	11
238	702	9	11	2	12	6
238	703	9	11	3	8	10
238	704	9	11	4	7	2
238	705	9	11	5	7	6
238	706	9	11	6	2	10
238	707	9	11	7	10	3
238	708	9	11	8	4	12
238	709	9	11	10	4	3
238	710	9	11	12	4	6
238	711	9	12	2	5	7
238	712	9	12	3	2	11
238	713	9	12	4	8	5
238	714	9	12	5	8	11
238	715	9	12	6	2	11
238	716	9	12	7	11	8
238	717	9	12	8	7	2
238	718	9	12	10	5	2
238	719	9	12	11	6	4
238	720	10	2	3	4	11
238	721	10	2	4	6	9
238	722	10	2	5	12	9
238	723	10	2	6	7	9
238	724	10	2	7	5	12
238	725	10	2	8	5	4
238	726	10	2	9	3	6
238	727	10	2	11	6	3
238	728	10	2	12	9	3
238	729	10	3	2	11	6
238	730	10	3	4	6	5
238	731	10	3	5	9	12
238	732	10	3	6	2	12
238	733	10	3	7	9	12
238	734	10	3	8	6	12
238	735	10	3	9	11	4
238	736	10	3	11	2	8
238	737	10	3	12	9	11
238	738	10	4	2	8	3
238	739	10	4	3	6	8
238	740	10	4	5	12	2
238	741	10	4	6	7	3
238	742	10	4	7	11	6
238	743	10	4	8	3	6
238	744	10	4	9	7	11
238	745	10	4	11	3	12
238	746	10	4	12	9	2
238	747	10	5	2	4	6
238	748	10	5	3	6	4
238	749	10	5	4	9	3
238	750	10	5	6	9	2
238	751	10	5	7	2	3
238	752	10	5	8	9	12
238	753	10	5	9	7	11
238	754	10	5	11	6	12
238	755	10	5	12	9	4
238	756	10	6	2	12	4
238	757	10	6	3	8	11
238	758	10	6	4	3	11
238	759	10	6	5	2	3
238	760	10	6	7	4	8
238	761	10	6	8	12	4
238	762	10	6	9	7	11
238	763	10	6	11	3	4
238	764	10	6	12	9	11
238	765	10	7	2	8	12
238	766	10	7	3	12	5
238	767	10	7	4	8	12
238	768	10	7	5	4	3
238	769	10	7	6	2	4
238	770	10	7	8	6	11
238	771	10	7	9	12	5
238	772	10	7	11	6	5
238	773	10	7	12	2	4
238	774	10	8	2	6	4
238	775	10	8	3	9	4
238	776	10	8	4	5	9
238	777	10	8	5	7	9
238	778	10	8	6	11	7
238	779	10	8	7	4	6
238	780	10	8	9	6	4
238	781	10	8	11	12	9
238	782	10	8	12	7	6
238	783	10	9	2	7	6
238	784	10	9	3	4	5
238	785	10	9	4	8	12
238	786	10	9	5	6	11
238	787	10	9	6	8	7
238	788	10	9	7	3	2
238	789	10	9	8	12	11
238	790	10	9	11	7	5
238	791	10	9	12	7	5
238	792	10	11	2	8	12
238	793	10	11	3	12	5
238	794	10	11	4	2	5
238	795	10	11	5	12	2
238	796	10	11	6	8	4
238	797	10	11	7	3	8
238	798	10	11	8	5	3
238	799	10	11	9	5	7
238	800	10	11	12	2	8
238	801	10	12	2	6	4
238	802	10	12	3	8	5
238	803	10	12	4	9	11
238	804	10	12	5	7	2
238	805	10	12	6	7	8
238	806	10	12	7	9	6
238	807	10	12	8	11	9
238	808	10	12	9	4	3
238	809	10	12	11	5	3
238	810	11	2	3	9	10
238	811	11	2	4	9	5
238	812	11	2	5	10	4
238	813	11	2	6	12	4
238	814	11	2	7	3	5
238	815	11	2	8	9	5
238	816	11	2	9	6	5
238	817	11	2	10	8	4
238	818	11	2	12	8	7
238	819	11	3	2	5	10
238	820	11	3	4	2	6
238	821	11	3	5	9	8
238	822	11	3	6	10	9
238	823	11	3	7	4	2
238	824	11	3	8	9	12
238	825	11	3	9	8	2
238	826	11	3	10	8	12
238	827	11	3	12	9	10
238	828	11	4	2	3	6
238	829	11	4	3	2	10
238	830	11	4	5	3	2
238	831	11	4	6	7	12
238	832	11	4	7	10	12
238	833	11	4	8	2	6
238	834	11	4	9	6	3
238	835	11	4	10	7	3
238	836	11	4	12	9	2
238	837	11	5	2	10	3
238	838	11	5	3	7	4
238	839	11	5	4	2	3
238	840	11	5	6	9	7
238	841	11	5	7	9	10
238	842	11	5	8	6	2
238	843	11	5	9	3	10
238	844	11	5	10	6	7
238	845	11	5	12	6	10
238	846	11	6	2	8	5
238	847	11	6	3	7	10
238	848	11	6	4	3	12
238	849	11	6	5	7	10
238	850	11	6	7	10	12
238	851	11	6	8	10	3
238	852	11	6	9	3	8
238	853	11	6	10	9	3
238	854	11	6	12	4	10
238	855	11	7	2	4	10
238	856	11	7	3	12	5
238	857	11	7	4	10	8
238	858	11	7	5	4	6
238	859	11	7	6	10	2
238	860	11	7	8	3	5
238	861	11	7	9	6	5
238	862	11	7	10	8	3
238	863	11	7	12	5	3
238	864	11	8	2	9	12
238	865	11	8	3	2	6
238	866	11	8	4	7	5
238	867	11	8	5	3	10
238	868	11	8	6	12	4
238	869	11	8	7	4	2
238	870	11	8	9	12	2
238	871	11	8	10	6	5
238	872	11	8	12	10	3
238	873	11	9	2	7	3
238	874	11	9	3	4	10
238	875	11	9	4	8	2
238	876	11	9	5	7	2
238	877	11	9	6	3	12
238	878	11	9	7	3	5
238	879	11	9	8	4	10
238	880	11	9	10	5	3
238	881	11	9	12	10	2
238	882	11	10	2	3	5
238	883	11	10	3	8	4
238	884	11	10	4	8	7
238	885	11	10	5	8	3
238	886	11	10	6	2	7
238	887	11	10	7	12	6
238	888	11	10	8	6	2
238	889	11	10	9	6	4
238	890	11	10	12	6	9
238	891	11	12	2	9	10
238	892	11	12	3	4	6
238	893	11	12	4	2	10
238	894	11	12	5	6	3
238	895	11	12	6	7	2
238	896	11	12	7	2	8
238	897	11	12	8	7	5
238	898	11	12	9	2	10
238	899	11	12	10	7	4
238	900	12	2	3	7	4
238	901	12	2	4	6	5
238	902	12	2	5	11	6
238	903	12	2	6	4	5
238	904	12	2	7	6	9
238	905	12	2	8	9	10
238	906	12	2	9	4	3
238	907	12	2	10	11	9
238	908	12	2	11	3	8
238	909	12	3	2	5	10
238	910	12	3	4	6	11
238	911	12	3	5	4	11
238	912	12	3	6	10	5
238	913	12	3	7	8	5
238	914	12	3	8	4	7
238	915	12	3	9	7	2
238	916	12	3	10	8	11
238	917	12	3	11	9	2
238	918	12	4	2	8	10
238	919	12	4	3	8	9
238	920	12	4	5	2	7
238	921	12	4	6	11	10
238	922	12	4	7	9	11
238	923	12	4	8	10	5
238	924	12	4	9	10	2
238	925	12	4	10	6	5
238	926	12	4	11	7	3
238	927	12	5	2	11	9
238	928	12	5	3	9	6
238	929	12	5	4	6	8
238	930	12	5	6	7	10
238	931	12	5	7	6	3
238	932	12	5	8	9	4
238	933	12	5	9	6	10
238	934	12	5	10	4	8
238	935	12	5	11	6	7
238	936	12	6	2	8	9
238	937	12	6	3	7	5
238	938	12	6	4	10	11
238	939	12	6	5	4	10
238	940	12	6	7	9	5
238	941	12	6	8	2	9
238	942	12	6	9	5	4
238	943	12	6	10	2	11
238	944	12	6	11	3	4
238	945	12	7	2	10	9
238	946	12	7	3	9	10
238	947	12	7	4	2	6
238	948	12	7	5	9	11
238	949	12	7	6	11	8
238	950	12	7	8	3	10
238	951	12	7	9	3	10
238	952	12	7	10	4	6
238	953	12	7	11	8	2
238	954	12	8	2	6	5
238	955	12	8	3	2	7
238	956	12	8	4	9	3
238	957	12	8	5	3	2
238	958	12	8	6	3	2
238	959	12	8	7	5	2
238	960	12	8	9	10	4
238	961	12	8	10	5	6
238	962	12	8	11	10	6
238	963	12	9	2	3	8
238	964	12	9	3	8	6
238	965	12	9	4	2	11
238	966	12	9	5	2	11
238	967	12	9	6	10	8
238	968	12	9	7	6	8
238	969	12	9	8	11	7
238	970	12	9	10	7	5
238	971	12	9	11	8	4
238	972	12	10	2	8	6
238	973	12	10	3	11	7
238	974	12	10	4	9	11
238	975	12	10	5	2	8
238	976	12	10	6	2	5
238	977	12	10	7	3	5
238	978	12	10	8	6	4
238	979	12	10	9	11	3
238	980	12	10	11	8	9
238	981	12	11	2	3	5
238	982	12	11	3	2	7
238	983	12	11	4	5	7
238	984	12	11	5	9	6
238	985	12	11	6	10	5
238	986	12	11	7	10	3
238	987	12	11	8	5	2
238	988	12	11	9	4	2
238	989	12	11	10	5	3
266	0	2	3	4	10	12
266	1	2	3	5	10	4
266	2	2	3	6	12	8
266	3	2	3	7	9	11
266	4	2	3	8	4	5
266	5	2	3	9	11	10
266	6	2	3	10	11	12
266	7	2	3	11	10	6
266	8	2	3	12	7	11
266	9	2	4	3	9	12
266	10	2	4	5	8	6
266	11	2	4	6	9	11
266	12	2	4	7	8	5
266	13	2	4	8	11	5
266	14	2	4	9	5	3
266	15	2	4	10	9	8
266	16	2	4	11	8	5
266	17	2	4	12	5	6
266	18	2	5	3	12	7
266	19	2	5	4	10	7
266	20	2	5	6	8	10
266	21	2	5	7	3	8
266	22	2	5	8	12	11
266	23	2	5	9	12	7
266	24	2	5	10	4	3
266	25	2	5	11	6	4
266	26	2	5	12	9	4
266	27	2	6	3	11	10
266	28	2	6	4	8	7
266	29	2	6	5	10	4
266	30	2	6	7	11	9
266	31	2	6	8	7	3
266	32	2	6	9	3	4
266	33	2	6	10	11	4
266	34	2	6	11	12	7
266	35	2	6	12	8	11
266	36	2	7	3	9	10
266	37	2	7	4	10	9
266	38	2	7	5	3	8
266	39	2	7	6	3	4
266	40	2	7	8	9	10
266	41	2	7	9	3	4
266	42	2	7	10	6	3
266	43	2	7	11	8	10
266	44	2	7	12	5	3
266	45	2	8	3	11	10
266	46	2	8	4	10	5
266	47	2	8	5	12	4
266	48	2	8	6	3	11
266	49	2	8	7	11	12
266	50	2	8	9	11	6
266	51	2	8	10	4	3
266	52	2	8	11	9	3
266	53	2	8	12	5	10
266	54	2	9	3	8	6
266	55	2	9	4	11	12
266	56	2	9	5	11	4
266	57	2	9	6	11	3
266	58	2	9	7	10	11
266	59	2	9	8	7	6
266	60	2	9	10	12	8
266	61	2	9	11	7	10
266	62	2	9	12	4	10
266	63	2	10	3	8	12
266	64	2	10	4	11	12
266	65	2	10	5	4	7
266	66	2	10	6	7	11
266	67	2	10	7	5	8
266	68	2	10	8	3	6
266	69	2	10	9	8	7
266	70	2	10	11	3	9
266	71	2	10	12	3	8
266	72	2	11	3	9	8
266	73	2	11	4	12	10
266	74	2	11	5	12	9
266	75	2	11	6	8	10
266	76	2	11	7	6	8
266	77	2	11	8	6	5
266	78	2	11	9	10	4
266	79	2	11	10	9	12
266	80	2	11	12	10	7
266	81	2	12	3	10	5
266	82	2	12	4	11	10
266	83	2	12	5	9	6
266	84	2	12	6	4	5
266	85	2	12	7	9	5
266	86	2	12	8	3	11
266	87	2	12	9	7	3
266	88	2	12	10	3	9
266	89	2	12	11	3	4
266	90	3	2	4	7	11
266	91	3	2	5	8	12
266	92	3	2	6	5	11
266	93	3	2	7	8	4
266	94	3	2	8	12	7
266	95	3	2	9	12	10
266	96	3	2	10	7	5
266	97	3	2	11	10	12
266	98	3	2	12	11	4
266	99	3	4	2	10	6
266	100	3	4	5	9	7
266	101	3	4	6	11	9
266	102	3	4	7	9	2
266	103	3	4	8	2	7
266	104	3	4	9	8	11
266	105	3	4	10	11	12
266	106	3	4	11	8	7
266	107	3	4	12	5	2
266	108	3	5	2	8	10
266	109	3	5	4	6	12
266	110	3	5	6	9	11
266	111	3	5	7	12	8
266	112	3	5	8	2	10
266	113	3	5	9	8	2
266	114	3	5	10	12	8
266	115	3	5	11	9	10
266	116	3	5	12	9	8
266	117	3	6	2	5	4
266	118	3	6	4	5	9
266	119	3	6	5	12	2
266	120	3	6	7	5	8
266	121	3	6	8	2	12
266	122	3	6	9	11	4
266	123	3	6	10	11	4
266	124	3	6	11	4	12
266	125	3	6	12	9	7
266	126	3	7	2	9	4
266	127	3	7	4	6	8
266	128	3	7	5	4	11
266	129	3	7	6	4	8
266	130	3	7	8	4	5
266	131	3	7	9	12	6
266	132	3	7	10	9	12
266	133	3	7	11	5	9
266	134	3	7	12	4	8
266	135	3	8	2	6	4
266	136	3	8	4	10	5
266	137	3	8	5	9	4
266	138	3	8	6	2	4
266	139	3	8	7	12	4
266	140	3	8	9	11	6
266	141	3	8	10	2	12
266	142	3	8	11	7	2
266	143	3	8	12	9	4
266	144	3	9	2	11	5
266	145	3	9	4	10	8
266	146	3	9	5	2	4
266	147	3	9	6	11	10
266	148	3	9	7	10	6
266	149	3	9	8	5	6
266	150	3	9	10	7	4
266	151	3	9	11	8	12
266	152	3	9	12	5	7
266	153	3	10	2	9	11
266	154	3	10	4	7	12
266	155	3	10	5	12	7
266	156	3	10	6	7	9
266	157	3	10	7	12	9
266	158	3	10	8	9	5
266	159	3	10	9	4	6
266	160	3	10	11	5	8
266	161	3	10	12	9	5
266	162	3	11	2	9	10
266	163	3	11	4	6	10
266	164	3	11	5	12	4
266	165	3	11	6	2	9
266	166	3	11	7	10	2
266	167	3	11	8	6	4
266	168	3	11	9	6	4
266	169	3	11	10	9	5
266	170	3	11	12	9	5
266	171	3	12	2	4	8
266	172	3	12	4	5	6
266	173	3	12	5	10	7
266	174	3	12	6	11	9
266	175	3	12	7	9	11
266	176	3	12	8	6	7
266	177	3	12	9	6	10
266	178	3	12	10	6	2
266	179	3	12	11	4	10
266	180	4	2	3	10	9
266	181	4	2	5	3	6
266	182	4	2	6	12	11
266	183	4	2	7	6	12
266	184	4	2	8	3	5
266	185	4	2	9	11	10
266	186	4	2	10	9	8
266	187	4	2	11	3	8
266	188	4	2	12	5	7
266	189	4	3	2	11	7
266	190	4	3	5	10	9
266	191	4	3	6	8	12
266	192	4	3	7	10	2
266	193	4	3	8	6	5
266	194	4	3	9	5	2
266	195	4	3	10	5	7
266	196	4	3	11	10	8
266	197	4	3	12	10	8
266	198	4	5	2	7	11
266	199	4	5	3	11	2
266	200	4	5	6	7	9
266	201	4	5	7	9	3
266	202	4	5	8	10	2
266	203	4	5	9	11	6
266	204	4	5	10	11	3
266	205	4	5	11	10	2
266	206	4	5	12	6	11
266	207	4	6	2	8	3
266	208	4	6	3	8	2
266	209	4	6	5	7	11
266	210	4	6	7	9	11
266	211	4	6	8	9	11
266	212	4	6	9	11	12
266	213	4	6	10	12	8
266	214	4	6	11	12	3
266	215	4	6	12	9	10
266	216	4	7	2	5	8
266	217	4	7	3	11	10
266	218	4	7	5	6	8
266	219	4	7	6	12	8
266	220	4	7	8	6	5
266	221	4	7	9	2	3
266	222	4	7	10	12	2
266	223	4	7	11	10	9
266	224	4	7	12	3	6
266	225	4	8	2	12	5
266	226	4	8	3	7	11
266	227	4	8	5	9	7
266	228	4	8	6	3	5
266	229	4	8	7	2	5
266	230	4	8	9	3	7
266	231	4	8	10	6	11
266	232	4	8	11	5	2
266	233	4	8	12	2	11
266	234	4	9	2	3	6
266	235	4	9	3	12	11
266	236	4	9	5	12	7
266	237	4	9	6	10	2
266	238	4	9	7	10	2
266	239	4	9	8	11	7
266	240	4	9	10	11	7
266	241	4	9	11	7	3
266	242	4	9	12	7	11
266	243	4	10	2	9	8
266	244	4	10	3	7	2
266	245	4	10	5	11	6
266	246	4	10	6	5	12
266	247	4	10	7	2	12
266	248	4	10	8	6	11
266	249	4	10	9	6	8
266	250	4	10	11	8	2
266	251	4	10	12	3	7
266	252	4	11	2	6	8
266	253	4	11	3	5	8
266	254	4	11	5	2	7
266	255	4	11	6	5	3
266	256	4	11	7	6	3
266	257	4	11	8	2	12
266	258	4	11	9	12	2
266	259	4	11	10	2	8
266	260	4	11	12	5	3
266	261	4	12	2	10	6
266	262	4	12	3	5	7
266	263	4	12	5	11	8
266	264	4	12	6	5	2
266	265	4	12	7	10	8
266	266	4	12	8	3	6
266	267	4	12	9	7	2
266	268	4	12	10	7	3
266	269	4	12	11	7	9
266	270	5	2	3	10	7
266	271	5	2	4	3	12
266	272	5	2	6	10	7
266	273	5	2	7	10	4
266	274	5	2	8	4	3
266	275	5	2	9	12	11
266	276	5	2	10	7	11
266	277	5	2	11	10	4
266	278	5	2	12	7	9
266	279	5	3	2	4	11
266	280	5	3	4	10	2
266	281	5	3	6	8	7
266	282	5	3	7	11	4
266	283	5	3	8	11	9
266	284	5	3	9	11	4
266	285	5	3	10	12	11
266	286	5	3	11	4	7
266	287	5	3	12	9	2
266	288	5	4	2	6	11
266	289	5	4	3	6	7
266	290	5	4	6	2	10
266	291	5	4	7	9	12
266	292	5	4	8	10	7
266	293	5	4	9	8	7
266	294	5	4	10	8	2
266	295	5	4	11	12	9
266	296	5	4	12	7	9
266	297	5	6	2	10	8
266	298	5	6	3	12	7
266	299	5	6	4	7	2
266	300	5	6	7	2	11
266	301	5	6	8	11	4
266	302	5	6	9	2	4
266	303	5	6	10	2	9
266	304	5	6	11	8	9
266	305	5	6	12	11	3
266	306	5	7	2	3	11
266	307	5	7	3	10	12
266	308	5	7	4	10	12
266	309	5	7	6	2	3
266	310	5	7	8	3	12
266	311	5	7	9	6	12
266	312	5	7	10	12	9
266	313	5	7	11	6	3
266	314	5	7	12	6	3
266	315	5	8	2	12	4
266	316	5	8	3	10	11
266	317	5	8	4	9	12
266	318	5	8	6	2	9
266	319	5	8	7	10	11
266	320	5	8	9	7	11
266	321	5	8	10	7	2
266	322	5	8	11	4	3
266	323	5	8	12	7	11
266	324	5	9	2	12	6
266	325	5	9	3	2	4
266	326	5	9	4	10	3
266	327	5	9	6	2	3
266	328	5	9	7	3	4
266	329	5	9	8	7	4
266	330	5	9	10	6	7
266	331	5	9	11	4	3
266	332	5	9	12	10	8
266	333	5	10	2	3	9
266	334	5	10	3	2	8
266	335	5	10	4	3	6
266	336	5	10	6	7	4
266	337	5	10	7	11	3
266	338	5	10	8	3	12
266	339	5	10	9	4	7
266	340	5	10	11	12	4
266	341	5	10	12	3	11
266	342	5	11	2	8	7
266	343	5	11	3	7	12
266	344	5	11	4	10	8
266	345	5	11	6	3	4
266	346	5	11	7	9	6
266	347	5	11	8	12	10
266	348	5	11	9	2	10
266	349	5	11	10	6	12
266	350	5	11	12	8	6
266	351	5	12	2	10	8
266	352	5	12	3	2	4
266	353	5	12	4	8	10
266	354	5	12	6	4	9
266	355	5	12	7	9	10
266	356	5	12	8	10	4
266	357	5	12	9	8	3
266	358	5	12	10	3	9
266	359	5	12	11	10	2
266	360	6	2	3	8	9
266	361	6	2	4	12	9
266	362	6	2	5	11	10
266	363	6	2	7	10	5
266	364	6	2	8	7	3
266	365	6	2	9	12	7
266	366	6	2	10	7	11
266	367	6	2	11	12	10
266	368	6	2	12	10	11
266	369	6	3	2	4	5
266	370	6	3	4	2	7
266	371	6	3	5	11	8
266	372	6	3	7	10	4
266	373	6	3	8	4	2
266	374	6	3	9	8	2
266	375	6	3	10	4	8
266	376	6	3	11	10	12
266	377	6	3	12	2	11
266	378	6	4	2	7	11
266	379	6	4	3	11	10
266	380	6	4	5	11	2
266	381	6	4	7	11	2
266	382	6	4	8	12	5
266	383	6	4	9	5	8
266	384	6	4	10	3	12
266	385	6	4	11	3	9
266	386	6	4	12	7	9
266	387	6	5	2	12	10
266	388	6	5	3	9	8
266	389	6	5	4	8	10
266	390	6	5	7	4	9
266	391	6	5	8	4	3
266	392	6	5	9	11	8
266	393	6	5	10	11	9
266	394	6	5	11	12	9
266	395	6	5	12	3	7
266	396	6	7	2	10	8
266	397	6	7	3	2	8
266	398	6	7	4	11	12
266	399	6	7	5	10	12
266	400	6	7	8	2	3
266	401	6	7	9	11	12
266	402	6	7	10	8	3
266	403	6	7	11	2	10
266	404	6	7	12	9	5
266	405	6	8	2	12	5
266	406	6	8	3	4	7
266	407	6	8	4	12	10
266	408	6	8	5	11	2
266	409	6	8	7	11	10
266	410	6	8	9	3	7
266	411	6	8	10	11	12
266	412	6	8	11	2	3
266	413	6	8	12	10	4
266	414	6	9	2	12	8
266	415	6	9	3	5	7
266	416	6	9	4	2	11
266	417	6	9	5	7	4
266	418	6	9	7	4	5
266	419	6	9	8	2	7
266	420	6	9	10	2	8
266	421	6	9	11	10	7
266	422	6	9	12	8	10
266	423	6	10	2	8	4
266	424	6	10	3	11	9
266	425	6	10	4	5	8
266	426	6	10	5	11	9
266	427	6	10	7	8	12
266	428	6	10	8	3	2
266	429	6	10	9	12	2
266	430	6	10	11	2	3
266	431	6	10	12	8	5
266	432	6	11	2	8	5
266	433	6	11	3	10	7
266	434	6	11	4	9	8
266	435	6	11	5	2	9
266	436	6	11	7	12	4
266	437	6	11	8	12	4
266	438	6	11	9	2	10
266	439	6	11	10	12	7
266	440	6	11	12	2	4
266	441	6	12	2	7	11
266	442	6	12	3	8	7
266	443	6	12	4	11	5
266	444	6	12	5	11	7
266	445	6	12	7	4	2
266	446	6	12	8	5	3
266	447	6	12	9	10	7
266	448	6	12	10	3	11
266	449	6	12	11	9	5
266	450	7	2	3	11	6
266	451	7	2	4	10	6
266	452	7	2	5	11	4
266	453	7	2	6	8	9
266	454	7	2	8	9	12
266	455	7	2	9	12	8
266	456	7	2	10	8	4
266	457	7	2	11	12	8
266	458	7	2	12	3	5
266	459	7	3	2	12	11
266	460	7	3	4	10	2
266	461	7	3	5	11	10
266	462	7	3	6	2	5
266	463	7	3	8	4	12
266	464	7	3	9	10	2
266	465	7	3	10	8	5
266	466	7	3	11	8	6
266	467	7	3	12	8	5
266	468	7	4	2	12	9
266	469	7	4	3	11	6
266	470	7	4	5	8	2
266	471	7	4	6	12	9
266	472	7	4	8	10	3
266	473	7	4	9	12	3
266	474	7	4	10	3	6
266	475	7	4	11	2	3
266	476	7	4	12	6	8
266	477	7	5	2	6	4
266	478	7	5	3	10	6
266	479	7	5	4	11	8
266	480	7	5	6	8	12
266	481	7	5	8	6	12
266	482	7	5	9	10	12
266	483	7	5	10	11	3
266	484	7	5	11	2	12
266	485	7	5	12	2	4
266	486	7	6	2	4	3
266	487	7	6	3	10	5
266	488	7	6	4	10	11
266	489	7	6	5	9	4
266	490	7	6	8	10	11
266	491	7	6	9	4	8
266	492	7	6	10	12	11
266	493	7	6	11	10	9
266	494	7	6	12	3	2
266	495	7	8	2	6	3
266	496	7	8	3	12	4
266	497	7	8	4	10	6
266	498	7	8	5	12	11
266	499	7	8	6	10	11
266	500	7	8	9	12	2
266	501	7	8	10	11	9
266	502	7	8	11	4	12
266	503	7	8	12	6	11
266	504	7	9	2	6	10
266	505	7	9	3	2	6
266	506	7	9	4	11	12
266	507	7	9	5	2	3
266	508	7	9	6	4	3
266	509	7	9	8	10	12
266	510	7	9	10	12	3
266	511	7	9	11	5	4
266	512	7	9	12	6	2
266	513	7	10	2	4	8
266	514	7	10	3	2	4
266	515	7	10	4	6	12
266	516	7	10	5	11	6
266	517	7	10	6	12	9
266	518	7	10	8	2	9
266	519	7	10	9	6	5
266	520	7	10	11	9	2
266	521	7	10	12	9	8
266	522	7	11	2	5	10
266	523	7	11	3	8	4
266	524	7	11	4	10	2
266	525	7	11	5	4	12
266	526	7	11	6	5	8
266	527	7	11	8	2	9
266	528	7	11	9	4	8
266	529	7	11	10	2	3
266	530	7	11	12	8	6
266	531	7	12	2	4	3
266	532	7	12	3	5	2
266	533	7	12	4	5	3
266	534	7	12	5	6	4
266	535	7	12	6	3	10
266	536	7	12	8	9	11
266	537	7	12	9	10	6
266	538	7	12	10	8	3
266	539	7	12	11	2	5
266	540	8	2	3	11	6
266	541	8	2	4	6	10
266	542	8	2	5	6	9
266	543	8	2	6	3	5
266	544	8	2	7	10	9
266	545	8	2	9	7	3
266	546	8	2	10	12	5
266	547	8	2	11	7	3
266	548	8	2	12	4	11
266	549	8	3	2	11	12
266	550	8	3	4	2	10
266	551	8	3	5	6	2
266	552	8	3	6	5	4
266	553	8	3	7	5	9
266	554	8	3	9	12	10
266	555	8	3	10	12	5
266	556	8	3	11	2	5
266	557	8	3	12	7	6
266	558	8	4	2	5	11
266	559	8	4	3	9	10
266	560	8	4	5	10	12
266	561	8	4	6	2	10
266	562	8	4	7	3	9
266	563	8	4	9	11	6
266	564	8	4	10	11	7
266	565	8	4	11	9	7
266	566	8	4	12	11	7
266	567	8	5	2	3	10
266	568	8	5	3	6	12
266	569	8	5	4	2	3
266	570	8	5	6	11	9
266	571	8	5	7	6	10
266	572	8	5	9	12	6
266	573	8	5	10	12	4
266	574	8	5	11	9	7
266	575	8	5	12	3	6
266	576	8	6	2	7	12
266	577	8	6	3	7	5
266	578	8	6	4	9	5
266	579	8	6	5	7	10
266	580	8	6	7	4	9
266	581	8	6	9	5	12
266	582	8	6	10	3	7
266	583	8	6	11	4	10
266	584	8	6	12	10	2
266	585	8	7	2	5	9
266	586	8	7	3	9	4
266	587	8	7	4	10	3
266	588	8	7	5	9	4
266	589	8	7	6	11	10
266	590	8	7	9	2	11
266	591	8	7	10	5	9
266	592	8	7	11	6	3
266	593	8	7	12	4	9
266	594	8	9	2	12	11
266	595	8	9	3	10	5
266	596	8	9	4	6	2
266	597	8	9	5	7	12
266	598	8	9	6	12	3
266	599	8	9	7	3	2
266	600	8	9	10	7	4
266	601	8	9	11	5	6
266	602	8	9	12	4	6
266	603	8	10	2	6	12
266	604	8	10	3	9	2
266	605	8	10	4	7	6
266	606	8	10	5	2	3
266	607	8	10	6	12	9
266	608	8	10	7	12	5
266	609	8	10	9	7	12
266	610	8	10	11	5	4
266	611	8	10	12	5	9
266	612	8	11	2	5	4
266	613	8	11	3	5	4
266	614	8	11	4	12	2
266	615	8	11	5	7	3
266	616	8	11	6	4	5
266	617	8	11	7	6	2
266	618	8	11	9	2	10
266	619	8	11	10	5	4
266	620	8	11	12	9	3
266	621	8	12	2	4	10
266	622	8	12	3	9	10
266	623	8	12	4	9	3
266	624	8	12	5	9	11
266	625	8	12	6	4	7
266	626	8	12	7	5	11
266	627	8	12	9	6	3
266	628	8	12	10	9	4
266	629	8	12	11	7	9
266	630	9	2	3	8	6
266	631	9	2	4	3	12
266	632	9	2	5	11	4
266	633	9	2	6	11	10
266	634	9	2	7	3	4
266	635	9	2	8	5	12
266	636	9	2	10	7	3
266	637	9	2	11	12	10
266	638	9	2	12	10	11
266	639	9	3	2	11	7
266	640	9	3	4	8	2
266	641	9	3	5	4	7
266	642	9	3	6	12	4
266	643	9	3	7	5	10
266	644	9	3	8	11	10
266	645	9	3	10	11	4
266	646	9	3	11	5	7
266	647	9	3	12	7	6
266	648	9	4	2	7	10
266	649	9	4	3	5	8
266	650	9	4	5	10	3
266	651	9	4	6	11	3
266	652	9	4	7	5	10
266	653	9	4	8	12	6
266	654	9	4	10	3	8
266	655	9	4	11	12	6
266	656	9	4	12	3	2
266	657	9	5	2	6	3
266	658	9	5	3	12	4
266	659	9	5	4	11	6
266	660	9	5	6	7	12
266	661	9	5	7	2	12
266	662	9	5	8	10	12
266	663	9	5	10	11	3
266	664	9	5	11	4	12
266	665	9	5	12	4	2
266	666	9	6	2	12	10
266	667	9	6	3	12	8
266	668	9	6	4	3	7
266	669	9	6	5	10	2
266	670	9	6	7	8	3
266	671	9	6	8	5	3
266	672	9	6	10	7	3
266	673	9	6	11	10	5
266	674	9	6	12	3	4
266	675	9	7	2	5	8
266	676	9	7	3	6	8
266	677	9	7	4	2	10
266	678	9	7	5	11	12
266	679	9	7	6	2	4
266	680	9	7	8	12	10
266	681	9	7	10	12	11
266	682	9	7	11	8	3
266	683	9	7	12	8	10
266	684	9	8	2	7	11
266	685	9	8	3	12	5
266	686	9	8	4	11	2
266	687	9	8	5	11	4
266	688	9	8	6	4	5
266	689	9	8	7	12	11
266	690	9	8	10	4	3
266	691	9	8	11	3	10
266	692	9	8	12	3	4
266	693	9	10	2	6	11
266	694	9	10	3	7	5
266	695	9	10	4	6	12
266	696	9	10	5	8	4
266	697	9	10	6	2	11
266	698	9	10	7	5	11
266	699	9	10	8	7	3
266	700	9	10	11	5	6
266	701	9	10	12	11	6
266	702	9	11	2	6	10
266	703	9	11	3	10	7
266	704	9	11	4	3	12
266	705	9	11	5	6	7
266	706	9	11	6	7	2
266	707	9	11	7	8	6
266	708	9	11	8	4	7
266	709	9	11	10	3	8
266	710	9	11	12	2	7
266	711	9	12	2	11	6
266	712	9	12	3	8	6
266	713	9	12	4	6	8
266	714	9	12	5	11	8
266	715	9	12	6	10	5
266	716	9	12	7	2	5
266	717	9	12	8	5	2
266	718	9	12	10	11	2
266	719	9	12	11	2	4
266	720	10	2	3	4	8
266	721	10	2	4	3	9
266	722	10	2	5	8	7
266	723	10	2	6	11	9
266	724	10	2	7	3	5
266	725	10	2	8	12	3
266	726	10	2	9	5	12
266	727	10	2	11	9	3
266	728	10	2	12	6	8
266	729	10	3	2	6	7
266	730	10	3	4	12	11
266	731	10	3	5	7	2
266	732	10	3	6	8	5
266	733	10	3	7	12	4
266	734	10	3	8	5	6
266	735	10	3	9	2	11
266	736	10	3	11	2	7
266	737	10	3	12	2	5
266	738	10	4	2	3	9
266	739	10	4	3	11	7
266	740	10	4	5	8	2
266	741	10	4	6	7	2
266	742	10	4	7	5	9
266	743	10	4	8	3	9
266	744	10	4	9	8	11
266	745	10	4	11	6	12
266	746	10	4	12	6	8
266	747	10	5	2	8	3
266	748	10	5	3	8	9
266	749	10	5	4	12	7
266	750	10	5	6	9	8
266	751	10	5	7	3	6
266	752	10	5	8	7	4
266	753	10	5	9	12	11
266	754	10	5	11	6	3
266	755	10	5	12	11	9
266	756	10	6	2	4	12
266	757	10	6	3	7	12
266	758	10	6	4	3	8
266	759	10	6	5	7	11
266	760	10	6	7	3	4
266	761	10	6	8	7	4
266	762	10	6	9	7	11
266	763	10	6	11	7	8
266	764	10	6	12	8	2
266	765	10	7	2	6	12
266	766	10	7	3	8	12
266	767	10	7	4	3	12
266	768	10	7	5	2	8
266	769	10	7	6	8	5
266	770	10	7	8	3	11
266	771	10	7	9	6	8
266	772	10	7	11	8	4
266	773	10	7	12	11	4
266	774	10	8	2	4	6
266	775	10	8	3	4	5
266	776	10	8	4	11	9
266	777	10	8	5	2	6
266	778	10	8	6	9	2
266	779	10	8	7	4	12
266	780	10	8	9	6	5
266	781	10	8	11	4	5
266	782	10	8	12	9	6
266	783	10	9	2	4	11
266	784	10	9	3	8	6
266	785	10	9	4	7	6
266	786	10	9	5	7	12
266	787	10	9	6	4	3
266	788	10	9	7	4	6
266	789	10	9	8	3	4
266	790	10	9	11	2	7
266	791	10	9	12	8	4
266	792	10	11	2	4	12
266	793	10	11	3	6	4
266	794	10	11	4	12	9
266	795	10	11	5	6	3
266	796	10	11	6	4	5
266	797	10	11	7	4	8
266	798	10	11	8	7	6
266	799	10	11	9	7	3
266	800	10	11	12	6	2
266	801	10	12	2	3	6
266	802	10	12	3	9	6
266	803	10	12	4	6	2
266	804	10	12	5	3	4
266	805	10	12	6	5	9
266	806	10	12	7	4	11
266	807	10	12	8	9	2
266	808	10	12	9	2	11
266	809	10	12	11	6	4
266	810	11	2	3	4	9
266	811	11	2	4	6	9
266	812	11	2	5	4	10
266	813	11	2	6	10	3
266	814	11	2	7	3	6
266	815	11	2	8	6	9
266	816	11	2	9	7	3
266	817	11	2	10	3	6
266	818	11	2	12	6	9
266	819	11	3	2	5	8
266	820	11	3	4	5	7
266	821	11	3	5	2	6
266	822	11	3	6	10	12
266	823	11	3	7	4	9
266	824	11	3	8	10	4
266	825	11	3	9	8	6
266	826	11	3	10	5	7
266	827	11	3	12	6	8
266	828	11	4	2	10	7
266	829	11	4	3	8	10
266	830	11	4	5	6	2
266	831	11	4	6	8	7
266	832	11	4	7	6	2
266	833	11	4	8	7	12
266	834	11	4	9	12	5
266	835	11	4	10	2	6
266	836	11	4	12	2	9
266	837	11	5	2	10	7
266	838	11	5	3	6	9
266	839	11	5	4	7	2
266	840	11	5	6	12	10
266	841	11	5	7	9	2
266	842	11	5	8	2	4
266	843	11	5	9	6	7
266	844	11	5	10	3	4
266	845	11	5	12	7	4
266	846	11	6	2	10	7
266	847	11	6	3	10	2
266	848	11	6	4	10	7
266	849	11	6	5	10	9
266	850	11	6	7	9	10
266	851	11	6	8	3	9
266	852	11	6	9	12	8
266	853	11	6	10	5	9
266	854	11	6	12	4	8
266	855	11	7	2	4	6
266	856	11	7	3	10	8
266	857	11	7	4	5	10
266	858	11	7	5	9	6
266	859	11	7	6	4	5
266	860	11	7	8	6	5
266	861	11	7	9	12	5
266	862	11	7	10	2	6
266	863	11	7	12	9	4
266	864	11	8	2	7	10
266	865	11	8	3	7	9
266	866	11	8	4	7	2
266	867	11	8	5	4	7
266	868	11	8	6	4	10
266	869	11	8	7	12	6
266	870	11	8	9	3	4
266	871	11	8	10	12	6
266	872	11	8	12	4	10
266	873	11	9	2	6	4
266	874	11	9	3	6	7
266	875	11	9	4	12	10
266	876	11	9	5	12	2
266	877	11	9	6	4	3
266	878	11	9	7	4	12
266	879	11	9	8	5	10
266	880	11	9	10	7	6
266	881	11	9	12	2	10
266	882	11	10	2	12	8
266	883	11	10	3	2	4
266	884	11	10	4	3	9
266	885	11	10	5	2	6
266	886	11	10	6	7	12
266	887	11	10	7	4	8
266	888	11	10	8	7	5
266	889	11	10	9	4	6
266	890	11	10	12	8	7
266	891	11	12	2	8	3
266	892	11	12	3	2	6
266	893	11	12	4	8	9
266	894	11	12	5	6	4
266	895	11	12	6	9	2
266	896	11	12	7	3	5
266	897	11	12	8	9	3
266	898	11	12	9	10	3
266	899	11	12	10	5	6
266	900	12	2	3	11	8
266	901	12	2	4	9	3
266	902	12	2	5	10	7
266	903	12	2	6	11	7
266	904	12	2	7	6	5
266	905	12	2	8	6	10
266	906	12	2	9	5	4
266	907	12	2	10	11	3
266	908	12	2	11	8	5
266	909	12	3	2	10	9
266	910	12	3	4	5	7
266	911	12	3	5	6	11
266	912	12	3	6	11	2
266	913	12	3	7	11	8
266	914	12	3	8	11	7
266	915	12	3	9	5	7
266	916	12	3	10	8	5
266	917	12	3	11	9	6
266	918	12	4	2	9	11
266	919	12	4	3	2	9
266	920	12	4	5	3	7
266	921	12	4	6	5	8
266	922	12	4	7	2	11
266	923	12	4	8	11	6
266	924	12	4	9	10	3
266	925	12	4	10	2	6
266	926	12	4	11	3	10
266	927	12	5	2	10	6
266	928	12	5	3	2	9
266	929	12	5	4	2	6
266	930	12	5	6	8	9
266	931	12	5	7	3	8
266	932	12	5	8	6	7
266	933	12	5	9	3	7
266	934	12	5	10	2	11
266	935	12	5	11	6	4
266	936	12	6	2	3	10
266	937	12	6	3	10	7
266	938	12	6	4	3	7
266	939	12	6	5	8	9
266	940	12	6	7	8	11
266	941	12	6	8	9	3
266	942	12	6	9	5	8
266	943	12	6	10	7	8
266	944	12	6	11	3	2
266	945	12	7	2	9	8
266	946	12	7	3	2	11
266	947	12	7	4	3	2
266	948	12	7	5	10	3
266	949	12	7	6	5	11
266	950	12	7	8	3	10
266	951	12	7	9	5	8
266	952	12	7	10	8	4
266	953	12	7	11	5	9
266	954	12	8	2	3	7
266	955	12	8	3	6	9
266	956	12	8	4	5	3
266	957	12	8	5	4	2
266	958	12	8	6	4	7
266	959	12	8	7	4	6
266	960	12	8	9	11	2
266	961	12	8	10	11	5
266	962	12	8	11	10	4
266	963	12	9	2	5	3
266	964	12	9	3	5	4
266	965	12	9	4	8	3
266	966	12	9	5	3	10
266	967	12	9	6	5	3
266	968	12	9	7	3	5
266	969	12	9	8	6	3
266	970	12	9	10	7	8
266	971	12	9	11	5	4
266	972	12	10	2	7	11
266	973	12	10	3	4	7
266	974	12	10	4	2	5
266	975	12	10	5	9	4
266	976	12	10	6	5	8
266	977	12	10	7	8	3
266	978	12	10	8	11	2
266	979	12	10	9	8	2
266	980	12	10	11	2	6
266	981	12	11	2	3	4
266	982	12	11	3	6	4
266	983	12	11	4	8	5
266	984	12	11	5	7	10
266	985	12	11	6	2	4
266	986	12	11	7	4	8
266	987	12	11	8	2	7
266	988	12	11	9	10	5
266	989	12	11	10	7	2
296	0	2	3	4	11	8
296	1	2	3	5	9	6
296	2	2	3	6	11	7
296	3	2	3	7	4	6
296	4	2	3	8	12	5
296	5	2	3	9	12	5
296	6	2	3	10	9	11
296	7	2	3	11	10	4
296	8	2	3	12	4	11
296	9	2	4	3	12	11
296	10	2	4	5	9	8
296	11	2	4	6	12	8
296	12	2	4	7	12	9
296	13	2	4	8	10	7
296	14	2	4	9	12	10
296	15	2	4	10	12	7
296	16	2	4	11	5	8
296	17	2	4	12	6	5
296	18	2	5	3	12	6
296	19	2	5	4	3	7
296	20	2	5	6	7	11
296	21	2	5	7	12	4
296	22	2	5	8	4	11
296	23	2	5	9	10	4
296	24	2	5	10	11	12
296	25	2	5	11	7	4
296	26	2	5	12	3	9
296	27	2	6	3	9	8
296	28	2	6	4	8	9
296	29	2	6	5	9	8
296	30	2	6	7	9	10
296	31	2	6	8	12	3
296	32	2	6	9	11	7
296	33	2	6	10	12	4
296	34	2	6	11	8	3
296	35	2	6	12	9	8
296	36	2	7	3	5	12
296	37	2	7	4	6	8
296	38	2	7	5	11	6
296	39	2	7	6	10	3
296	40	2	7	8	12	9
296	41	2	7	9	5	12
296	42	2	7	10	11	4
296	43	2	7	11	12	4
296	44	2	7	12	8	6
296	45	2	8	3	12	6
296	46	2	8	4	6	10
296	47	2	8	5	3	4
296	48	2	8	6	9	11
296	49	2	8	7	11	3
296	50	2	8	9	6	10
296	51	2	8	10	7	9
296	52	2	8	11	6	10
296	53	2	8	12	11	5
296	54	2	9	3	8	12
296	55	2	9	4	10	11
296	56	2	9	5	7	3
296	57	2	9	6	3	5
296	58	2	9	7	6	5
296	59	2	9	8	12	7
296	60	2	9	10	3	5
296	61	2	9	11	8	3
296	62	2	9	12	5	8
296	63	2	10	3	12	4
296	64	2	10	4	12	5
296	65	2	10	5	6	3
296	66	2	10	6	4	7
296	67	2	10	7	4	8
296	68	2	10	8	3	4
296	69	2	10	9	3	8
296	70	2	10	11	12	9
296	71	2	10	12	5	4
296	72	2	11	3	8	12
296	73	2	11	4	8	7
296	74	2	11	5	6	7
296	75	2	11	6	12	3
296	76	2	11	7	10	9
296	77	2	11	8	10	12
296	78	2	11	9	7	4
296	79	2	11	10	8	4
296	80	2	11	12	10	8
296	81	2	12	3	5	11
296	82	2	12	4	10	11
296	83	2	12	5	10	6
296	84	2	12	6	11	3
296	85	2	12	7	6	10
296	86	2	12	8	11	9
296	87	2	12	9	5	3
296	88	2	12	10	8	7
296	89	2	12	11	9	4
296	90	3	2	4	12	11
296	91	3	2	5	4	11
296	92	3	2	6	12	9
296	93	3	2	7	10	12
296	94	3	2	8	6	4
296	95	3	2	9	12	6
296	96	3	2	10	8	4
296	97	3	2	11	4	8
296	98	3	2	12	10	7
296	99	3	4	2	11	8
296	100	3	4	5	12	11
296	101	3	4	6	7	9
296	102	3	4	7	2	9
296	103	3	4	8	5	7
296	104	3	4	9	7	11
296	105	3	4	10	5	11
296	106	3	4	11	2	12
296	107	3	4	12	5	2
296	108	3	5	2	9	7
296	109	3	5	4	2	8
296	110	3	5	6	12	11
296	111	3	5	7	4	11
296	112	3	5	8	11	9
296	113	3	5	9	8	7
296	114	3	5	10	9	11
296	115	3	5	11	10	2
296	116	3	5	12	8	9
296	117	3	6	2	12	7
296	118	3	6	4	10	8
296	119	3	6	5	9	12
296	120	3	6	7	8	12
296	121	3	6	8	7	2
296	122	3	6	9	8	10
296	123	3	6	10	12	2
296	124	3	6	11	9	4
296	125	3	6	12	2	11
296	126	3	7	2	12	10
296	127	3	7	4	2	11
296	128	3	7	5	6	4
296	129	3	7	6	12	9
296	130	3	7	8	6	2
296	131	3	7	9	5	11
296	132	3	7	10	5	6
296	133	3	7	11	4	6
296	134	3	7	12	2	8
296	135	3	8	2	5	12
296	136	3	8	4	9	7
296	137	3	8	5	9	4
296	138	3	8	6	11	4
296	139	3	8	7	5	11
296	140	3	8	9	11	10
296	141	3	8	10	5	2
296	142	3	8	11	12	6
296	143	3	8	12	7	10
296	144	3	9	2	5	10
296	145	3	9	4	6	8
296	146	3	9	5	10	4
296	147	3	9	6	10	4
296	148	3	9	7	4	5
296	149	3	9	8	7	12
296	150	3	9	10	5	4
296	151	3	9	11	7	4
296	152	3	9	12	2	10
296	153	3	10	2	5	11
296	154	3	10	4	9	6
296	155	3	10	5	8	9
296	156	3	10	6	5	4
296	157	3	10	7	9	4
296	158	3	10	8	9	6
296	159	3	10	9	5	6
296	160	3	10	11	12	9
296	161	3	10	12	2	6
296	162	3	11	2	9	10
296	163	3	11	4	6	5
296	164	3	11	5	7	8
296	165	3	11	6	4	10
296	166	3	11	7	8	4
296	167	3	11	8	2	7
296	168	3	11	9	5	4
296	169	3	11	10	6	4
296	170	3	11	12	7	6
296	171	3	12	2	10	4
296	172	3	12	4	9	5
296	173	3	12	5	7	9
296	174	3	12	6	10	8
296	175	3	12	7	4	9
296	176	3	12	8	4	7
296	177	3	12	9	10	8
296	178	3	12	10	8	11
296	179	3	12	11	10	8
296	180	4	2	3	7	8
296	181	4	2	5	7	9
296	182	4	2	6	10	7
296	183	4	2	7	9	10
296	184	4	2	8	3	9
296	185	4	2	9	6	5
296	186	4	2	10	3	12
296	187	4	2	11	5	12
296	188	4	2	12	10	9
296	189	4	3	2	12	10
296	190	4	3	5	11	9
296	191	4	3	6	12	7
296	192	4	3	7	5	11
296	193	4	3	8	5	7
296	194	4	3	9	12	6
296	195	4	3	10	12	5
296	196	4	3	11	6	5
296	197	4	3	12	6	5
296	198	4	5	2	10	8
296	199	4	5	3	8	9
296	200	4	5	6	9	7
296	201	4	5	7	3	2
296	202	4	5	8	2	6
296	203	4	5	9	11	7
296	204	4	5	10	7	8
296	205	4	5	11	2	12
296	206	4	5	12	11	6
296	207	4	6	2	7	5
296	208	4	6	3	10	2
296	209	4	6	5	10	7
296	210	4	6	7	5	9
296	211	4	6	8	9	7
296	212	4	6	9	11	8
296	213	4	6	10	8	5
296	214	4	6	11	8	7
296	215	4	6	12	5	2
296	216	4	7	2	6	5
296	217	4	7	3	8	6
296	218	4	7	5	9	8
296	219	4	7	6	12	9
296	220	4	7	8	6	11
296	221	4	7	9	5	6
296	222	4	7	10	12	8
296	223	4	7	11	6	8
296	224	4	7	12	9	10
296	225	4	8	2	7	9
296	226	4	8	3	9	12
296	227	4	8	5	2	3
296	228	4	8	6	7	3
296	229	4	8	7	12	2
296	230	4	8	9	3	10
296	231	4	8	10	12	3
296	232	4	8	11	7	10
296	233	4	8	12	6	2
296	234	4	9	2	10	3
296	235	4	9	3	5	11
296	236	4	9	5	2	12
296	237	4	9	6	12	5
296	238	4	9	7	3	2
296	239	4	9	8	5	10
296	240	4	9	10	3	12
296	241	4	9	11	7	5
296	242	4	9	12	8	10
296	243	4	10	2	6	11
296	244	4	10	3	5	9
296	245	4	10	5	6	8
296	246	4	10	6	12	11
296	247	4	10	7	8	3
296	248	4	10	8	5	3
296	249	4	10	9	11	5
296	250	4	10	11	5	6
296	251	4	10	12	8	7
296	252	4	11	2	10	8
296	253	4	11	3	2	7
296	254	4	11	5	8	3
296	255	4	11	6	9	7
296	256	4	11	7	8	9
296	257	4	11	8	6	9
296	258	4	11	9	2	8
296	259	4	11	10	5	9
296	260	4	11	12	8	5
296	261	4	12	2	5	11
296	262	4	12	3	8	2
296	263	4	12	5	10	2
296	264	4	12	6	11	3
296	265	4	12	7	3	9
296	266	4	12	8	7	11
296	267	4	12	9	2	3
296	268	4	12	10	9	11
296	269	4	12	11	9	3
296	270	5	2	3	6	8
296	271	5	2	4	7	9
296	272	5	2	6	4	7
296	273	5	2	7	11	10
296	274	5	2	8	11	10
296	275	5	2	9	12	7
296	276	5	2	10	12	9
296	277	5	2	11	7	6
296	278	5	2	12	9	7
296	279	5	3	2	12	7
296	280	5	3	4	8	10
296	281	5	3	6	8	2
296	282	5	3	7	9	8
296	283	5	3	8	6	2
296	284	5	3	9	8	11
296	285	5	3	10	2	6
296	286	5	3	11	6	4
296	287	5	3	12	8	7
296	288	5	4	2	10	9
296	289	5	4	3	6	11
296	290	5	4	6	10	2
296	291	5	4	7	11	12
296	292	5	4	8	6	9
296	293	5	4	9	12	6
296	294	5	4	10	3	12
296	295	5	4	11	2	12
296	296	5	4	12	11	8
296	297	5	6	2	11	10
296	298	5	6	3	11	10
296	299	5	6	4	7	3
296	300	5	6	7	9	2
296	301	5	6	8	4	12
296	302	5	6	9	8	10
296	303	5	6	10	9	4
296	304	5	6	11	4	12
296	305	5	6	12	3	4
296	306	5	7	2	10	6
296	307	5	7	3	4	9
296	308	5	7	4	3	12
296	309	5	7	6	2	12
296	310	5	7	8	6	3
296	311	5	7	9	3	6
296	312	5	7	10	2	3
296	313	5	7	11	2	6
296	314	5	7	12	11	8
296	315	5	8	2	11	7
296	316	5	8	3	2	4
296	317	5	8	4	7	12
296	318	5	8	6	9	11
296	319	5	8	7	10	12
296	320	5	8	9	7	11
296	321	5	8	10	9	2
296	322	5	8	11	4	9
296	323	5	8	12	10	6
296	324	5	9	2	7	4
296	325	5	9	3	12	11
296	326	5	9	4	10	2
296	327	5	9	6	7	10
296	328	5	9	7	6	8
296	329	5	9	8	2	6
296	330	5	9	10	8	11
296	331	5	9	11	7	4
296	332	5	9	12	7	11
296	333	5	10	2	9	7
296	334	5	10	3	9	8
296	335	5	10	4	6	11
296	336	5	10	6	12	3
296	337	5	10	7	8	2
296	338	5	10	8	12	7
296	339	5	10	9	12	4
296	340	5	10	11	7	3
296	341	5	10	12	4	2
296	342	5	11	2	4	9
296	343	5	11	3	6	8
296	344	5	11	4	3	10
296	345	5	11	6	10	4
296	346	5	11	7	10	3
296	347	5	11	8	6	9
296	348	5	11	9	2	4
296	349	5	11	10	6	8
296	350	5	11	12	8	10
296	351	5	12	2	4	11
296	352	5	12	3	6	9
296	353	5	12	4	11	7
296	354	5	12	6	2	7
296	355	5	12	7	2	9
296	356	5	12	8	11	2
296	357	5	12	9	2	10
296	358	5	12	10	3	2
296	359	5	12	11	7	2
296	360	6	2	3	7	5
296	361	6	2	4	9	12
296	362	6	2	5	3	9
296	363	6	2	7	5	9
296	364	6	2	8	5	4
296	365	6	2	9	11	12
296	366	6	2	10	3	5
296	367	6	2	11	5	12
296	368	6	2	12	10	5
296	369	6	3	2	12	8
296	370	6	3	4	7	12
296	371	6	3	5	9	8
296	372	6	3	7	5	2
296	373	6	3	8	12	4
296	374	6	3	9	10	12
296	375	6	3	10	11	5
296	376	6	3	11	9	4
296	377	6	3	12	11	8
296	378	6	4	2	11	8
296	379	6	4	3	11	2
296	380	6	4	5	10	2
296	381	6	4	7	8	11
296	382	6	4	8	7	10
296	383	6	4	9	5	10
296	384	6	4	10	9	7
296	385	6	4	11	10	2
296	386	6	4	12	9	10
296	387	6	5	2	8	3
296	388	6	5	3	10	4
296	389	6	5	4	3	7
296	390	6	5	7	12	2
296	391	6	5	8	7	9
296	392	6	5	9	11	3
296	393	6	5	10	8	12
296	394	6	5	11	12	10
296	395	6	5	12	4	10
296	396	6	7	2	12	4
296	397	6	7	3	4	11
296	398	6	7	4	8	5
296	399	6	7	5	3	9
296	400	6	7	8	3	4
296	401	6	7	9	4	8
296	402	6	7	10	2	5
296	403	6	7	11	5	2
296	404	6	7	12	2	5
296	405	6	8	2	5	9
296	406	6	8	3	9	10
296	407	6	8	4	5	7
296	408	6	8	5	9	12
296	409	6	8	7	5	10
296	410	6	8	9	11	2
296	411	6	8	10	9	11
296	412	6	8	11	2	5
296	413	6	8	12	3	5
296	414	6	9	2	11	7
296	415	6	9	3	4	11
296	416	6	9	4	10	8
296	417	6	9	5	12	3
296	418	6	9	7	2	11
296	419	6	9	8	12	4
296	420	6	9	10	5	12
296	421	6	9	11	8	10
296	422	6	9	12	4	5
296	423	6	10	2	8	9
296	424	6	10	3	5	4
296	425	6	10	4	3	8
296	426	6	10	5	3	9
296	427	6	10	7	11	5
296	428	6	10	8	7	4
296	429	6	10	9	2	3
296	430	6	10	11	9	12
296	431	6	10	12	7	3
296	432	6	11	2	3	12
296	433	6	11	3	4	7
296	434	6	11	4	8	10
296	435	6	11	5	2	12
296	436	6	11	7	12	2
296	437	6	11	8	9	5
296	438	6	11	9	4	12
296	439	6	11	10	7	2
296	440	6	11	12	5	4
296	441	6	12	2	8	7
296	442	6	12	3	4	2
296	443	6	12	4	7	10
296	444	6	12	5	2	11
296	445	6	12	7	9	11
296	446	6	12	8	4	10
296	447	6	12	9	8	2
296	448	6	12	10	11	3
296	449	6	12	11	3	10
296	450	7	2	3	12	11
296	451	7	2	4	11	8
296	452	7	2	5	3	4
296	453	7	2	6	8	4
296	454	7	2	8	3	12
296	455	7	2	9	3	6
296	456	7	2	10	5	12
296	457	7	2	11	10	6
296	458	7	2	12	3	9
296	459	7	3	2	5	4
296	460	7	3	4	6	11
296	461	7	3	5	6	12
296	462	7	3	6	9	5
296	463	7	3	8	2	4
296	464	7	3	9	6	2
296	465	7	3	10	12	6
296	466	7	3	11	10	5
296	467	7	3	12	8	10
296	468	7	4	2	11	12
296	469	7	4	3	9	8
296	470	7	4	5	10	9
296	471	7	4	6	10	12
296	472	7	4	8	6	11
296	473	7	4	9	2	10
296	474	7	4	10	11	3
296	475	7	4	11	12	5
296	476	7	4	12	6	11
296	477	7	5	2	4	9
296	478	7	5	3	12	4
296	479	7	5	4	3	9
296	480	7	5	6	2	11
296	481	7	5	8	2	4
296	482	7	5	9	4	2
296	483	7	5	10	9	4
296	484	7	5	11	8	10
296	485	7	5	12	4	9
296	486	7	6	2	5	11
296	487	7	6	3	8	5
296	488	7	6	4	10	2
296	489	7	6	5	12	8
296	490	7	6	8	10	11
296	491	7	6	9	4	8
296	492	7	6	10	4	8
296	493	7	6	11	8	3
296	494	7	6	12	2	9
296	495	7	8	2	6	10
296	496	7	8	3	5	2
296	497	7	8	4	5	12
296	498	7	8	5	4	11
296	499	7	8	6	4	3
296	500	7	8	9	2	10
296	501	7	8	10	3	2
296	502	7	8	11	4	12
296	503	7	8	12	2	11
296	504	7	9	2	8	6
296	505	7	9	3	8	2
296	506	7	9	4	11	6
296	507	7	9	5	6	11
296	508	7	9	6	4	2
296	509	7	9	8	10	4
296	510	7	9	10	3	6
296	511	7	9	11	2	4
296	512	7	9	12	2	5
296	513	7	10	2	12	3
296	514	7	10	3	12	11
296	515	7	10	4	5	2
296	516	7	10	5	4	2
296	517	7	10	6	8	12
296	518	7	10	8	3	5
296	519	7	10	9	2	12
296	520	7	10	11	8	5
296	521	7	10	12	4	6
296	522	7	11	2	12	3
296	523	7	11	3	9	4
296	524	7	11	4	6	10
296	525	7	11	5	10	6
296	526	7	11	6	4	8
296	527	7	11	8	6	3
296	528	7	11	9	2	3
296	529	7	11	10	6	12
296	530	7	11	12	3	10
296	531	7	12	2	5	10
296	532	7	12	3	11	10
296	533	7	12	4	3	11
296	534	7	12	5	2	10
296	535	7	12	6	3	2
296	536	7	12	8	10	4
296	537	7	12	9	10	3
296	538	7	12	10	4	6
296	539	7	12	11	3	6
296	540	8	2	3	5	7
296	541	8	2	4	5	11
296	542	8	2	5	7	11
296	543	8	2	6	12	3
296	544	8	2	7	3	10
296	545	8	2	9	6	10
296	546	8	2	10	3	9
296	547	8	2	11	5	10
296	548	8	2	12	11	9
296	549	8	3	2	12	10
296	550	8	3	4	6	9
296	551	8	3	5	7	10
296	552	8	3	6	7	2
296	553	8	3	7	4	10
296	554	8	3	9	10	11
296	555	8	3	10	5	4
296	556	8	3	11	7	12
296	557	8	3	12	4	7
296	558	8	4	2	6	3
296	559	8	4	3	12	10
296	560	8	4	5	7	6
296	561	8	4	6	5	10
296	562	8	4	7	3	10
296	563	8	4	9	12	5
296	564	8	4	10	9	5
296	565	8	4	11	2	12
296	566	8	4	12	2	7
296	567	8	5	2	7	10
296	568	8	5	3	7	4
296	569	8	5	4	2	3
296	570	8	5	6	2	12
296	571	8	5	7	10	11
296	572	8	5	9	2	4
296	573	8	5	10	4	7
296	574	8	5	11	2	6
296	575	8	5	12	6	11
296	576	8	6	2	5	10
296	577	8	6	3	11	12
296	578	8	6	4	3	12
296	579	8	6	5	3	12
296	580	8	6	7	10	12
296	581	8	6	9	5	2
296	582	8	6	10	7	2
296	583	8	6	11	2	10
296	584	8	6	12	3	2
296	585	8	7	2	11	5
296	586	8	7	3	10	5
296	587	8	7	4	10	9
296	588	8	7	5	9	11
296	589	8	7	6	12	10
296	590	8	7	9	6	12
296	591	8	7	10	6	5
296	592	8	7	11	10	5
296	593	8	7	12	5	9
296	594	8	9	2	6	3
296	595	8	9	3	11	4
296	596	8	9	4	2	6
296	597	8	9	5	6	7
296	598	8	9	6	7	2
296	599	8	9	7	12	5
296	600	8	9	10	3	5
296	601	8	9	11	2	10
296	602	8	9	12	10	3
296	603	8	10	2	3	9
296	604	8	10	3	2	7
296	605	8	10	4	11	2
296	606	8	10	5	2	9
296	607	8	10	6	7	11
296	608	8	10	7	5	6
296	609	8	10	9	11	12
296	610	8	10	11	5	7
296	611	8	10	12	6	2
296	612	8	11	2	5	7
296	613	8	11	3	6	4
296	614	8	11	4	12	5
296	615	8	11	5	2	4
296	616	8	11	6	9	5
296	617	8	11	7	6	10
296	618	8	11	9	3	5
296	619	8	11	10	12	9
296	620	8	11	12	9	5
296	621	8	12	2	7	9
296	622	8	12	3	2	10
296	623	8	12	4	5	11
296	624	8	12	5	2	9
296	625	8	12	6	11	3
296	626	8	12	7	11	9
296	627	8	12	9	3	6
296	628	8	12	10	5	3
296	629	8	12	11	3	4
296	630	9	2	3	11	8
296	631	9	2	4	8	10
296	632	9	2	5	7	6
296	633	9	2	6	5	3
296	634	9	2	7	4	10
296	635	9	2	8	5	4
296	636	9	2	10	7	5
296	637	9	2	11	5	3
296	638	9	2	12	8	6
296	639	9	3	2	4	5
296	640	9	3	4	6	5
296	641	9	3	5	12	6
296	642	9	3	6	12	4
296	643	9	3	7	2	10
296	644	9	3	8	4	2
296	645	9	3	10	4	12
296	646	9	3	11	5	4
296	647	9	3	12	5	8
296	648	9	4	2	12	3
296	649	9	4	3	12	5
296	650	9	4	5	8	11
296	651	9	4	6	3	5
296	652	9	4	7	12	6
296	653	9	4	8	5	7
296	654	9	4	10	7	11
296	655	9	4	11	5	2
296	656	9	4	12	3	7
296	657	9	5	2	4	8
296	658	9	5	3	10	12
296	659	9	5	4	11	8
296	660	9	5	6	12	11
296	661	9	5	7	12	3
296	662	9	5	8	12	3
296	663	9	5	10	7	4
296	664	9	5	11	6	7
296	665	9	5	12	6	4
296	666	9	6	2	5	3
296	667	9	6	3	2	8
296	668	9	6	4	8	2
296	669	9	6	5	12	11
296	670	9	6	7	2	10
296	671	9	6	8	3	7
296	672	9	6	10	3	8
296	673	9	6	11	2	8
296	674	9	6	12	10	3
296	675	9	7	2	8	5
296	676	9	7	3	5	8
296	677	9	7	4	10	8
296	678	9	7	5	6	12
296	679	9	7	6	5	3
296	680	9	7	8	12	6
296	681	9	7	10	8	6
296	682	9	7	11	5	8
296	683	9	7	12	2	10
296	684	9	8	2	12	6
296	685	9	8	3	11	2
296	686	9	8	4	3	6
296	687	9	8	5	7	3
296	688	9	8	6	10	7
296	689	9	8	7	5	4
296	690	9	8	10	2	4
296	691	9	8	11	2	12
296	692	9	8	12	6	2
296	693	9	10	2	4	12
296	694	9	10	3	12	2
296	695	9	10	4	12	2
296	696	9	10	5	12	3
296	697	9	10	6	8	11
296	698	9	10	7	8	3
296	699	9	10	8	5	4
296	700	9	10	11	8	2
296	701	9	10	12	3	8
296	702	9	11	2	12	3
296	703	9	11	3	2	10
296	704	9	11	4	12	8
296	705	9	11	5	3	4
296	706	9	11	6	2	8
296	707	9	11	7	5	10
296	708	9	11	8	5	2
296	709	9	11	10	5	3
296	710	9	11	12	3	8
296	711	9	12	2	10	4
296	712	9	12	3	4	5
296	713	9	12	4	2	7
296	714	9	12	5	10	8
296	715	9	12	6	5	4
296	716	9	12	7	5	3
296	717	9	12	8	6	10
296	718	9	12	10	5	6
296	719	9	12	11	7	8
296	720	10	2	3	5	8
296	721	10	2	4	3	8
296	722	10	2	5	4	3
296	723	10	2	6	3	12
296	724	10	2	7	12	3
296	725	10	2	8	11	9
296	726	10	2	9	7	4
296	727	10	2	11	12	4
296	728	10	2	12	4	5
296	729	10	3	2	7	8
296	730	10	3	4	2	7
296	731	10	3	5	11	8
296	732	10	3	6	7	11
296	733	10	3	7	11	2
296	734	10	3	8	9	7
296	735	10	3	9	12	11
296	736	10	3	11	4	5
296	737	10	3	12	11	2
296	738	10	4	2	3	9
296	739	10	4	3	9	8
296	740	10	4	5	8	2
296	741	10	4	6	5	12
296	742	10	4	7	3	5
296	743	10	4	8	2	12
296	744	10	4	9	3	5
296	745	10	4	11	5	8
296	746	10	4	12	11	6
296	747	10	5	2	12	11
296	748	10	5	3	4	2
296	749	10	5	4	3	7
296	750	10	5	6	7	8
296	751	10	5	7	11	9
296	752	10	5	8	12	3
296	753	10	5	9	6	3
296	754	10	5	11	2	4
296	755	10	5	12	3	8
296	756	10	6	2	4	11
296	757	10	6	3	5	12
296	758	10	6	4	2	9
296	759	10	6	5	9	12
296	760	10	6	7	8	5
296	761	10	6	8	5	4
296	762	10	6	9	11	2
296	763	10	6	11	5	2
296	764	10	6	12	4	3
296	765	10	7	2	3	8
296	766	10	7	3	8	2
296	767	10	7	4	2	5
296	768	10	7	5	3	4
296	769	10	7	6	12	5
296	770	10	7	8	9	12
296	771	10	7	9	3	5
296	772	10	7	11	9	3
296	773	10	7	12	9	3
296	774	10	8	2	3	9
296	775	10	8	3	5	7
296	776	10	8	4	6	5
296	777	10	8	5	12	4
296	778	10	8	6	5	2
296	779	10	8	7	11	6
296	780	10	8	9	6	2
296	781	10	8	11	9	3
296	782	10	8	12	9	5
296	783	10	9	2	5	7
296	784	10	9	3	4	7
296	785	10	9	4	3	11
296	786	10	9	5	6	7
296	787	10	9	6	2	3
296	788	10	9	7	4	11
296	789	10	9	8	6	7
296	790	10	9	11	2	12
296	791	10	9	12	3	5
296	792	10	11	2	7	12
296	793	10	11	3	8	12
296	794	10	11	4	5	3
296	795	10	11	5	4	7
296	796	10	11	6	12	7
296	797	10	11	7	4	8
296	798	10	11	8	6	2
296	799	10	11	9	4	12
296	800	10	11	12	8	4
296	801	10	12	2	11	3
296	802	10	12	3	9	4
296	803	10	12	4	6	7
296	804	10	12	5	6	7
296	805	10	12	6	4	7
296	806	10	12	7	4	5
296	807	10	12	8	3	2
296	808	10	12	9	4	5
296	809	10	12	11	3	9
296	810	11	2	3	4	5
296	811	11	2	4	12	3
296	812	11	2	5	6	7
296	813	11	2	6	4	10
296	814	11	2	7	8	6
296	815	11	2	8	4	10
296	816	11	2	9	5	12
296	817	11	2	10	7	8
296	818	11	2	12	3	10
296	819	11	3	2	5	4
296	820	11	3	4	12	5
296	821	11	3	5	9	8
296	822	11	3	6	2	4
296	823	11	3	7	10	8
296	824	11	3	8	10	12
296	825	11	3	9	10	2
296	826	11	3	10	7	5
296	827	11	3	12	2	8
296	828	11	4	2	5	6
296	829	11	4	3	8	7
296	830	11	4	5	2	9
296	831	11	4	6	3	2
296	832	11	4	7	5	12
296	833	11	4	8	5	10
296	834	11	4	9	7	10
296	835	11	4	10	8	12
296	836	11	4	12	7	3
296	837	11	5	2	7	8
296	838	11	5	3	12	8
296	839	11	5	4	3	2
296	840	11	5	6	3	4
296	841	11	5	7	2	6
296	842	11	5	8	6	4
296	843	11	5	9	4	2
296	844	11	5	10	6	2
296	845	11	5	12	8	6
296	846	11	6	2	3	7
296	847	11	6	3	5	10
296	848	11	6	4	3	10
296	849	11	6	5	10	12
296	850	11	6	7	5	2
296	851	11	6	8	7	3
296	852	11	6	9	5	8
296	853	11	6	10	9	4
296	854	11	6	12	4	9
296	855	11	7	2	8	9
296	856	11	7	3	12	5
296	857	11	7	4	2	5
296	858	11	7	5	2	6
296	859	11	7	6	5	2
296	860	11	7	8	9	2
296	861	11	7	9	2	5
296	862	11	7	10	5	9
296	863	11	7	12	3	6
296	864	11	8	2	4	7
296	865	11	8	3	4	9
296	866	11	8	4	12	6
296	867	11	8	5	6	10
296	868	11	8	6	7	9
296	869	11	8	7	6	3
296	870	11	8	9	4	2
296	871	11	8	10	2	5
296	872	11	8	12	6	5
296	873	11	9	2	8	5
296	874	11	9	3	5	6
296	875	11	9	4	8	6
296	876	11	9	5	2	10
296	877	11	9	6	10	12
296	878	11	9	7	12	3
296	879	11	9	8	7	4
296	880	11	9	10	4	6
296	881	11	9	12	7	3
296	882	11	10	2	8	3
296	883	11	10	3	8	12
296	884	11	10	4	12	7
296	885	11	10	5	8	9
296	886	11	10	6	7	4
296	887	11	10	7	2	8
296	888	11	10	8	12	6
296	889	11	10	9	3	12
296	890	11	10	12	2	5
296	891	11	12	2	6	10
296	892	11	12	3	5	6
296	893	11	12	4	9	10
296	894	11	12	5	10	8
296	895	11	12	6	5	10
296	896	11	12	7	3	10
296	897	11	12	8	4	6
296	898	11	12	9	2	5
296	899	11	12	10	5	9
296	900	12	2	3	9	8
296	901	12	2	4	5	11
296	902	12	2	5	8	11
296	903	12	2	6	7	10
296	904	12	2	7	6	11
296	905	12	2	8	10	11
296	906	12	2	9	7	3
296	907	12	2	10	5	11
296	908	12	2	11	3	8
296	909	12	3	2	6	11
296	910	12	3	4	8	2
296	911	12	3	5	6	2
296	912	12	3	6	2	11
296	913	12	3	7	5	8
296	914	12	3	8	7	10
296	915	12	3	9	4	7
296	916	12	3	10	11	4
296	917	12	3	11	7	9
296	918	12	4	2	3	9
296	919	12	4	3	6	10
296	920	12	4	5	2	9
296	921	12	4	6	5	9
296	922	12	4	7	8	11
296	923	12	4	8	10	9
296	924	12	4	9	2	10
296	925	12	4	10	9	6
296	926	12	4	11	3	5
296	927	12	5	2	8	9
296	928	12	5	3	10	6
296	929	12	5	4	6	3
296	930	12	5	6	3	7
296	931	12	5	7	9	11
296	932	12	5	8	9	10
296	933	12	5	9	6	7
296	934	12	5	10	11	4
296	935	12	5	11	7	6
296	936	12	6	2	8	3
296	937	12	6	3	2	10
296	938	12	6	4	9	2
296	939	12	6	5	4	9
296	940	12	6	7	5	11
296	941	12	6	8	7	2
296	942	12	6	9	3	11
296	943	12	6	10	2	9
296	944	12	6	11	8	3
296	945	12	7	2	6	4
296	946	12	7	3	11	4
296	947	12	7	4	2	6
296	948	12	7	5	2	3
296	949	12	7	6	4	5
296	950	12	7	8	4	3
296	951	12	7	9	10	2
296	952	12	7	10	6	2
296	953	12	7	11	6	5
296	954	12	8	2	5	9
296	955	12	8	3	9	11
296	956	12	8	4	2	10
296	957	12	8	5	4	10
296	958	12	8	6	10	2
296	959	12	8	7	2	4
296	960	12	8	9	4	3
296	961	12	8	10	4	9
296	962	12	8	11	5	7
296	963	12	9	2	10	4
296	964	12	9	3	7	2
296	965	12	9	4	6	8
296	966	12	9	5	11	10
296	967	12	9	6	10	2
296	968	12	9	7	4	6
296	969	12	9	8	3	4
296	970	12	9	10	4	2
296	971	12	9	11	7	8
296	972	12	10	2	6	3
296	973	12	10	3	8	2
296	974	12	10	4	11	9
296	975	12	10	5	2	8
296	976	12	10	6	3	2
296	977	12	10	7	8	3
296	978	12	10	8	2	11
296	979	12	10	9	2	5
296	980	12	10	11	6	2
296	981	12	11	2	8	5
296	982	12	11	3	5	8
296	983	12	11	4	6	5
296	984	12	11	5	3	2
296	985	12	11	6	4	2
296	986	12	11	7	4	9
296	987	12	11	8	2	4
296	988	12	11	9	3	5
296	989	12	11	10	3	9
